Trip_ID,Anomaly_Flag,Anomaly_Score,Anomaly_Status
TRP00001,1,0.0894981236948384,Normal
TRP00002,1,0.12704123458241734,Normal
TRP00003,1,0.13647984972416827,Normal
TRP00004,1,0.16052601253642246,Normal
TRP00005,1,0.1550163565964282,Normal
TRP00006,1,0.10721315807911441,Normal
TRP00007,1,0.1721761337018763,Normal
TRP00008,1,0.16649542557801617,Normal
TRP00009,1,0.06199006764375514,Normal
TRP00010,1,0.14155738726187722,Normal
TRP00011,1,0.13491347942944637,Normal
TRP00012,1,0.1600708678385077,Normal
TRP00013,1,0.16431320147534006,Normal
TRP00014,1,0.12214441791758696,Normal
TRP00015,1,0.04455974037723298,Normal
TRP00016,1,0.10209050022028465,Normal
TRP00017,1,0.05123484742811624,Normal
TRP00018,1,0.1451181041316053,Normal
TRP00019,1,0.13236284586178837,Normal
TRP00020,1,0.15632430188103247,Normal
TRP00021,1,0.05937010375568652,Normal
TRP00022,1,0.09450559962776989,Normal
TRP00023,1,0.11447912712288139,Normal
TRP00024,1,0.0548472995883873,Normal
TRP00025,1,0.0834415244305084,Normal
TRP00026,1,0.09009836607658445,Normal
TRP00027,1,0.14728273413216458,Normal
TRP00028,1,0.12751235512870862,Normal
TRP00029,1,0.12502763391051336,Normal
TRP00030,1,0.1486846110165932,Normal
TRP00031,1,0.17796004319274283,Normal
TRP00032,1,0.02421463658537104,Normal
TRP00033,1,0.17962844103770986,Normal
TRP00034,1,0.133790002672233,Normal
TRP00035,1,0.07451959169140165,Normal
TRP00036,1,0.15335328852442903,Normal
TRP00037,1,0.07446314207799742,Normal
TRP00038,1,0.1717205700877127,Normal
TRP00039,1,0.16899852714067054,Normal
TRP00040,1,0.13762674579182815,Normal
TRP00041,1,0.09011448476013378,Normal
TRP00042,1,0.16818936921506628,Normal
TRP00043,1,0.10009620786702189,Normal
TRP00044,1,0.12911839560717397,Normal
TRP00045,1,0.07624989906360896,Normal
TRP00046,1,0.1543140286676164,Normal
TRP00047,1,0.07371225769296752,Normal
TRP00048,1,0.04396528185520521,Normal
TRP00049,1,0.0717539141255793,Normal
TRP00050,1,0.07182203790063346,Normal
TRP00051,1,0.08732795123669596,Normal
TRP00052,1,0.1434483631059993,Normal
TRP00053,1,0.17232584646992188,Normal
TRP00054,1,0.12037217529895938,Normal
TRP00055,1,0.07602889237077781,Normal
TRP00056,1,0.09919254395923788,Normal
TRP00057,1,0.15034535926165493,Normal
TRP00058,1,0.1557276079126942,Normal
TRP00059,1,0.059228356452078246,Normal
TRP00060,1,0.07371225769296752,Normal
TRP00061,1,0.03530057298706901,Normal
TRP00062,1,0.15198279142710014,Normal
TRP00063,1,0.10214387038892897,Normal
TRP00064,1,0.10089848619681463,Normal
TRP00065,1,0.08844883666021958,Normal
TRP00066,1,0.14290197486662837,Normal
TRP00067,1,0.0457849472977051,Normal
TRP00068,1,0.13170436159286647,Normal
TRP00069,1,0.15044039002486098,Normal
TRP00070,1,0.1548933672184002,Normal
TRP00071,1,0.08285878117364792,Normal
TRP00072,1,0.11746155572803074,Normal
TRP00073,1,0.05690988608826486,Normal
TRP00074,1,0.17136300033843305,Normal
TRP00075,1,0.012031739834649002,Normal
TRP00076,1,0.07461053825292374,Normal
TRP00077,1,0.09931308258972449,Normal
TRP00078,1,0.17714763342034873,Normal
TRP00079,1,0.13390323469400706,Normal
TRP00080,1,0.13663836895720616,Normal
TRP00081,1,0.057024736595255865,Normal
TRP00082,1,0.16529178977037362,Normal
TRP00083,-1,-0.011749564434248794,Anomaly
TRP00084,1,0.0031815849128024043,Normal
TRP00085,1,0.12015830435793895,Normal
TRP00086,1,0.09901335328559113,Normal
TRP00087,1,0.0892967568658316,Normal
TRP00088,1,0.09350597659547444,Normal
TRP00089,1,0.1703515498818296,Normal
TRP00090,1,0.1695490928969839,Normal
TRP00091,1,0.1145008841265151,Normal
TRP00092,1,0.14739892019933692,Normal
TRP00093,1,0.11817460298142779,Normal
TRP00094,1,0.09714911523883624,Normal
TRP00095,1,0.1820733180111403,Normal
TRP00096,1,0.06287718250381169,Normal
TRP00097,1,0.15004604469227256,Normal
TRP00098,1,0.0980071190852258,Normal
TRP00099,1,0.13056256972118868,Normal
TRP00100,1,0.17894351444843015,Normal
TRP00101,1,0.0763301082614462,Normal
TRP00102,1,0.12118140197317129,Normal
TRP00103,1,0.05123484742811624,Normal
TRP00104,1,0.026221327521127158,Normal
TRP00105,1,0.09313678187400887,Normal
TRP00106,1,0.10864947620011328,Normal
TRP00107,1,0.0011810850175796306,Normal
TRP00108,1,0.03557656762441608,Normal
TRP00109,1,0.09940269499190141,Normal
TRP00110,1,0.07363423405235225,Normal
TRP00111,1,0.08120586910945882,Normal
TRP00112,1,0.05829303541912145,Normal
TRP00113,1,0.13941168216500505,Normal
TRP00114,1,0.13556471626655425,Normal
TRP00115,1,0.17267052262774518,Normal
TRP00116,1,0.11454596458985294,Normal
TRP00117,1,0.1637967220418231,Normal
TRP00118,1,0.17390387165785937,Normal
TRP00119,1,0.07875283312612902,Normal
TRP00120,1,0.04481845889374381,Normal
TRP00121,1,0.05311033307695889,Normal
TRP00122,1,0.03300869975598164,Normal
TRP00123,1,0.1702713490444534,Normal
TRP00124,1,0.0785791634320187,Normal
TRP00125,1,0.0569227792973549,Normal
TRP00126,1,0.09791706453105209,Normal
TRP00127,1,0.08263410155323114,Normal
TRP00128,1,0.16112779907349822,Normal
TRP00129,1,0.18338911797813146,Normal
TRP00130,1,0.10238486803554575,Normal
TRP00131,1,0.10187417516300268,Normal
TRP00132,1,0.06386219282664396,Normal
TRP00133,1,0.09593498335272416,Normal
TRP00134,1,0.04399949050672125,Normal
TRP00135,1,0.1826264090620705,Normal
TRP00136,1,0.17426004511350213,Normal
TRP00137,1,0.07500742484812062,Normal
TRP00138,1,0.06603662602576932,Normal
TRP00139,1,0.14996893676973055,Normal
TRP00140,1,0.13558882679768297,Normal
TRP00141,1,0.08039831008824228,Normal
TRP00142,1,0.15114978439338905,Normal
TRP00143,1,0.09357170904713114,Normal
TRP00144,1,0.05272858511719669,Normal
TRP00145,1,0.16703139017222635,Normal
TRP00146,1,0.1655011273849714,Normal
TRP00147,1,0.06172137001235545,Normal
TRP00148,1,0.10032537708826206,Normal
TRP00149,1,0.14673813899195465,Normal
TRP00150,1,0.07023052829737109,Normal
TRP00151,1,0.0025987007488574854,Normal
TRP00152,1,0.12562157581743832,Normal
TRP00153,1,0.17976383612743596,Normal
TRP00154,1,0.1259754633496017,Normal
TRP00155,1,0.03580139956021766,Normal
TRP00156,1,0.10059378239957228,Normal
TRP00157,1,0.15857837721312346,Normal
TRP00158,1,0.009679388849086257,Normal
TRP00159,1,0.10111536186965747,Normal
TRP00160,1,0.10312049115330574,Normal
TRP00161,1,0.1667758033116259,Normal
TRP00162,1,0.030160659214632846,Normal
TRP00163,1,0.10952111725302088,Normal
TRP00164,1,0.1052434130501596,Normal
TRP00165,1,0.10262794963017358,Normal
TRP00166,-1,-0.02573500749680213,Anomaly
TRP00167,1,0.07698546063279765,Normal
TRP00168,1,0.1495278857351222,Normal
TRP00169,1,0.10275379036914267,Normal
TRP00170,1,0.058068920839877025,Normal
TRP00171,1,0.17207819227266302,Normal
TRP00172,1,0.15050104682787208,Normal
TRP00173,1,0.12477988963033493,Normal
TRP00174,1,0.08452358561546153,Normal
TRP00175,1,0.15627012439709587,Normal
TRP00176,-1,-0.0400072156726784,Anomaly
TRP00177,1,0.08782935060264602,Normal
TRP00178,1,0.13365557955087887,Normal
TRP00179,1,0.09326614523285759,Normal
TRP00180,1,0.17333258377037625,Normal
TRP00181,1,0.03785337423066992,Normal
TRP00182,1,0.08936209766639153,Normal
TRP00183,1,0.08609335738308899,Normal
TRP00184,1,0.16291734120464302,Normal
TRP00185,1,0.1649553340573825,Normal
TRP00186,1,0.08797279188703777,Normal
TRP00187,1,0.07439876480561669,Normal
TRP00188,1,0.07412420124228114,Normal
TRP00189,1,0.030353933030803915,Normal
TRP00190,1,0.102420606536824,Normal
TRP00191,1,0.06535639618065825,Normal
TRP00192,1,0.05338992912102691,Normal
TRP00193,1,0.12106969329849787,Normal
TRP00194,1,0.08535474236982399,Normal
TRP00195,1,0.1468308789106607,Normal
TRP00196,1,0.07184469645678182,Normal
TRP00197,1,0.11659351614985919,Normal
TRP00198,1,0.1772197801871248,Normal
TRP00199,1,0.1576673274978832,Normal
TRP00200,1,0.16155109947646074,Normal
TRP00201,1,0.17129763181351088,Normal
TRP00202,1,0.07875283312612902,Normal
TRP00203,-1,-0.04919183697824592,Anomaly
TRP00204,1,0.08390720204951907,Normal
TRP00205,1,0.11440278683461208,Normal
TRP00206,1,0.17684775090363247,Normal
TRP00207,1,0.10486389023353182,Normal
TRP00208,1,0.13290912734574872,Normal
TRP00209,1,0.04715361815520247,Normal
TRP00210,1,0.1261485571882805,Normal
TRP00211,1,0.11798512194295913,Normal
TRP00212,1,0.06137537927542602,Normal
TRP00213,-1,-0.01680088396324997,Anomaly
TRP00214,1,0.15892540257758841,Normal
TRP00215,1,0.08041614173589534,Normal
TRP00216,1,0.05123484742811624,Normal
TRP00217,1,0.1818575861405246,Normal
TRP00218,1,0.11963842132783997,Normal
TRP00219,1,0.08452358561546153,Normal
TRP00220,1,0.1282999414303631,Normal
TRP00221,1,0.1700333226746782,Normal
TRP00222,1,0.12241102495246126,Normal
TRP00223,1,0.12349041224597845,Normal
TRP00224,1,0.14699364675779797,Normal
TRP00225,1,0.10149258018262386,Normal
TRP00226,1,0.08261881927228504,Normal
TRP00227,1,0.15065397678297904,Normal
TRP00228,1,0.1721142030174237,Normal
TRP00229,1,0.07264641829896046,Normal
TRP00230,1,0.08872096017544168,Normal
TRP00231,1,0.166013864557428,Normal
TRP00232,1,0.07296812912041284,Normal
TRP00233,-1,-0.035689823434336576,Anomaly
TRP00234,1,0.10560385488531837,Normal
TRP00235,1,0.15625222683607792,Normal
TRP00236,1,0.044949505873277174,Normal
TRP00237,-1,-0.04461405645547123,Anomaly
TRP00238,1,0.08376671380407541,Normal
TRP00239,1,0.14423675637644,Normal
TRP00240,1,0.12086481692152617,Normal
TRP00241,1,0.1270804919049528,Normal
TRP00242,1,0.04784855185272785,Normal
TRP00243,1,0.15714236202368215,Normal
TRP00244,1,0.1639215887361105,Normal
TRP00245,1,0.08872096017544168,Normal
TRP00246,1,0.16097518815855089,Normal
TRP00247,1,0.047601988949654506,Normal
TRP00248,1,0.1613709476108845,Normal
TRP00249,1,0.1501793430987174,Normal
TRP00250,1,0.051436131198071555,Normal
TRP00251,1,0.11964525133836551,Normal
TRP00252,1,0.11564201175172001,Normal
TRP00253,1,0.09976388994939583,Normal
TRP00254,1,0.06739044340698841,Normal
TRP00255,-1,-0.0010826696048114037,Anomaly
TRP00256,1,0.16026962534466022,Normal
TRP00257,1,0.13915387041161392,Normal
TRP00258,1,0.04376596548275902,Normal
TRP00259,1,0.061319712236033164,Normal
TRP00260,1,0.019230432666093367,Normal
TRP00261,-1,-0.03487809268506037,Anomaly
TRP00262,1,0.10115020098304828,Normal
TRP00263,1,0.07500418127259323,Normal
TRP00264,1,0.025209697024247246,Normal
TRP00265,1,0.13532320428329375,Normal
TRP00266,1,0.18035364668061882,Normal
TRP00267,1,0.12538569492947482,Normal
TRP00268,1,0.02646678089944654,Normal
TRP00269,1,0.09357170904713114,Normal
TRP00270,-1,-0.02832771716997684,Anomaly
TRP00271,1,0.1515221373242056,Normal
TRP00272,1,0.15068230696084722,Normal
TRP00273,1,0.07461053825292374,Normal
TRP00274,1,0.07569736573022329,Normal
TRP00275,1,0.1476620848334106,Normal
TRP00276,1,0.16128314200787242,Normal
TRP00277,-1,-0.0034473947993094445,Anomaly
TRP00278,1,0.17133638739242957,Normal
TRP00279,1,0.14371333471066228,Normal
TRP00280,-1,-0.04773657961842692,Anomaly
TRP00281,1,0.17076314677655668,Normal
TRP00282,1,0.15735703060322304,Normal
TRP00283,1,0.03702180341258554,Normal
TRP00284,1,0.13444794700831464,Normal
TRP00285,1,0.007052193994957268,Normal
TRP00286,1,0.021612211699035044,Normal
TRP00287,1,0.07541386963102265,Normal
TRP00288,1,0.1372004234017487,Normal
TRP00289,1,0.04011625649648887,Normal
TRP00290,1,0.16342544535012632,Normal
TRP00291,1,0.046029206105725806,Normal
TRP00292,1,0.0753698402855269,Normal
TRP00293,1,0.014292818761726944,Normal
TRP00294,1,0.10063164790545609,Normal
TRP00295,1,0.15044624616678087,Normal
TRP00296,1,0.10677805082676473,Normal
TRP00297,1,0.14290244273686753,Normal
TRP00298,1,0.15914790877468937,Normal
TRP00299,1,0.09826254956696517,Normal
TRP00300,1,0.15193370105981513,Normal
TRP00301,1,0.0839277054695251,Normal
TRP00302,1,0.021513924505209836,Normal
TRP00303,1,0.1631421661362895,Normal
TRP00304,1,0.17523491354107007,Normal
TRP00305,1,0.10711476239532958,Normal
TRP00306,1,0.06465436966000804,Normal
TRP00307,1,0.08533409700374778,Normal
TRP00308,1,0.08772994360637087,Normal
TRP00309,1,0.16887133261479154,Normal
TRP00310,1,0.15958667403353377,Normal
TRP00311,1,0.15671322770324686,Normal
TRP00312,1,0.12386788980629004,Normal
TRP00313,1,0.08344696171841376,Normal
TRP00314,1,0.10150791016471278,Normal
TRP00315,1,0.07345710606328049,Normal
TRP00316,1,0.10352668106730933,Normal
TRP00317,1,0.15381549363635988,Normal
TRP00318,1,0.029165583195083444,Normal
TRP00319,1,0.0858631293612121,Normal
TRP00320,1,0.12693309205364445,Normal
TRP00321,1,0.1558358883254473,Normal
TRP00322,1,0.1743452276962924,Normal
TRP00323,1,0.15139688693101921,Normal
TRP00324,1,0.006259662525044396,Normal
TRP00325,1,0.08659290272834108,Normal
TRP00326,1,0.044737123740430595,Normal
TRP00327,1,0.09452873016582958,Normal
TRP00328,1,0.03281106502095399,Normal
TRP00329,1,0.16531292316267482,Normal
TRP00330,1,0.16312355278343948,Normal
TRP00331,1,0.1345324529212103,Normal
TRP00332,1,0.02509262257505629,Normal
TRP00333,1,0.13746723849352538,Normal
TRP00334,1,0.15626729258457062,Normal
TRP00335,1,0.08848309312607755,Normal
TRP00336,1,0.061672030097884245,Normal
TRP00337,1,0.1642976065242615,Normal
TRP00338,1,0.09654680290402867,Normal
TRP00339,1,0.10813244305346775,Normal
TRP00340,1,0.05123484742811624,Normal
TRP00341,1,0.13990919137326396,Normal
TRP00342,-1,-0.047605347921536256,Anomaly
TRP00343,1,0.013771457297968581,Normal
TRP00344,1,0.01113108905589788,Normal
TRP00345,1,0.09355616831620567,Normal
TRP00346,1,0.06649778797866579,Normal
TRP00347,1,0.15520307442382597,Normal
TRP00348,1,0.1512429299107929,Normal
TRP00349,1,0.1764462022303787,Normal
TRP00350,1,0.17559065544607694,Normal
TRP00351,1,0.09574869781612927,Normal
TRP00352,1,0.10642630223482663,Normal
TRP00353,1,0.09125665715958076,Normal
TRP00354,1,0.15612339840868372,Normal
TRP00355,1,0.009298091925428298,Normal
TRP00356,1,0.09487146178991801,Normal
TRP00357,1,0.026520436106189593,Normal
TRP00358,1,0.09727393662245354,Normal
TRP00359,1,0.01894005231121698,Normal
TRP00360,1,0.18334133507818018,Normal
TRP00361,1,0.058006743184094045,Normal
TRP00362,1,0.09648202389909555,Normal
TRP00363,1,0.16633568120655856,Normal
TRP00364,1,0.03571610923525559,Normal
TRP00365,1,0.164659729526843,Normal
TRP00366,1,0.15672932510848253,Normal
TRP00367,1,0.08626993968809182,Normal
TRP00368,1,0.1194327336257981,Normal
TRP00369,1,0.07729694908856427,Normal
TRP00370,1,0.09714911523883624,Normal
TRP00371,1,0.17524153509370521,Normal
TRP00372,1,0.15668577260833078,Normal
TRP00373,1,0.087059675235308,Normal
TRP00374,1,0.046029206105725806,Normal
TRP00375,1,0.06422686527148569,Normal
TRP00376,1,0.10099103887407607,Normal
TRP00377,1,0.17101518904341884,Normal
TRP00378,1,0.14853216732005142,Normal
TRP00379,1,0.01939486816792113,Normal
TRP00380,1,0.1334988193581531,Normal
TRP00381,1,0.08390626949419755,Normal
TRP00382,1,0.10674433190624272,Normal
TRP00383,1,0.16669339130893546,Normal
TRP00384,-1,-0.00019509298945707965,Anomaly
TRP00385,1,0.1697131114588899,Normal
TRP00386,1,0.16727019065695026,Normal
TRP00387,1,0.0599787840969781,Normal
TRP00388,-1,-0.03246284052643711,Anomaly
TRP00389,-1,-0.0007712792854985828,Anomaly
TRP00390,1,0.16447267435661095,Normal
TRP00391,1,0.060922961597081104,Normal
TRP00392,1,0.06403522269760187,Normal
TRP00393,1,0.0769471249153118,Normal
TRP00394,1,0.1772794508890544,Normal
TRP00395,1,0.15634325270108224,Normal
TRP00396,1,0.11260532345535046,Normal
TRP00397,1,0.13011156099730598,Normal
TRP00398,1,0.170359286936484,Normal
TRP00399,1,0.1741773881604426,Normal
TRP00400,1,0.1741108261890667,Normal
TRP00401,1,0.11474346672148183,Normal
TRP00402,1,0.18375629954952755,Normal
TRP00403,1,0.14397580860879405,Normal
TRP00404,1,0.14851064050011487,Normal
TRP00405,1,0.10752382081807066,Normal
TRP00406,1,0.07385527877371179,Normal
TRP00407,1,0.11861424175983798,Normal
TRP00408,1,0.1665851379672474,Normal
TRP00409,-1,-0.052110104472539165,Anomaly
TRP00410,1,0.11585311500090179,Normal
TRP00411,1,0.14940472743935618,Normal
TRP00412,1,0.09050583659274353,Normal
TRP00413,1,0.17056215954420428,Normal
TRP00414,1,0.13859625273823067,Normal
TRP00415,1,0.1663737209389653,Normal
TRP00416,1,0.049625576561370455,Normal
TRP00417,1,0.17334094397332933,Normal
TRP00418,1,0.13653892437101367,Normal
TRP00419,-1,-0.012930441563786976,Anomaly
TRP00420,1,0.08390720204951907,Normal
TRP00421,-1,-0.0025151995263951177,Anomaly
TRP00422,1,0.05123484742811624,Normal
TRP00423,1,0.0763301082614462,Normal
TRP00424,1,0.0271470489392871,Normal
TRP00425,1,0.0888028125441887,Normal
TRP00426,1,0.17301226171549888,Normal
TRP00427,-1,-0.00027086794550934545,Anomaly
TRP00428,1,0.15522511599827382,Normal
TRP00429,1,0.011228813969116125,Normal
TRP00430,1,0.08452358561546153,Normal
TRP00431,1,0.16298963585502668,Normal
TRP00432,1,0.03805966287872542,Normal
TRP00433,1,0.011327770875574128,Normal
TRP00434,1,0.16446569994309995,Normal
TRP00435,1,0.1358434077045918,Normal
TRP00436,1,0.16085934520446782,Normal
TRP00437,1,0.059002179876557426,Normal
TRP00438,1,0.10940029582708782,Normal
TRP00439,1,0.09945835462708441,Normal
TRP00440,-1,-0.0060432978136735205,Anomaly
TRP00441,1,0.1699637070355331,Normal
TRP00442,1,0.09771869365525576,Normal
TRP00443,-1,-0.04110710070674062,Anomaly
TRP00444,1,0.08408797719700878,Normal
TRP00445,1,0.15738037739552357,Normal
TRP00446,1,0.04534192386494962,Normal
TRP00447,1,0.17504723330240896,Normal
TRP00448,1,0.03302486575758801,Normal
TRP00449,1,0.16765942288890612,Normal
TRP00450,-1,-0.01053838590151035,Anomaly
TRP00451,1,0.06031894502118351,Normal
TRP00452,1,0.046051073345865334,Normal
TRP00453,1,0.0814436641981926,Normal
TRP00454,1,0.11339107776073881,Normal
TRP00455,1,0.16155897859446733,Normal
TRP00456,1,0.11136450135042775,Normal
TRP00457,1,0.10409042745198077,Normal
TRP00458,-1,-0.025066338375082986,Anomaly
TRP00459,1,0.16884710595046576,Normal
TRP00460,1,0.170149059380376,Normal
TRP00461,1,0.04221549107476319,Normal
TRP00462,1,0.05882266385526236,Normal
TRP00463,1,0.17619290887705108,Normal
TRP00464,1,0.05159505213315252,Normal
TRP00465,1,0.07421986139633019,Normal
TRP00466,1,0.15863923197002855,Normal
TRP00467,1,0.134042713816437,Normal
TRP00468,1,0.0980071190852258,Normal
TRP00469,1,0.06786342728472816,Normal
TRP00470,1,0.13001454544972918,Normal
TRP00471,1,0.15173861382208248,Normal
TRP00472,1,0.09562131980816724,Normal
TRP00473,-1,-0.002207319489827886,Anomaly
TRP00474,1,0.09996718717078368,Normal
TRP00475,1,0.1834809726845117,Normal
TRP00476,1,0.09718217103615495,Normal
TRP00477,1,0.15589975032554626,Normal
TRP00478,1,0.05933862834580861,Normal
TRP00479,1,0.16772759440480245,Normal
TRP00480,1,0.08332524909536815,Normal
TRP00481,1,0.10975082530094904,Normal
TRP00482,1,0.17049934690713703,Normal
TRP00483,1,0.043210568204373634,Normal
TRP00484,1,0.09357170904713114,Normal
TRP00485,1,0.10271852439338564,Normal
TRP00486,1,0.07788635809419908,Normal
TRP00487,1,0.1327386938139546,Normal
TRP00488,1,0.06664845505944361,Normal
TRP00489,1,0.12488624284151328,Normal
TRP00490,1,0.13284423466396839,Normal
TRP00491,1,0.09810603538296614,Normal
TRP00492,1,0.1419450437439818,Normal
TRP00493,1,0.09564291126342012,Normal
TRP00494,1,0.11262544673863961,Normal
TRP00495,1,0.184387849639903,Normal
TRP00496,1,0.10139502656892763,Normal
TRP00497,1,0.1776035257810319,Normal
TRP00498,1,0.1519965632324165,Normal
TRP00499,1,0.030708197884601662,Normal
TRP00500,1,0.15887626186950382,Normal
TRP00501,1,0.17699709033155353,Normal
TRP00502,1,0.05163383509867403,Normal
TRP00503,1,0.09008720166061895,Normal
TRP00504,1,0.038480020433607987,Normal
TRP00505,1,0.046095456155138326,Normal
TRP00506,1,0.1719576528751997,Normal
TRP00507,1,0.1563518019963609,Normal
TRP00508,1,0.010963874258480555,Normal
TRP00509,1,0.12620708757476945,Normal
TRP00510,1,0.16862604196708214,Normal
TRP00511,1,0.1565878266512431,Normal
TRP00512,1,0.17432945057611304,Normal
TRP00513,-1,-0.061808388459428154,Anomaly
TRP00514,1,0.08171842476279573,Normal
TRP00515,1,0.16857572502428686,Normal
TRP00516,1,0.04074103834925302,Normal
TRP00517,1,0.1735484878713197,Normal
TRP00518,1,0.18165522077896634,Normal
TRP00519,1,0.07877990674802726,Normal
TRP00520,1,0.05123484742811624,Normal
TRP00521,1,0.15531644386645466,Normal
TRP00522,1,0.17457152901254008,Normal
TRP00523,1,0.1766475846879369,Normal
TRP00524,1,0.06590467281680312,Normal
TRP00525,1,0.024890296131006573,Normal
TRP00526,1,0.11773441437016108,Normal
TRP00527,1,0.053677909785509126,Normal
TRP00528,-1,-0.004911344247635063,Anomaly
TRP00529,1,0.17641415750106282,Normal
TRP00530,-1,-0.0071364522211447845,Anomaly
TRP00531,1,0.04100456646611439,Normal
TRP00532,1,0.16518156511912158,Normal
TRP00533,1,0.09919254395923788,Normal
TRP00534,1,0.07385527877371179,Normal
TRP00535,1,0.16355827962959724,Normal
TRP00536,1,0.15756526145476685,Normal
TRP00537,1,0.12850393950857064,Normal
TRP00538,-1,-0.014807572950019443,Anomaly
TRP00539,1,0.11739935850869515,Normal
TRP00540,1,0.10183905865080584,Normal
TRP00541,1,0.1621820409083895,Normal
TRP00542,1,0.08375891527086488,Normal
TRP00543,1,0.10254669579865167,Normal
TRP00544,1,0.0440150326645925,Normal
TRP00545,1,0.15505725607084003,Normal
TRP00546,1,0.18438467254503738,Normal
TRP00547,1,0.13116180786366005,Normal
TRP00548,1,0.09738291151004258,Normal
TRP00549,1,0.13514325984081027,Normal
TRP00550,1,0.06403090003237477,Normal
TRP00551,1,0.17143594317822602,Normal
TRP00552,1,0.10198646548923257,Normal
TRP00553,1,0.017597517847918076,Normal
TRP00554,1,0.08895295418210292,Normal
TRP00555,1,0.052732596062851966,Normal
TRP00556,1,0.13862141886983248,Normal
TRP00557,1,0.03803736627060017,Normal
TRP00558,1,0.05213911592180498,Normal
TRP00559,1,0.12511152342950166,Normal
TRP00560,1,0.08338904762431848,Normal
TRP00561,1,0.11545803686584111,Normal
TRP00562,1,0.15623845593269814,Normal
TRP00563,1,0.11160395240461357,Normal
TRP00564,1,0.09637008427595789,Normal
TRP00565,1,0.13237280232820875,Normal
TRP00566,1,0.05123484742811624,Normal
TRP00567,1,0.09812601791072628,Normal
TRP00568,1,0.07628688928889754,Normal
TRP00569,1,0.051321353305291195,Normal
TRP00570,1,0.07492655251723557,Normal
TRP00571,1,0.1442237640483675,Normal
TRP00572,1,0.023218309699117867,Normal
TRP00573,1,0.0819444865103875,Normal
TRP00574,1,0.14227469140896593,Normal
TRP00575,1,0.13719411007074866,Normal
TRP00576,1,0.09068140765413607,Normal
TRP00577,-1,-0.04475384127174764,Anomaly
TRP00578,1,0.09193519880143247,Normal
TRP00579,1,0.1812716790342258,Normal
TRP00580,1,0.059002179876557426,Normal
TRP00581,1,0.040309508207051925,Normal
TRP00582,1,0.1685958238975318,Normal
TRP00583,1,0.12504281581019633,Normal
TRP00584,1,0.08519129626001554,Normal
TRP00585,1,0.1291737702693052,Normal
TRP00586,1,0.172785881538551,Normal
TRP00587,1,0.028137043358316904,Normal
TRP00588,1,0.15505382790461703,Normal
TRP00589,1,0.1060607201348977,Normal
TRP00590,1,0.09718217103615495,Normal
TRP00591,1,0.10333170650948892,Normal
TRP00592,1,0.12795057244310032,Normal
TRP00593,1,0.09621845134637746,Normal
TRP00594,1,0.07865979958640085,Normal
TRP00595,-1,-0.01359660835666765,Anomaly
TRP00596,1,0.11383224807998432,Normal
TRP00597,1,0.1267024016806269,Normal
TRP00598,1,0.0266453717706856,Normal
TRP00599,1,0.1603542252297021,Normal
TRP00600,1,0.13698149669716125,Normal
TRP00601,1,0.12119729919287392,Normal
TRP00602,1,0.1381787769806022,Normal
TRP00603,1,0.10379079399880575,Normal
TRP00604,1,0.14737214646661084,Normal
TRP00605,1,0.14207602139334702,Normal
TRP00606,1,0.15507328034746032,Normal
TRP00607,1,0.16908133555913013,Normal
TRP00608,1,0.1681210223221497,Normal
TRP00609,1,0.04326560390666201,Normal
TRP00610,1,0.033686976550427405,Normal
TRP00611,1,0.13015761080736388,Normal
TRP00612,1,0.07461053825292374,Normal
TRP00613,1,0.03212019121553655,Normal
TRP00614,1,0.07630346791301468,Normal
TRP00615,1,0.11647797196117005,Normal
TRP00616,1,0.05739129788505515,Normal
TRP00617,1,0.09357170904713114,Normal
TRP00618,1,0.03940889829261718,Normal
TRP00619,-1,-0.033794329190453665,Anomaly
TRP00620,1,0.08283037976389329,Normal
TRP00621,1,0.11553956989835718,Normal
TRP00622,1,0.0031815849128024043,Normal
TRP00623,1,0.1580868698756807,Normal
TRP00624,1,0.15859821609808178,Normal
TRP00625,1,0.18106558092608493,Normal
TRP00626,1,0.08714987834778498,Normal
TRP00627,1,0.13661196427292843,Normal
TRP00628,1,0.04877897042691892,Normal
TRP00629,1,0.04011625649648887,Normal
TRP00630,1,0.04301915745973772,Normal
TRP00631,1,0.10783390827238959,Normal
TRP00632,1,0.053381379074184054,Normal
TRP00633,1,0.13584473529729313,Normal
TRP00634,1,0.11738396323612582,Normal
TRP00635,1,0.16317117439008727,Normal
TRP00636,1,0.03557656762441608,Normal
TRP00637,1,0.11707437253085418,Normal
TRP00638,1,0.1670430490256783,Normal
TRP00639,1,0.05123484742811624,Normal
TRP00640,1,0.06518442650510303,Normal
TRP00641,-1,-0.038442933749636254,Anomaly
TRP00642,1,0.07135836836964105,Normal
TRP00643,1,0.0619419995375573,Normal
TRP00644,1,0.1519342753889934,Normal
TRP00645,1,0.17445586649494343,Normal
TRP00646,1,0.06021581239579077,Normal
TRP00647,1,0.14870478897201622,Normal
TRP00648,1,0.057006568582871786,Normal
TRP00649,1,0.004424472859099748,Normal
TRP00650,-1,-0.023900742222685234,Anomaly
TRP00651,1,0.08609335738308899,Normal
TRP00652,1,0.1699296567541737,Normal
TRP00653,1,0.11542448969474828,Normal
TRP00654,1,0.0960359361856361,Normal
TRP00655,1,0.17126372812896695,Normal
TRP00656,1,0.10137829320821873,Normal
TRP00657,1,0.08681942617967586,Normal
TRP00658,1,0.16250869530290657,Normal
TRP00659,1,0.13700858744264993,Normal
TRP00660,1,0.1435221113657692,Normal
TRP00661,1,0.07812981453644641,Normal
TRP00662,1,0.16518113998727812,Normal
TRP00663,1,0.07464874741520655,Normal
TRP00664,1,0.08666199400600422,Normal
TRP00665,-1,-0.0011159584150468582,Anomaly
TRP00666,1,0.012730690563159897,Normal
TRP00667,1,0.17399751308423222,Normal
TRP00668,1,0.09263093071796547,Normal
TRP00669,1,0.025523663245229367,Normal
TRP00670,1,0.16605432434920836,Normal
TRP00671,1,0.16635832932265676,Normal
TRP00672,1,0.1292821936170881,Normal
TRP00673,1,0.154940521687694,Normal
TRP00674,1,0.06762040565409311,Normal
TRP00675,1,0.08390626949419755,Normal
TRP00676,1,0.14058933944051105,Normal
TRP00677,1,0.058745365716863396,Normal
TRP00678,1,0.15814411610395585,Normal
TRP00679,1,0.17670978295172696,Normal
TRP00680,1,0.182034521146425,Normal
TRP00681,1,0.023243888292607706,Normal
TRP00682,1,0.04358113712079992,Normal
TRP00683,1,0.14142563636597438,Normal
TRP00684,1,0.08324527560703437,Normal
TRP00685,1,0.13543810747689483,Normal
TRP00686,1,0.1353768179414344,Normal
TRP00687,1,0.12967719396468103,Normal
TRP00688,1,0.16326689151657003,Normal
TRP00689,1,0.17233666809945092,Normal
TRP00690,1,0.1125111899440186,Normal
TRP00691,1,0.16308396216698645,Normal
TRP00692,1,0.18062802488423096,Normal
TRP00693,1,0.08390720204951907,Normal
TRP00694,1,0.05851324065086294,Normal
TRP00695,1,0.17045655554581207,Normal
TRP00696,1,0.08101285158251548,Normal
TRP00697,1,0.04006646453752194,Normal
TRP00698,1,0.05316284688347739,Normal
TRP00699,1,0.12181245470205432,Normal
TRP00700,1,0.10862484074425438,Normal
TRP00701,1,0.021510838196843296,Normal
TRP00702,1,0.16210179379038103,Normal
TRP00703,1,0.17254899786073497,Normal
TRP00704,1,0.18306679401401338,Normal
TRP00705,1,0.1484406313068719,Normal
TRP00706,1,0.1628443996243507,Normal
TRP00707,1,0.16983577273129713,Normal
TRP00708,1,0.0985643364610892,Normal
TRP00709,1,0.019353184206743257,Normal
TRP00710,1,0.1226048915346819,Normal
TRP00711,1,0.09151117256663666,Normal
TRP00712,1,0.11266500195884382,Normal
TRP00713,1,0.058006743184094045,Normal
TRP00714,-1,-0.0023075667953892376,Anomaly
TRP00715,1,0.16508508936707622,Normal
TRP00716,1,0.12553096194220337,Normal
TRP00717,1,0.0838718943939718,Normal
TRP00718,1,0.062411599649875416,Normal
TRP00719,1,0.17441541102588975,Normal
TRP00720,1,0.16692491839197487,Normal
TRP00721,1,0.14036306821098676,Normal
TRP00722,1,0.0757514088443314,Normal
TRP00723,1,0.09532420504535982,Normal
TRP00724,1,0.10143016257295279,Normal
TRP00725,1,0.18313274831770332,Normal
TRP00726,1,0.056479616628304585,Normal
TRP00727,1,0.09911119502690907,Normal
TRP00728,1,0.17388024781068617,Normal
TRP00729,1,0.17524547112817468,Normal
TRP00730,-1,-0.07706592705650328,Anomaly
TRP00731,1,0.16755875575588947,Normal
TRP00732,1,0.01575371933319869,Normal
TRP00733,1,0.09452873016582958,Normal
TRP00734,1,0.12364457135919232,Normal
TRP00735,1,0.09727393662245354,Normal
TRP00736,1,0.17157170343799416,Normal
TRP00737,1,0.17807729161026792,Normal
TRP00738,-1,-0.014989078971488934,Anomaly
TRP00739,1,0.09884836778555783,Normal
TRP00740,1,0.10379079399880575,Normal
TRP00741,1,0.17573005750726794,Normal
TRP00742,1,0.1331664326096978,Normal
TRP00743,1,0.17589376910418547,Normal
TRP00744,1,0.15971512419737827,Normal
TRP00745,1,0.17910571627928756,Normal
TRP00746,1,0.003608645657854237,Normal
TRP00747,1,0.13406949730382534,Normal
TRP00748,1,0.07216082557018422,Normal
TRP00749,1,0.09035068326061813,Normal
TRP00750,1,0.15427884480125542,Normal
TRP00751,1,0.09356139420204201,Normal
TRP00752,1,0.09532420504535982,Normal
TRP00753,1,0.10953862696519484,Normal
TRP00754,1,0.15166765774837904,Normal
TRP00755,1,0.06668409049650381,Normal
TRP00756,1,0.08533409700374778,Normal
TRP00757,1,0.06092093013788469,Normal
TRP00758,1,0.06980994119308692,Normal
TRP00759,1,0.12149673117763982,Normal
TRP00760,1,0.1535355988842293,Normal
TRP00761,1,0.15076118435874697,Normal
TRP00762,1,0.07123749724029271,Normal
TRP00763,-1,-0.013778169739259827,Anomaly
TRP00764,1,0.13222939044024068,Normal
TRP00765,1,0.0920609115139634,Normal
TRP00766,1,0.1658335587661507,Normal
TRP00767,1,0.02769678388612451,Normal
TRP00768,1,0.0965389723546079,Normal
TRP00769,1,0.042504047719252536,Normal
TRP00770,1,0.17095458817399095,Normal
TRP00771,1,0.1820960666378557,Normal
TRP00772,1,0.17870844369872885,Normal
TRP00773,1,0.16212974944715214,Normal
TRP00774,1,0.0980071190852258,Normal
TRP00775,1,0.1805250018953497,Normal
TRP00776,1,0.10183240387890691,Normal
TRP00777,1,0.15595755245638687,Normal
TRP00778,1,0.1392540346681545,Normal
TRP00779,1,0.09727393662245354,Normal
TRP00780,1,0.09879451544494144,Normal
TRP00781,1,0.10788527724419983,Normal
TRP00782,1,0.09812601791072628,Normal
TRP00783,1,0.05134375118247314,Normal
TRP00784,1,0.16600199667414856,Normal
TRP00785,1,0.13575306223246952,Normal
TRP00786,1,0.09532420504535982,Normal
TRP00787,1,0.07602889237077781,Normal
TRP00788,1,0.14109173878927128,Normal
TRP00789,1,0.09110396817263794,Normal
TRP00790,1,0.05820337322956082,Normal
TRP00791,1,0.09064541838415802,Normal
TRP00792,1,0.08110790646022936,Normal
TRP00793,1,0.06470646455382811,Normal
TRP00794,-1,-0.012930441563786976,Anomaly
TRP00795,1,0.17553827763846036,Normal
TRP00796,1,0.10262794963017358,Normal
TRP00797,1,0.10838901249792304,Normal
TRP00798,1,0.03893035068762818,Normal
TRP00799,1,0.10106708939071468,Normal
TRP00800,1,0.07829323244099634,Normal
TRP00801,1,0.14097900607465547,Normal
TRP00802,1,0.158440797503338,Normal
TRP00803,1,0.10420771811602059,Normal
TRP00804,1,0.06824609390494396,Normal
TRP00805,1,0.1411277833058298,Normal
TRP00806,1,0.022821574187086857,Normal
TRP00807,-1,-0.05199293164424523,Anomaly
TRP00808,1,0.14287057640847073,Normal
TRP00809,1,0.07267131560430728,Normal
TRP00810,1,0.09689578538153115,Normal
TRP00811,1,0.15179285581861313,Normal
TRP00812,1,0.0979852457497532,Normal
TRP00813,1,0.17643219932973403,Normal
TRP00814,1,0.12066283856150062,Normal
TRP00815,-1,-0.01984888996485945,Anomaly
TRP00816,1,0.15510530794478933,Normal
TRP00817,1,0.179154646956519,Normal
TRP00818,1,0.1804878179111386,Normal
TRP00819,1,0.07053053756865013,Normal
TRP00820,1,0.07177839623662319,Normal
TRP00821,1,0.060522471117864685,Normal
TRP00822,1,0.15806155711005754,Normal
TRP00823,1,0.15545292960662171,Normal
TRP00824,1,0.09232574759211554,Normal
TRP00825,1,0.15795197810732303,Normal
TRP00826,1,0.0739197916648926,Normal
TRP00827,1,0.1710355453722061,Normal
TRP00828,1,0.09574869781612927,Normal
TRP00829,1,0.10634358918500175,Normal
TRP00830,1,0.12972448440362216,Normal
TRP00831,1,0.06496709276652635,Normal
TRP00832,-1,-0.0011744602978298602,Anomaly
TRP00833,1,0.10237351603554534,Normal
TRP00834,1,0.044737123740430595,Normal
TRP00835,1,0.037937150825956945,Normal
TRP00836,1,0.13404277316102065,Normal
TRP00837,1,0.14849710687837409,Normal
TRP00838,1,0.13460727223334468,Normal
TRP00839,1,0.07158548711822121,Normal
TRP00840,1,0.11912770137556755,Normal
TRP00841,1,0.08501691710678427,Normal
TRP00842,1,0.1715198187918588,Normal
TRP00843,1,0.12557997259132858,Normal
TRP00844,1,0.09968392695437939,Normal
TRP00845,1,0.14461346605533376,Normal
TRP00846,1,0.15833066842751686,Normal
TRP00847,1,0.0750632884384459,Normal
TRP00848,1,0.12209408036670277,Normal
TRP00849,1,0.018958026741401013,Normal
TRP00850,1,0.10560939173000478,Normal
TRP00851,1,0.1621758571313387,Normal
TRP00852,1,0.08092475468692095,Normal
TRP00853,1,0.1583540104461006,Normal
TRP00854,1,0.1433963713327444,Normal
TRP00855,1,0.1728553152806715,Normal
TRP00856,1,0.16045482301573466,Normal
TRP00857,1,0.09397259188838863,Normal
TRP00858,1,0.08732795123669596,Normal
TRP00859,1,0.10568125608311241,Normal
TRP00860,1,0.024078123765493786,Normal
TRP00861,1,0.17798834123788404,Normal
TRP00862,1,0.049625576561370455,Normal
TRP00863,1,0.10318990254514454,Normal
TRP00864,1,0.09431797835207034,Normal
TRP00865,1,0.1621269717037595,Normal
TRP00866,1,0.06361139219287237,Normal
TRP00867,1,0.05563688263863564,Normal
TRP00868,1,0.17190109318237234,Normal
TRP00869,1,0.17950264016425455,Normal
TRP00870,1,0.11690944062142039,Normal
TRP00871,1,0.09509037923468833,Normal
TRP00872,1,0.05134375118247314,Normal
TRP00873,1,0.13104126081716755,Normal
TRP00874,1,0.15885913060233148,Normal
TRP00875,1,0.1098622501908254,Normal
TRP00876,1,0.16433583436723498,Normal
TRP00877,-1,-0.033281760908089986,Anomaly
TRP00878,1,0.05502440871555336,Normal
TRP00879,1,0.17647619593211156,Normal
TRP00880,1,0.10280665267881778,Normal
TRP00881,1,0.15396889279837128,Normal
TRP00882,1,0.047400024304484756,Normal
TRP00883,1,0.08714987834778498,Normal
TRP00884,1,0.1136204342539463,Normal
TRP00885,1,0.1618480116842657,Normal
TRP00886,1,0.14725983567732004,Normal
TRP00887,1,0.07813565741741507,Normal
TRP00888,1,0.026734896163019606,Normal
TRP00889,1,0.09574869781612927,Normal
TRP00890,1,0.04218971642011071,Normal
TRP00891,1,0.09375179363492486,Normal
TRP00892,1,0.15009593108359287,Normal
TRP00893,1,0.02588855803916712,Normal
TRP00894,1,0.15288690365635393,Normal
TRP00895,1,0.09799674790604229,Normal
TRP00896,1,0.17592655428582282,Normal
TRP00897,1,0.03321588254085028,Normal
TRP00898,1,0.16551382948174315,Normal
TRP00899,1,0.09589592590126123,Normal
TRP00900,1,0.10016047216605578,Normal
TRP00901,1,0.10647811250040823,Normal
TRP00902,1,0.02517654896122523,Normal
TRP00903,1,0.16052628783179995,Normal
TRP00904,1,0.16891759755296898,Normal
TRP00905,1,0.007664330920203244,Normal
TRP00906,1,0.14895524668361482,Normal
TRP00907,1,0.10384421031641078,Normal
TRP00908,1,0.08681942617967586,Normal
TRP00909,1,0.08504640075369246,Normal
TRP00910,1,0.07892449345193275,Normal
TRP00911,1,0.0763301082614462,Normal
TRP00912,1,0.11500837491595584,Normal
TRP00913,1,0.1809332505931754,Normal
TRP00914,1,0.11528515363920788,Normal
TRP00915,1,0.1348125025664213,Normal
TRP00916,1,0.03649571490282322,Normal
TRP00917,1,0.18361861398912072,Normal
TRP00918,1,0.09918203264921593,Normal
TRP00919,1,0.009680987750699921,Normal
TRP00920,1,0.009037979133016183,Normal
TRP00921,1,0.1786242197121382,Normal
TRP00922,1,0.18116649033788823,Normal
TRP00923,1,0.16970337711789224,Normal
TRP00924,1,0.08895830442329322,Normal
TRP00925,1,0.0720007429886037,Normal
TRP00926,1,0.1575689265913492,Normal
TRP00927,1,0.1655285307303238,Normal
TRP00928,1,0.16872214348731418,Normal
TRP00929,1,0.07640449331341148,Normal
TRP00930,1,0.05724800574171396,Normal
TRP00931,1,0.15985894498274456,Normal
TRP00932,1,0.05055463245944358,Normal
TRP00933,1,0.057688221825031194,Normal
TRP00934,1,0.1414267502107206,Normal
TRP00935,1,0.14383029133191733,Normal
TRP00936,1,0.0599787840969781,Normal
TRP00937,1,0.14435539867077063,Normal
TRP00938,1,0.06043014578077299,Normal
TRP00939,1,0.05069842006561365,Normal
TRP00940,1,0.17581959196341224,Normal
TRP00941,1,0.10268834130296306,Normal
TRP00942,1,0.06021581239579077,Normal
TRP00943,1,0.15533436166901915,Normal
TRP00944,1,0.16232557877953563,Normal
TRP00945,1,0.14428769678460557,Normal
TRP00946,1,0.01141768960653966,Normal
TRP00947,1,0.13137882647524912,Normal
TRP00948,1,0.07412420124228114,Normal
TRP00949,1,0.18087929826048388,Normal
TRP00950,1,0.011891489544651135,Normal
TRP00951,1,0.14784123055780246,Normal
TRP00952,1,0.09945010011966232,Normal
TRP00953,1,0.14402138137404308,Normal
TRP00954,1,0.1486762445501572,Normal
TRP00955,1,0.17263485795492378,Normal
TRP00956,1,0.08615652092086479,Normal
TRP00957,1,0.10736634076979135,Normal
TRP00958,1,0.045831804184604086,Normal
TRP00959,1,0.08818423166210776,Normal
TRP00960,1,0.06172137001235545,Normal
TRP00961,1,0.1563098075921342,Normal
TRP00962,1,0.07648259547389152,Normal
TRP00963,1,0.13388584640429768,Normal
TRP00964,1,0.12179608570757844,Normal
TRP00965,1,0.1600531748210383,Normal
TRP00966,-1,-0.01680088396324997,Anomaly
TRP00967,1,0.03953691613056676,Normal
TRP00968,1,0.17522421403466,Normal
TRP00969,1,0.10629240319529742,Normal
TRP00970,1,0.10089848619681463,Normal
TRP00971,1,0.0763301082614462,Normal
TRP00972,1,0.07212901452985443,Normal
TRP00973,1,0.09644767830862538,Normal
TRP00974,1,0.13360109979910606,Normal
TRP00975,1,0.14362866734406593,Normal
TRP00976,1,0.17246651255958778,Normal
TRP00977,1,0.1747015743063019,Normal
TRP00978,1,0.042716022914637164,Normal
TRP00979,1,0.0920609115139634,Normal
TRP00980,1,0.14016021881900959,Normal
TRP00981,1,0.18728703019830212,Normal
TRP00982,1,0.15054055042017567,Normal
TRP00983,1,0.16372696464808978,Normal
TRP00984,-1,-0.014989078971488934,Anomaly
TRP00985,1,0.054945501227163684,Normal
TRP00986,1,0.1404457814510558,Normal
TRP00987,1,0.10434437228167281,Normal
TRP00988,1,0.10595223090644557,Normal
TRP00989,1,0.14121507206169387,Normal
TRP00990,1,0.13445248312032848,Normal
TRP00991,1,0.1673210858890385,Normal
TRP00992,1,0.16828500455680706,Normal
TRP00993,1,0.15878916837455542,Normal
TRP00994,1,0.1714333471539896,Normal
TRP00995,-1,-0.0060432978136735205,Anomaly
TRP00996,1,0.01649380114180299,Normal
TRP00997,1,0.0992490472725932,Normal
TRP00998,-1,-0.011991780006228692,Anomaly
TRP00999,1,0.1738955980828163,Normal
TRP01000,1,0.1600855715461827,Normal
TRP01001,1,0.17012622390209492,Normal
TRP01002,1,0.16624001936601518,Normal
TRP01003,1,0.09705485590400903,Normal
TRP01004,1,0.1671640579445689,Normal
TRP01005,1,0.05134375118247314,Normal
TRP01006,1,0.03804534384439395,Normal
TRP01007,1,0.10183240387890691,Normal
TRP01008,1,0.11285470691493904,Normal
TRP01009,1,0.1603520217487555,Normal
TRP01010,1,0.08593512118567792,Normal
TRP01011,1,0.09683501462789551,Normal
TRP01012,1,0.05415516206779303,Normal
TRP01013,1,0.0031815849128024043,Normal
TRP01014,1,0.16742816816716177,Normal
TRP01015,1,0.16038968262279646,Normal
TRP01016,1,0.17296705092854636,Normal
TRP01017,1,0.11582420162279017,Normal
TRP01018,1,0.14596004737055346,Normal
TRP01019,1,0.16094061775863494,Normal
TRP01020,1,0.1470711758891841,Normal
TRP01021,1,0.16773862931223232,Normal
TRP01022,1,0.06172137001235545,Normal
TRP01023,1,0.16372196045309528,Normal
TRP01024,1,0.016981823341748248,Normal
TRP01025,1,0.1670008617677291,Normal
TRP01026,1,0.13317442376555766,Normal
TRP01027,1,0.030708197884601662,Normal
TRP01028,1,0.13988849687036525,Normal
TRP01029,1,0.16430863147364944,Normal
TRP01030,1,0.05325135553283644,Normal
TRP01031,1,0.045917685477654735,Normal
TRP01032,1,0.028648080744142712,Normal
TRP01033,1,0.10218008963519348,Normal
TRP01034,1,0.10084521291702692,Normal
TRP01035,1,0.1686378169541506,Normal
TRP01036,1,0.177673351748304,Normal
TRP01037,1,0.10650961098395995,Normal
TRP01038,1,0.15310159768497972,Normal
TRP01039,1,0.1628218795283108,Normal
TRP01040,1,0.14786124492568953,Normal
TRP01041,1,0.09728045833000964,Normal
TRP01042,1,0.11839206119357415,Normal
TRP01043,1,0.15062781455339247,Normal
TRP01044,1,0.1515596080112553,Normal
TRP01045,1,0.16477885432885853,Normal
TRP01046,1,0.15826072753930415,Normal
TRP01047,1,0.12036105278362375,Normal
TRP01048,1,0.1778219373121701,Normal
TRP01049,1,0.06987511989508555,Normal
TRP01050,1,0.08501691710678427,Normal
TRP01051,1,0.07493783924070041,Normal
TRP01052,1,0.11639880208920028,Normal
TRP01053,1,0.07404901833558708,Normal
TRP01054,1,0.15837452057325768,Normal
TRP01055,1,0.1722596797554813,Normal
TRP01056,1,0.0461154925387125,Normal
TRP01057,1,0.1186718876183881,Normal
TRP01058,1,0.12007472165227934,Normal
TRP01059,1,0.17270408563289535,Normal
TRP01060,1,0.002468330996290735,Normal
TRP01061,1,0.08286593839305362,Normal
TRP01062,1,0.14933953591001525,Normal
TRP01063,1,0.1701726762640639,Normal
TRP01064,1,0.1690071427639262,Normal
TRP01065,1,0.10212668378731177,Normal
TRP01066,1,0.08456130889655478,Normal
TRP01067,1,0.12867653312369004,Normal
TRP01068,1,0.02740733017980257,Normal
TRP01069,1,0.05123484742811624,Normal
TRP01070,1,0.16874858360772066,Normal
TRP01071,-1,-0.00874993224783105,Anomaly
TRP01072,1,0.09931308258972449,Normal
TRP01073,1,0.06591281965190143,Normal
TRP01074,1,0.0979852457497532,Normal
TRP01075,1,0.1668793727243355,Normal
TRP01076,1,0.10446720561328005,Normal
TRP01077,1,0.019353184206743257,Normal
TRP01078,1,0.08839793292229103,Normal
TRP01079,1,0.06857058170017594,Normal
TRP01080,1,0.04857980738256085,Normal
TRP01081,-1,-0.03189334261906551,Anomaly
TRP01082,1,0.03942614756432561,Normal
TRP01083,1,0.10434956872150891,Normal
TRP01084,1,0.036701377773432076,Normal
TRP01085,1,0.1380019355177462,Normal
TRP01086,1,0.18026537271276066,Normal
TRP01087,1,0.023693080168512348,Normal
TRP01088,1,0.16479396830128307,Normal
TRP01089,1,0.09218936860681487,Normal
TRP01090,1,0.09126868917036546,Normal
TRP01091,1,0.15330472051932675,Normal
TRP01092,1,0.1740732549721128,Normal
TRP01093,1,0.18252874361368948,Normal
TRP01094,1,0.15305964550867418,Normal
TRP01095,1,0.08694072882006554,Normal
TRP01096,1,0.02769799185929467,Normal
TRP01097,1,0.09410352261845356,Normal
TRP01098,1,0.1367853082393916,Normal
TRP01099,1,0.13631406493425324,Normal
TRP01100,-1,-0.014989078971488934,Anomaly
TRP01101,1,0.10912422452514475,Normal
TRP01102,1,0.01041306901980088,Normal
TRP01103,1,0.14185329594782636,Normal
TRP01104,1,0.08713980153187645,Normal
TRP01105,1,0.17982917761587203,Normal
TRP01106,1,0.08286593839305362,Normal
TRP01107,1,0.049103090967344776,Normal
TRP01108,1,0.017372770227872092,Normal
TRP01109,1,0.1281275635893565,Normal
TRP01110,1,0.07719570296289929,Normal
TRP01111,1,0.07613504307858276,Normal
TRP01112,1,0.0763301082614462,Normal
TRP01113,1,0.1837201740545677,Normal
TRP01114,1,0.048113039433778204,Normal
TRP01115,1,0.053381379074184054,Normal
TRP01116,1,0.0865143647358817,Normal
TRP01117,1,0.14842500515622004,Normal
TRP01118,1,0.04416715492015855,Normal
TRP01119,1,0.13458549683794446,Normal
TRP01120,1,0.009680987750699921,Normal
TRP01121,1,0.15411068247791931,Normal
TRP01122,1,0.0838718943939718,Normal
TRP01123,1,0.12061025954554405,Normal
TRP01124,1,0.10781427323251358,Normal
TRP01125,-1,-0.03797710539058985,Anomaly
TRP01126,1,0.12745111639236595,Normal
TRP01127,1,0.048788840897733166,Normal
TRP01128,1,0.16677693980520786,Normal
TRP01129,1,0.05460910223939597,Normal
TRP01130,1,0.007197536057738763,Normal
TRP01131,1,0.09894843904239314,Normal
TRP01132,1,0.08221743161272516,Normal
TRP01133,1,0.17408996661800186,Normal
TRP01134,1,0.17530855182134736,Normal
TRP01135,1,0.030262983614832484,Normal
TRP01136,1,0.07602889237077781,Normal
TRP01137,-1,-0.030593983603917407,Anomaly
TRP01138,1,0.07952143909742487,Normal
TRP01139,1,0.09652714056946171,Normal
TRP01140,1,0.07392037154136843,Normal
TRP01141,1,0.0741215119866474,Normal
TRP01142,1,0.10321354985829656,Normal
TRP01143,1,0.14234946115755553,Normal
TRP01144,1,0.0062274045981777215,Normal
TRP01145,1,0.11949808997074224,Normal
TRP01146,1,0.16473707808003007,Normal
TRP01147,1,0.0077775357772913445,Normal
TRP01148,1,0.12199597767856435,Normal
TRP01149,1,0.17381932453380788,Normal
TRP01150,1,0.1042966290483282,Normal
TRP01151,1,0.012222491838466243,Normal
TRP01152,1,0.15699348149346176,Normal
TRP01153,1,0.07444232327291522,Normal
TRP01154,1,0.14616581529411232,Normal
TRP01155,1,0.060736065924374416,Normal
TRP01156,1,0.17797453397668767,Normal
TRP01157,1,0.07761139234125353,Normal
TRP01158,1,0.14844523677294025,Normal
TRP01159,1,0.09829029375918119,Normal
TRP01160,1,0.175230166082665,Normal
TRP01161,1,0.10677276037727745,Normal
TRP01162,1,0.15359395858255465,Normal
TRP01163,1,0.10111536186965747,Normal
TRP01164,1,0.17426438781628723,Normal
TRP01165,1,0.14421075286277296,Normal
TRP01166,1,0.16680385702739903,Normal
TRP01167,1,0.13551636134666756,Normal
TRP01168,1,0.0757514088443314,Normal
TRP01169,1,0.10032602722784778,Normal
TRP01170,1,0.05820337322956082,Normal
TRP01171,1,0.0386987754209871,Normal
TRP01172,1,0.07777234399775262,Normal
TRP01173,1,0.05011673605040767,Normal
TRP01174,1,0.1739455346130533,Normal
TRP01175,1,0.10603358307839911,Normal
TRP01176,1,0.12342674450179603,Normal
TRP01177,1,0.17876723459223554,Normal
TRP01178,1,0.07645409027568073,Normal
TRP01179,1,0.1609368343367955,Normal
TRP01180,1,0.14299999624602028,Normal
TRP01181,1,0.15820478633840857,Normal
TRP01182,1,0.09059078564181444,Normal
TRP01183,1,0.07500418127259323,Normal
TRP01184,1,0.17858379584281414,Normal
TRP01185,1,0.08989880282923979,Normal
TRP01186,1,0.10214387038892897,Normal
TRP01187,1,0.13915937679474677,Normal
TRP01188,1,0.1322435502769232,Normal
TRP01189,1,0.10976110272466061,Normal
TRP01190,1,0.15449741190634692,Normal
TRP01191,1,0.17953966616658257,Normal
TRP01192,1,0.08825450660868861,Normal
TRP01193,1,0.04082293681118265,Normal
TRP01194,1,0.1793788183268331,Normal
TRP01195,1,0.1620365330878792,Normal
TRP01196,1,0.08782935060264602,Normal
TRP01197,1,0.1453004046943035,Normal
TRP01198,1,0.06375551907545673,Normal
TRP01199,1,0.05311033307695889,Normal
TRP01200,1,0.05176104109778157,Normal
TRP01201,1,0.1585733531658693,Normal
TRP01202,1,0.13664781273545212,Normal
TRP01203,1,0.14884285672030317,Normal
TRP01204,1,0.13759297601247883,Normal
TRP01205,1,0.055746475239796145,Normal
TRP01206,1,0.16120450878962322,Normal
TRP01207,1,0.1531788530592067,Normal
TRP01208,1,0.08591158562194345,Normal
TRP01209,1,0.12375370457936063,Normal
TRP01210,1,0.17846137550455948,Normal
TRP01211,1,0.10832429402043081,Normal
TRP01212,1,0.13083197340642228,Normal
TRP01213,1,0.05629963851801956,Normal
TRP01214,1,0.16697553037633978,Normal
TRP01215,1,0.09996718717078368,Normal
TRP01216,1,0.15611259448846926,Normal
TRP01217,1,0.010197025654062886,Normal
TRP01218,-1,-0.04184340720057278,Anomaly
TRP01219,1,0.12540191764441477,Normal
TRP01220,1,0.11057308807702637,Normal
TRP01221,1,0.17112887893814432,Normal
TRP01222,1,0.140885132169767,Normal
TRP01223,1,0.14553686665791016,Normal
TRP01224,1,0.08509275678643136,Normal
TRP01225,1,0.08337289365236411,Normal
TRP01226,1,0.01889127752540387,Normal
TRP01227,1,0.08143140250011532,Normal
TRP01228,1,0.10032602722784778,Normal
TRP01229,1,0.03143771025376252,Normal
TRP01230,1,0.09241917326280824,Normal
TRP01231,1,0.14980217065944684,Normal
TRP01232,1,0.10209050022028465,Normal
TRP01233,1,0.1457136038030435,Normal
TRP01234,1,0.039477476951217616,Normal
TRP01235,1,0.07023052829737109,Normal
TRP01236,1,0.020242732084534865,Normal
TRP01237,1,0.08825450660868861,Normal
TRP01238,1,0.18178040255814165,Normal
TRP01239,1,0.17032636774216148,Normal
TRP01240,1,0.17890138822911833,Normal
TRP01241,1,0.0474179207961023,Normal
TRP01242,1,0.15999908239967753,Normal
TRP01243,1,0.06137537927542602,Normal
TRP01244,1,0.0448130534084652,Normal
TRP01245,-1,-0.011383186274385726,Anomaly
TRP01246,1,0.010149114359538691,Normal
TRP01247,1,0.15666709105899795,Normal
TRP01248,1,0.11823311093641958,Normal
TRP01249,1,0.1308019089933229,Normal
TRP01250,1,0.05123484742811624,Normal
TRP01251,1,0.13951336041691187,Normal
TRP01252,1,0.15303803918087644,Normal
TRP01253,1,0.12566321138369185,Normal
TRP01254,1,0.16202817775805833,Normal
TRP01255,1,0.10032602722784778,Normal
TRP01256,1,0.1697999101925035,Normal
TRP01257,1,0.09657742176807471,Normal
TRP01258,1,0.041227048914945996,Normal
TRP01259,1,0.07659377613387391,Normal
TRP01260,1,0.04754431740486498,Normal
TRP01261,1,0.09484438469623063,Normal
TRP01262,1,0.1342654954982898,Normal
TRP01263,1,0.1417470303841511,Normal
TRP01264,1,0.16812616938686348,Normal
TRP01265,1,0.14691060619158564,Normal
TRP01266,1,0.01129520148555474,Normal
TRP01267,1,0.10268927691547147,Normal
TRP01268,1,0.1666699062436014,Normal
TRP01269,1,0.1365437013604499,Normal
TRP01270,1,0.1717156033892807,Normal
TRP01271,1,0.08592473330292666,Normal
TRP01272,1,0.051436131198071555,Normal
TRP01273,1,0.0753698402855269,Normal
TRP01274,1,0.0027896380955299005,Normal
TRP01275,1,0.11372152298129756,Normal
TRP01276,1,0.1448016879906343,Normal
TRP01277,1,0.13376109966966204,Normal
TRP01278,1,0.08337289365236411,Normal
TRP01279,1,0.0374723318051885,Normal
TRP01280,1,0.1270117073651661,Normal
TRP01281,1,0.11229618361257004,Normal
TRP01282,1,0.10243796292342167,Normal
TRP01283,1,0.08286593839305362,Normal
TRP01284,1,0.171141967395735,Normal
TRP01285,1,0.06665326155204854,Normal
TRP01286,1,0.05123484742811624,Normal
TRP01287,1,0.08782935060264602,Normal
TRP01288,1,0.1657868279728258,Normal
TRP01289,1,0.08770201155246232,Normal
TRP01290,1,0.11773441437016108,Normal
TRP01291,1,0.16316861975724023,Normal
TRP01292,1,0.09901335328559113,Normal
TRP01293,1,0.0599787840969781,Normal
TRP01294,1,0.12743904527701938,Normal
TRP01295,1,0.15785566042127647,Normal
TRP01296,-1,-0.0365676019863207,Anomaly
TRP01297,1,0.08237465232275332,Normal
TRP01298,1,0.08017320546140927,Normal
TRP01299,1,0.07711582555387297,Normal
TRP01300,1,0.11246320230164591,Normal
TRP01301,-1,-0.004739322414849534,Anomaly
TRP01302,1,0.04211154647260329,Normal
TRP01303,1,0.18464843555134547,Normal
TRP01304,1,0.07578909578873588,Normal
TRP01305,1,0.08991916631571395,Normal
TRP01306,1,0.18080066681008444,Normal
TRP01307,1,0.029396032036431263,Normal
TRP01308,1,0.009930213933669219,Normal
TRP01309,1,0.18353847387996675,Normal
TRP01310,1,0.16416405903646403,Normal
TRP01311,1,0.06958156500226709,Normal
TRP01312,1,0.11586099777610664,Normal
TRP01313,1,0.14722942495732044,Normal
TRP01314,1,0.05258636298121133,Normal
TRP01315,1,0.18132305117798841,Normal
TRP01316,1,0.1618738685561189,Normal
TRP01317,1,0.16505073358600092,Normal
TRP01318,1,0.17549933718262395,Normal
TRP01319,1,0.13983973199841998,Normal
TRP01320,1,0.04011625649648887,Normal
TRP01321,1,0.1456959104340661,Normal
TRP01322,1,0.1454993730173706,Normal
TRP01323,1,0.08396696992632108,Normal
TRP01324,1,0.023693080168512348,Normal
TRP01325,1,0.10545023243952761,Normal
TRP01326,1,0.08069252908070934,Normal
TRP01327,1,0.07501611901007055,Normal
TRP01328,1,0.05544000832650364,Normal
TRP01329,1,0.12182955271120421,Normal
TRP01330,1,0.1119863569514668,Normal
TRP01331,1,0.12909835010581028,Normal
TRP01332,1,0.09606458805799695,Normal
TRP01333,1,0.13596753144542834,Normal
TRP01334,1,0.11132223752971987,Normal
TRP01335,1,0.037937150825956945,Normal
TRP01336,1,0.08811211689286735,Normal
TRP01337,1,0.13636821236927799,Normal
TRP01338,1,0.13303645303039335,Normal
TRP01339,1,0.17889741369587997,Normal
TRP01340,1,0.16281772695406482,Normal
TRP01341,1,0.14918379800494552,Normal
TRP01342,1,0.07163545383793601,Normal
TRP01343,1,0.17626593539223584,Normal
TRP01344,1,0.02645561539510588,Normal
TRP01345,1,0.046171215070681115,Normal
TRP01346,1,0.17628796545356562,Normal
TRP01347,1,0.154896153655103,Normal
TRP01348,1,0.1760282112812533,Normal
TRP01349,1,0.15203392895377432,Normal
TRP01350,1,0.09727393662245354,Normal
TRP01351,1,0.05011673605040767,Normal
TRP01352,1,0.15058363122160395,Normal
TRP01353,1,0.06297412617732079,Normal
TRP01354,1,0.15336681057241058,Normal
TRP01355,-1,-0.04647031233476573,Anomaly
TRP01356,1,0.15315628144016674,Normal
TRP01357,1,0.1371742366395291,Normal
TRP01358,1,0.16827493174885977,Normal
TRP01359,1,0.045526192110869945,Normal
TRP01360,-1,-0.03206193922777223,Anomaly
TRP01361,1,0.10963664521016198,Normal
TRP01362,1,0.12141341309379372,Normal
TRP01363,1,0.06781360317840579,Normal
TRP01364,1,0.09167762106141258,Normal
TRP01365,1,0.12743711378085731,Normal
TRP01366,1,0.030230694566800054,Normal
TRP01367,1,0.1764971603384704,Normal
TRP01368,1,0.1575208171540322,Normal
TRP01369,1,0.01474509621033282,Normal
TRP01370,1,0.17292307881501223,Normal
TRP01371,1,0.09218936860681487,Normal
TRP01372,1,0.10379079399880575,Normal
TRP01373,1,0.16440391689936268,Normal
TRP01374,1,0.18175197654646502,Normal
TRP01375,1,0.10344825589100543,Normal
TRP01376,1,0.10388943302061782,Normal
TRP01377,1,0.08825450660868861,Normal
TRP01378,1,0.16833401358016897,Normal
TRP01379,-1,-0.016116002545359387,Anomaly
TRP01380,1,0.08434957585763703,Normal
TRP01381,1,0.15489503333992727,Normal
TRP01382,1,0.06011385602663455,Normal
TRP01383,1,0.18075026974278607,Normal
TRP01384,1,0.055255410432422325,Normal
TRP01385,1,0.0957439707394751,Normal
TRP01386,1,0.09689578538153115,Normal
TRP01387,1,0.07127394139438492,Normal
TRP01388,1,0.15082281291583194,Normal
TRP01389,1,0.16606943144350506,Normal
TRP01390,1,0.1306693220584919,Normal
TRP01391,1,0.04898148681284009,Normal
TRP01392,1,0.051436131198071555,Normal
TRP01393,1,0.16742436745061756,Normal
TRP01394,1,0.07875019312625353,Normal
TRP01395,1,0.15290999207409217,Normal
TRP01396,1,0.11741000927389678,Normal
TRP01397,1,0.09868119240533452,Normal
TRP01398,1,0.10415199450364843,Normal
TRP01399,1,0.06754254589354569,Normal
TRP01400,1,0.11596235281534556,Normal
TRP01401,1,0.13013316678746772,Normal
TRP01402,1,0.13747052655125946,Normal
TRP01403,1,0.03886099826268263,Normal
TRP01404,1,0.09488548899055138,Normal
TRP01405,1,0.1539599067490971,Normal
TRP01406,1,0.15897684043187615,Normal
TRP01407,1,0.16630475436551578,Normal
TRP01408,1,0.1558900158749983,Normal
TRP01409,1,0.03369195843104611,Normal
TRP01410,1,0.15341539607996107,Normal
TRP01411,1,0.15822300746587525,Normal
TRP01412,1,0.1268074919873714,Normal
TRP01413,-1,-0.08170334510332677,Anomaly
TRP01414,1,0.16076552502150204,Normal
TRP01415,1,0.022549420588801716,Normal
TRP01416,1,0.13533665354664498,Normal
TRP01417,-1,-0.041312854565932366,Anomaly
TRP01418,1,0.07023052829737109,Normal
TRP01419,1,0.08387150997260323,Normal
TRP01420,1,0.0032193114256084954,Normal
TRP01421,1,0.08713980153187645,Normal
TRP01422,1,0.04928419282421048,Normal
TRP01423,1,0.08501691710678427,Normal
TRP01424,1,0.13517543526904702,Normal
TRP01425,1,0.10265263541261865,Normal
TRP01426,1,0.10687290764390084,Normal
TRP01427,1,0.04236801993329431,Normal
TRP01428,1,0.14887954650578583,Normal
TRP01429,1,0.1512739766090519,Normal
TRP01430,1,0.16861856077469933,Normal
TRP01431,1,0.04921809627419571,Normal
TRP01432,1,0.027679627351464675,Normal
TRP01433,1,0.09040710577737743,Normal
TRP01434,1,0.17269211119485728,Normal
TRP01435,1,0.05712910768777679,Normal
TRP01436,1,0.12439992129186994,Normal
TRP01437,1,0.170800814971432,Normal
TRP01438,1,0.08529873845004604,Normal
TRP01439,1,0.16929760833332813,Normal
TRP01440,1,0.0569227792973549,Normal
TRP01441,1,0.022549420588801716,Normal
TRP01442,1,0.13939160675474283,Normal
TRP01443,1,0.15676669617732603,Normal
TRP01444,1,0.14254018285066267,Normal
TRP01445,1,0.10583965431172404,Normal
TRP01446,1,0.18098667416324016,Normal
TRP01447,1,0.13093178308032288,Normal
TRP01448,1,0.1784506243747695,Normal
TRP01449,1,0.08609335738308899,Normal
TRP01450,1,0.12611473119906985,Normal
TRP01451,1,0.11277424368125766,Normal
TRP01452,1,0.08867224461774376,Normal
TRP01453,1,0.1694535713657715,Normal
TRP01454,1,0.12085043386206701,Normal
TRP01455,1,0.10032602722784778,Normal
TRP01456,1,0.12093912295213288,Normal
TRP01457,1,0.0948569770280101,Normal
TRP01458,1,0.07687972486117772,Normal
TRP01459,1,0.05123484742811624,Normal
TRP01460,1,0.09931308258972449,Normal
TRP01461,1,0.17890913439894474,Normal
TRP01462,1,0.086117698937628,Normal
TRP01463,1,0.1546587798226628,Normal
TRP01464,1,0.08681942617967586,Normal
TRP01465,1,0.1014014123084871,Normal
TRP01466,1,0.06625821482062566,Normal
TRP01467,1,0.08881412555848872,Normal
TRP01468,1,0.11473140390850645,Normal
TRP01469,1,0.016324271410961377,Normal
TRP01470,1,0.14586705771453423,Normal
TRP01471,1,0.05703933412207218,Normal
TRP01472,1,0.037937150825956945,Normal
TRP01473,1,0.06331188498948981,Normal
TRP01474,1,0.0826551903348291,Normal
TRP01475,1,0.061571506694504174,Normal
TRP01476,1,0.147889048821152,Normal
TRP01477,1,0.05244729404496451,Normal
TRP01478,1,0.08481700244297291,Normal
TRP01479,1,0.08199998272478087,Normal
TRP01480,1,0.1805381260670355,Normal
TRP01481,1,0.10262794963017358,Normal
TRP01482,1,0.11038776136728068,Normal
TRP01483,1,0.10032602722784778,Normal
TRP01484,1,0.1510566142016732,Normal
TRP01485,1,0.0393944682802001,Normal
TRP01486,1,0.17389706812124717,Normal
TRP01487,1,0.10379079399880575,Normal
TRP01488,1,0.09718217103615495,Normal
TRP01489,1,0.17821312271732132,Normal
TRP01490,1,0.18421102432323117,Normal
TRP01491,1,0.1519905998174732,Normal
TRP01492,1,0.14376905875725643,Normal
TRP01493,1,0.17933645188972364,Normal
TRP01494,1,0.14982997893900218,Normal
TRP01495,1,0.14037583153621203,Normal
TRP01496,1,0.1673849778448151,Normal
TRP01497,1,0.17331044651556138,Normal
TRP01498,1,0.10764756883774762,Normal
TRP01499,1,0.030174992657887034,Normal
TRP01500,1,0.16187470437567192,Normal
TRP01501,1,0.1470657941118802,Normal
TRP01502,1,0.12314298517074929,Normal
TRP01503,1,0.10170162096097984,Normal
TRP01504,-1,-0.08225246347765158,Anomaly
TRP01505,1,0.034967162482846925,Normal
TRP01506,1,0.17103021297048482,Normal
TRP01507,1,0.1324289997721833,Normal
TRP01508,1,0.15882131199071775,Normal
TRP01509,1,0.16301572095090183,Normal
TRP01510,1,0.11493081250089004,Normal
TRP01511,-1,-0.05298234037296812,Anomaly
TRP01512,1,0.07023052829737109,Normal
TRP01513,1,0.024970817550474256,Normal
TRP01514,1,0.11963430059445584,Normal
TRP01515,-1,-0.03838674554626731,Anomaly
TRP01516,1,0.09270645772512359,Normal
TRP01517,1,0.037937150825956945,Normal
TRP01518,-1,-0.01680088396324997,Anomaly
TRP01519,1,0.10379079399880575,Normal
TRP01520,1,0.11650619390132161,Normal
TRP01521,1,0.07952143909742487,Normal
TRP01522,1,0.08286593839305362,Normal
TRP01523,1,0.10838915407947658,Normal
TRP01524,1,0.12464250032170177,Normal
TRP01525,1,0.1818002998026892,Normal
TRP01526,1,0.1064388822024307,Normal
TRP01527,1,0.16413204522896985,Normal
TRP01528,1,0.07484639317016284,Normal
TRP01529,1,0.17381796367242625,Normal
TRP01530,1,0.09931308258972449,Normal
TRP01531,1,0.17481841105862223,Normal
TRP01532,1,0.10795855727205256,Normal
TRP01533,-1,-0.07277594020796707,Anomaly
TRP01534,-1,-0.014351184365619551,Anomaly
TRP01535,1,0.10393957741755072,Normal
TRP01536,1,0.14650959731409413,Normal
TRP01537,1,0.14118608024234997,Normal
TRP01538,1,0.17030861168995243,Normal
TRP01539,1,0.0710452020816833,Normal
TRP01540,1,0.17266621052192055,Normal
TRP01541,1,0.11458358518209888,Normal
TRP01542,1,0.08986024427450778,Normal
TRP01543,1,0.1552174676594671,Normal
TRP01544,1,0.11987976424948654,Normal
TRP01545,1,0.14577473702933302,Normal
TRP01546,1,0.093882279103979,Normal
TRP01547,1,0.10451203620350213,Normal
TRP01548,1,0.1388573350575802,Normal
TRP01549,1,0.08454645787355997,Normal
TRP01550,1,0.04481845889374381,Normal
TRP01551,1,0.1506290362307519,Normal
TRP01552,1,0.1644136340729908,Normal
TRP01553,1,0.008972274459065455,Normal
TRP01554,1,0.16523291080493369,Normal
TRP01555,-1,-0.013173048092040895,Anomaly
TRP01556,1,0.044191976601549054,Normal
TRP01557,1,0.17741038388752228,Normal
TRP01558,1,0.12263067673274147,Normal
TRP01559,1,0.18084561745494687,Normal
TRP01560,1,0.07850129834359437,Normal
TRP01561,1,0.09545623623912064,Normal
TRP01562,1,0.18319653261551,Normal
TRP01563,1,0.13485972002273539,Normal
TRP01564,-1,-0.01149795147372834,Anomaly
TRP01565,1,0.14711842291299804,Normal
TRP01566,1,0.10070474318782985,Normal
TRP01567,1,0.09167762106141258,Normal
TRP01568,1,0.15404537752912018,Normal
TRP01569,1,0.11117869087873511,Normal
TRP01570,1,0.10507284895189567,Normal
TRP01571,1,0.014225147744284405,Normal
TRP01572,1,0.09516758466921754,Normal
TRP01573,1,0.0959293917202047,Normal
TRP01574,1,0.1141349512352709,Normal
TRP01575,1,0.13466329574367447,Normal
TRP01576,1,0.15947135247740063,Normal
TRP01577,1,0.16537498414274238,Normal
TRP01578,1,0.08666199400600422,Normal
TRP01579,1,0.17202527784170746,Normal
TRP01580,1,0.17065433014600762,Normal
TRP01581,1,0.10953611576843647,Normal
TRP01582,1,0.10150791016471278,Normal
TRP01583,1,0.09749453441474343,Normal
TRP01584,1,0.12967469032045714,Normal
TRP01585,1,0.09281094135394669,Normal
TRP01586,1,0.07145958872401847,Normal
TRP01587,1,0.12225492327738685,Normal
TRP01588,1,0.08910780728895851,Normal
TRP01589,1,0.06503347740481635,Normal
TRP01590,1,0.12161460438297989,Normal
TRP01591,1,0.15687322682762445,Normal
TRP01592,1,0.1255732508580204,Normal
TRP01593,1,0.1768846157646456,Normal
TRP01594,1,0.057061343999286085,Normal
TRP01595,1,0.17868366101004818,Normal
TRP01596,1,0.17445177687567248,Normal
TRP01597,1,0.09167762106141258,Normal
TRP01598,1,0.1656709224240125,Normal
TRP01599,1,0.14604795627054856,Normal
TRP01600,1,0.1326100486721707,Normal
TRP01601,1,0.13674214743769036,Normal
TRP01602,1,0.16047386318719176,Normal
TRP01603,1,0.14844869069182032,Normal
TRP01604,1,0.16582166420770073,Normal
TRP01605,1,0.08160001569396985,Normal
TRP01606,1,0.08573554194927091,Normal
TRP01607,1,0.054217087176971934,Normal
TRP01608,1,0.07380381292810723,Normal
TRP01609,1,0.13398189795579984,Normal
TRP01610,1,0.08860899597127397,Normal
TRP01611,1,0.09983845464295354,Normal
TRP01612,-1,-0.05534750069195338,Anomaly
TRP01613,1,0.007664330920203244,Normal
TRP01614,1,0.13242820970001207,Normal
TRP01615,1,0.08533758684758957,Normal
TRP01616,1,0.0838718943939718,Normal
TRP01617,1,0.05398282773212304,Normal
TRP01618,1,0.08778800326113656,Normal
TRP01619,1,0.14751445146869974,Normal
TRP01620,1,0.14244365255654906,Normal
TRP01621,1,0.029003600549502573,Normal
TRP01622,1,0.168745417723477,Normal
TRP01623,1,0.06643404190613933,Normal
TRP01624,1,0.008229236154708386,Normal
TRP01625,1,0.0031815849128024043,Normal
TRP01626,1,0.10030335645085842,Normal
TRP01627,1,0.18162586369730377,Normal
TRP01628,1,0.024890296131006573,Normal
TRP01629,1,0.09842579319273409,Normal
TRP01630,1,0.17876729041713885,Normal
TRP01631,1,0.13495976188685382,Normal
TRP01632,1,0.16768866350250033,Normal
TRP01633,1,0.09325368997869676,Normal
TRP01634,1,0.17427440153400442,Normal
TRP01635,1,0.15966858787390192,Normal
TRP01636,1,0.1701865266671116,Normal
TRP01637,1,0.089085255162136,Normal
TRP01638,1,0.17434721472614612,Normal
TRP01639,1,0.013282184465791103,Normal
TRP01640,1,0.11906030011608859,Normal
TRP01641,1,0.10327154823868956,Normal
TRP01642,1,0.18159018716929815,Normal
TRP01643,1,0.09280775013690784,Normal
TRP01644,1,0.16642488015284168,Normal
TRP01645,-1,-0.005410333735753281,Anomaly
TRP01646,1,0.12862038075652005,Normal
TRP01647,1,0.18291393572594655,Normal
TRP01648,1,0.1138095487316158,Normal
TRP01649,1,0.09090260416869245,Normal
TRP01650,1,0.12499914546792984,Normal
TRP01651,1,0.04070845336932327,Normal
TRP01652,1,0.1803972456043194,Normal
TRP01653,-1,-0.0014969377375055881,Anomaly
TRP01654,1,0.0586495183330803,Normal
TRP01655,1,0.12159324491176321,Normal
TRP01656,1,0.008283134951783788,Normal
TRP01657,1,0.1690834610899728,Normal
TRP01658,1,0.1617624645503296,Normal
TRP01659,1,0.11459860723128179,Normal
TRP01660,1,0.12871749857771136,Normal
TRP01661,1,0.17736686993267248,Normal
TRP01662,1,0.17544465305268275,Normal
TRP01663,1,0.007780831177014003,Normal
TRP01664,1,0.08666199400600422,Normal
TRP01665,1,0.1326254482331008,Normal
TRP01666,1,0.13461413491295665,Normal
TRP01667,1,0.054760009109989904,Normal
TRP01668,1,0.14652359565814022,Normal
TRP01669,1,0.09332501872354737,Normal
TRP01670,1,0.019628399487277792,Normal
TRP01671,1,0.10237351603554534,Normal
TRP01672,1,0.09394721176024029,Normal
TRP01673,1,0.15792311982585472,Normal
TRP01674,1,0.07484639317016284,Normal
TRP01675,1,0.14768691750668267,Normal
TRP01676,1,0.0567827860594603,Normal
TRP01677,1,0.16428488502943128,Normal
TRP01678,1,0.16412575314251682,Normal
TRP01679,1,0.18203357626047756,Normal
TRP01680,1,0.12713307728279472,Normal
TRP01681,1,0.17923684956743108,Normal
TRP01682,1,0.09101639147592155,Normal
TRP01683,1,0.09948644838164389,Normal
TRP01684,1,0.0861156627733835,Normal
TRP01685,-1,-0.014989078971488934,Anomaly
TRP01686,1,0.07602889237077781,Normal
TRP01687,1,0.04327712836724995,Normal
TRP01688,1,0.13211119440939034,Normal
TRP01689,1,0.06824609390494396,Normal
TRP01690,1,0.12169231897342397,Normal
TRP01691,1,0.007664330920203244,Normal
TRP01692,1,0.04011625649648887,Normal
TRP01693,1,0.1351045144218353,Normal
TRP01694,1,0.14826624029857938,Normal
TRP01695,1,0.17998231985451463,Normal
TRP01696,1,0.13446259270012467,Normal
TRP01697,1,0.09420077531050625,Normal
TRP01698,1,0.11770975806125294,Normal
TRP01699,1,0.17494910905764532,Normal
TRP01700,1,0.16954322866566074,Normal
TRP01701,1,0.15901534920621807,Normal
TRP01702,1,0.1809027479645955,Normal
TRP01703,1,0.07775941268609787,Normal
TRP01704,1,0.14720482913957994,Normal
TRP01705,1,0.050407193004329165,Normal
TRP01706,-1,-0.00206891962324951,Anomaly
TRP01707,1,0.11106639929314294,Normal
TRP01708,1,0.11875505901932876,Normal
TRP01709,1,0.1836997108545454,Normal
TRP01710,1,0.15302766442084792,Normal
TRP01711,1,0.0586495183330803,Normal
TRP01712,1,0.0754903650123458,Normal
TRP01713,1,0.1859897476689799,Normal
TRP01714,1,0.06592688409491387,Normal
TRP01715,1,0.09357170904713114,Normal
TRP01716,1,0.140455593097346,Normal
TRP01717,1,0.030218604694244533,Normal
TRP01718,1,0.15435326541655564,Normal
TRP01719,1,0.05802772227115183,Normal
TRP01720,1,0.15945746686275825,Normal
TRP01721,1,0.054517568653289494,Normal
TRP01722,1,0.027902978078989338,Normal
TRP01723,1,0.16249570229110205,Normal
TRP01724,1,0.17162829323445183,Normal
TRP01725,1,0.1552402296945139,Normal
TRP01726,1,0.151012750270064,Normal
TRP01727,1,0.022549420588801716,Normal
TRP01728,1,0.1537078073605851,Normal
TRP01729,1,0.02737257992830644,Normal
TRP01730,1,0.041725708515924165,Normal
TRP01731,1,0.08720308068238652,Normal
TRP01732,1,0.06618111436182905,Normal
TRP01733,1,0.14885891564390746,Normal
TRP01734,1,0.06568499349727053,Normal
TRP01735,1,0.06584084378719657,Normal
TRP01736,1,0.18681948774822071,Normal
TRP01737,-1,-0.04017991847438962,Anomaly
TRP01738,1,0.09167762106141258,Normal
TRP01739,1,0.03341066806342008,Normal
TRP01740,1,0.06966373241231805,Normal
TRP01741,1,0.16377560685863557,Normal
TRP01742,1,0.11753794572544046,Normal
TRP01743,1,0.1610898340363397,Normal
TRP01744,1,0.05951352991139858,Normal
TRP01745,1,0.08337289365236411,Normal
TRP01746,1,0.1752117220044319,Normal
TRP01747,1,0.09690896630543827,Normal
TRP01748,1,0.05739129788505515,Normal
TRP01749,1,0.09323001913040418,Normal
TRP01750,1,0.16216518783461342,Normal
TRP01751,1,0.00989444533463879,Normal
TRP01752,1,0.16602411227272562,Normal
TRP01753,1,0.04866143319613936,Normal
TRP01754,1,0.16318410453466647,Normal
TRP01755,1,0.05661108556891126,Normal
TRP01756,1,0.09726864297838927,Normal
TRP01757,1,0.14667297418178876,Normal
TRP01758,1,0.16167861124713434,Normal
TRP01759,1,0.035726342827485214,Normal
TRP01760,1,0.18519624883803332,Normal
TRP01761,1,0.15974319328840414,Normal
TRP01762,1,0.12002522504313817,Normal
TRP01763,1,0.11491558820172948,Normal
TRP01764,1,0.14363920462319013,Normal
TRP01765,1,0.06958156500226709,Normal
TRP01766,1,0.17434721472614612,Normal
TRP01767,1,0.06021739844733798,Normal
TRP01768,1,0.15362927540767757,Normal
TRP01769,1,0.07110687425087514,Normal
TRP01770,1,0.022805613572887573,Normal
TRP01771,1,0.10514396163475864,Normal
TRP01772,1,0.11489814280702504,Normal
TRP01773,1,0.051321353305291195,Normal
TRP01774,1,0.14997741322529973,Normal
TRP01775,1,0.1038579321388225,Normal
TRP01776,1,0.1768722098894247,Normal
TRP01777,-1,-0.09033168983347084,Anomaly
TRP01778,1,0.0494576373404817,Normal
TRP01779,1,0.1785180615054741,Normal
TRP01780,1,0.07766024114727099,Normal
TRP01781,1,0.08794752494841962,Normal
TRP01782,1,0.1810663191678894,Normal
TRP01783,1,0.022549420588801716,Normal
TRP01784,1,0.10036604756437528,Normal
TRP01785,1,0.1618020298338081,Normal
TRP01786,1,0.10106708939071468,Normal
TRP01787,1,0.1564330615071236,Normal
TRP01788,1,0.17455176267753997,Normal
TRP01789,1,0.1594077047688076,Normal
TRP01790,1,0.16361411480692128,Normal
TRP01791,-1,-0.0343763635975598,Anomaly
TRP01792,1,0.1768546051367444,Normal
TRP01793,-1,-0.012010342958583275,Anomaly
TRP01794,1,0.09718217103615495,Normal
TRP01795,1,0.107399784699031,Normal
TRP01796,1,0.15523813192423858,Normal
TRP01797,1,0.134156626563669,Normal
TRP01798,1,0.10105875474391884,Normal
TRP01799,1,0.04583821654598186,Normal
TRP01800,1,0.1738191800607115,Normal
TRP01801,1,0.0899682023998643,Normal
TRP01802,1,0.12310873889773594,Normal
TRP01803,1,0.021612211699035044,Normal
TRP01804,-1,-0.01621029134926899,Anomaly
TRP01805,1,0.055974308095020464,Normal
TRP01806,1,0.1531624794802256,Normal
TRP01807,1,0.07956803672795121,Normal
TRP01808,1,0.10897165557297261,Normal
TRP01809,1,0.06943004668318653,Normal
TRP01810,1,0.10629240319529742,Normal
TRP01811,1,0.10459570768458276,Normal
TRP01812,1,0.17231212379889133,Normal
TRP01813,1,0.1067402920062076,Normal
TRP01814,1,0.09328210071495957,Normal
TRP01815,1,0.17405220289620787,Normal
TRP01816,-1,-0.0193301301295018,Anomaly
TRP01817,1,0.17764144942431348,Normal
TRP01818,1,0.05768824787493532,Normal
TRP01819,1,0.18150175033564775,Normal
TRP01820,1,0.07628989102440109,Normal
TRP01821,1,0.1306475471892105,Normal
TRP01822,1,0.1798719845387905,Normal
TRP01823,1,0.12987813360234746,Normal
TRP01824,1,0.11937163804773793,Normal
TRP01825,1,0.13769321026998743,Normal
TRP01826,1,0.08942131884176896,Normal
TRP01827,1,0.08181115242285608,Normal
TRP01828,1,0.17833876198978404,Normal
TRP01829,1,0.09323001913040418,Normal
TRP01830,1,0.11117104473719819,Normal
TRP01831,1,0.10214387038892897,Normal
TRP01832,1,0.11581607338281097,Normal
TRP01833,1,0.09652714056946171,Normal
TRP01834,1,0.09689578538153115,Normal
TRP01835,1,0.09877535631485784,Normal
TRP01836,1,0.10939824171633689,Normal
TRP01837,1,0.1348739461388695,Normal
TRP01838,1,0.18215862339903455,Normal
TRP01839,1,0.03979453300104285,Normal
TRP01840,1,0.15117183105455823,Normal
TRP01841,1,0.17549572673677033,Normal
TRP01842,1,0.10002234129591564,Normal
TRP01843,1,0.05667838821737958,Normal
TRP01844,1,0.15966858787390192,Normal
TRP01845,1,0.05134375118247314,Normal
TRP01846,1,0.08217801056075608,Normal
TRP01847,1,0.1613921805922639,Normal
TRP01848,1,0.0030239710214995386,Normal
TRP01849,1,0.16641655817724826,Normal
TRP01850,1,0.17754617670178335,Normal
TRP01851,1,0.0996570915396478,Normal
TRP01852,1,0.1759745245137434,Normal
TRP01853,1,0.17736439552981553,Normal
TRP01854,1,0.16680780832639308,Normal
TRP01855,1,0.06537852127000199,Normal
TRP01856,1,0.1375349116400646,Normal
TRP01857,1,0.1523193949532392,Normal
TRP01858,1,0.030708197884601662,Normal
TRP01859,1,0.11418498598105631,Normal
TRP01860,1,0.10280665267881778,Normal
TRP01861,1,0.12836326002112136,Normal
TRP01862,1,0.15308741111758312,Normal
TRP01863,1,0.06965201838940649,Normal
TRP01864,-1,-0.08251155551183265,Anomaly
TRP01865,1,0.10729241392115502,Normal
TRP01866,1,0.0630289181652035,Normal
TRP01867,-1,-0.0010338864714225515,Anomaly
TRP01868,1,0.09249420962122712,Normal
TRP01869,1,0.02674914681952567,Normal
TRP01870,1,0.18161211787416903,Normal
TRP01871,1,0.17371936934638837,Normal
TRP01872,1,0.0980071190852258,Normal
TRP01873,1,0.07444232327291522,Normal
TRP01874,1,0.18040665418141988,Normal
TRP01875,1,0.13533056491198736,Normal
TRP01876,1,0.16590219805014716,Normal
TRP01877,1,0.17646922207315197,Normal
TRP01878,1,0.15490204970531812,Normal
TRP01879,1,0.1687275339855222,Normal
TRP01880,-1,-0.058835917712393604,Anomaly
TRP01881,1,0.08762840615226686,Normal
TRP01882,1,0.1838267917104805,Normal
TRP01883,1,0.0979852457497532,Normal
TRP01884,1,0.1697364572541052,Normal
TRP01885,1,0.15466049703900042,Normal
TRP01886,1,0.07194879872346038,Normal
TRP01887,1,0.05123484742811624,Normal
TRP01888,1,0.06686255637491878,Normal
TRP01889,1,0.17734823381997383,Normal
TRP01890,1,0.1844218062877005,Normal
TRP01891,1,0.03044973067482759,Normal
TRP01892,1,0.16221222939494945,Normal
TRP01893,1,0.14238937205019475,Normal
TRP01894,1,0.037937150825956945,Normal
TRP01895,1,0.13601123527071862,Normal
TRP01896,1,0.16375706279935043,Normal
TRP01897,1,0.18415008377482395,Normal
TRP01898,1,0.12004464902710199,Normal
TRP01899,1,0.1656673954624831,Normal
TRP01900,1,0.04274855905529884,Normal
TRP01901,1,0.16769123193514407,Normal
TRP01902,1,0.11785695364361798,Normal
TRP01903,1,0.10228014136660724,Normal
TRP01904,-1,-0.033708904414555985,Anomaly
TRP01905,1,0.1351092703549921,Normal
TRP01906,1,0.1452844928973444,Normal
TRP01907,1,0.15927662145819532,Normal
TRP01908,1,0.09016061209725412,Normal
TRP01909,1,0.1050667447759821,Normal
TRP01910,1,0.16590592481306643,Normal
TRP01911,1,0.16624752526923303,Normal
TRP01912,1,0.15290643239809953,Normal
TRP01913,1,0.09038483038045969,Normal
TRP01914,-1,-0.014361235138085071,Anomaly
TRP01915,1,0.0741215119866474,Normal
TRP01916,1,0.10161216379569143,Normal
TRP01917,1,0.026633628331420245,Normal
TRP01918,1,0.05398652182846886,Normal
TRP01919,1,0.17438013310378303,Normal
TRP01920,1,0.09192065759262913,Normal
TRP01921,1,0.17570267577093535,Normal
TRP01922,1,0.18046998266465197,Normal
TRP01923,1,0.018871176871093742,Normal
TRP01924,1,0.013989892362423983,Normal
TRP01925,1,0.1394937397626404,Normal
TRP01926,1,0.10388943302061782,Normal
TRP01927,1,0.09826254956696517,Normal
TRP01928,1,0.18007791693375724,Normal
TRP01929,1,0.14107608622005047,Normal
TRP01930,1,0.06424678020876518,Normal
TRP01931,1,0.006205280956078862,Normal
TRP01932,1,0.15305154782805497,Normal
TRP01933,1,0.13275481734452538,Normal
TRP01934,1,0.04011625649648887,Normal
TRP01935,1,0.10009620786702189,Normal
TRP01936,1,0.13866685544113444,Normal
TRP01937,1,0.08850586270738697,Normal
TRP01938,1,0.030218604694244533,Normal
TRP01939,1,0.07729694908856427,Normal
TRP01940,1,0.1380130786113241,Normal
TRP01941,1,0.051321353305291195,Normal
TRP01942,1,0.12472285385418991,Normal
TRP01943,1,0.01631840664406181,Normal
TRP01944,1,0.1687159823524893,Normal
TRP01945,1,0.009988249583633313,Normal
TRP01946,1,0.030696519523964905,Normal
TRP01947,1,0.12620136305942642,Normal
TRP01948,1,0.06277284873040234,Normal
TRP01949,1,0.0630289181652035,Normal
TRP01950,1,0.11121568338140941,Normal
TRP01951,1,0.008212337668229819,Normal
TRP01952,1,0.023718674108354598,Normal
TRP01953,1,0.10501647542633114,Normal
TRP01954,1,0.09727393662245354,Normal
TRP01955,1,0.10262794963017358,Normal
TRP01956,1,0.10637077666892963,Normal
TRP01957,1,0.0664661140157996,Normal
TRP01958,1,0.1712985075856328,Normal
TRP01959,1,0.16509722650375575,Normal
TRP01960,1,0.15988740935689116,Normal
TRP01961,1,0.051321353305291195,Normal
TRP01962,1,0.18045436193280878,Normal
TRP01963,1,0.15474468461026014,Normal
TRP01964,1,0.10268927691547147,Normal
TRP01965,1,0.08241509741818648,Normal
TRP01966,1,0.18192303428214396,Normal
TRP01967,-1,-0.012392161387003053,Anomaly
TRP01968,1,0.13630401977624712,Normal
TRP01969,-1,-0.00874993224783105,Anomaly
TRP01970,1,0.07624989906360896,Normal
TRP01971,1,0.10441452746596708,Normal
TRP01972,1,0.1669251421921572,Normal
TRP01973,1,0.1195666099689574,Normal
TRP01974,-1,-0.014989078971488934,Anomaly
TRP01975,1,0.16313040826054093,Normal
TRP01976,1,0.1843134885801675,Normal
TRP01977,1,0.1630955564394762,Normal
TRP01978,1,0.10802736399522161,Normal
TRP01979,1,0.040537709839331804,Normal
TRP01980,1,0.1526997955253941,Normal
TRP01981,1,0.16844500209298685,Normal
TRP01982,1,0.12788332546749837,Normal
TRP01983,1,0.06960603718994163,Normal
TRP01984,1,0.019532505210199114,Normal
TRP01985,1,0.1343334983797142,Normal
TRP01986,1,0.1111443923325105,Normal
TRP01987,1,0.10796481959089738,Normal
TRP01988,1,0.0717539141255793,Normal
TRP01989,1,0.1459107701341657,Normal
TRP01990,1,0.06500627937797854,Normal
TRP01991,1,0.15216559951217812,Normal
TRP01992,1,0.10804123155206807,Normal
TRP01993,1,0.07899200645108595,Normal
TRP01994,1,0.09357170904713114,Normal
TRP01995,1,0.055573873711956545,Normal
TRP01996,1,0.011305158537322169,Normal
TRP01997,1,0.07877841341571529,Normal
TRP01998,1,0.17651691425929367,Normal
TRP01999,1,0.0908224297128023,Normal
TRP02000,-1,-0.04084022853457281,Anomaly
TRP02001,1,0.17236878284319562,Normal
TRP02002,1,0.10976965010413836,Normal
TRP02003,1,0.0793159338377245,Normal
TRP02004,1,0.14733681014557204,Normal
TRP02005,1,0.16785979239894422,Normal
TRP02006,1,0.11960353552835284,Normal
TRP02007,1,0.050487627864585716,Normal
TRP02008,1,0.15979110572611416,Normal
TRP02009,1,0.1416693976536767,Normal
TRP02010,1,0.13787784220261062,Normal
TRP02011,1,0.16896220486900726,Normal
TRP02012,1,0.12143383277931102,Normal
TRP02013,1,0.08903522914562045,Normal
TRP02014,1,0.16805063050314545,Normal
TRP02015,1,0.027407563539865287,Normal
TRP02016,1,0.09968392695437939,Normal
TRP02017,1,0.11186291876507809,Normal
TRP02018,1,0.1751545034155776,Normal
TRP02019,1,0.158885468552675,Normal
TRP02020,1,0.05771617787965022,Normal
TRP02021,1,0.07418269893899343,Normal
TRP02022,1,0.1152631520314304,Normal
TRP02023,1,0.10793061436808776,Normal
TRP02024,1,0.1289700227900824,Normal
TRP02025,1,0.1497875174766648,Normal
TRP02026,1,0.08872096017544168,Normal
TRP02027,1,0.1672602888179805,Normal
TRP02028,1,0.019921846212459515,Normal
TRP02029,-1,-0.0752298779505508,Anomaly
TRP02030,1,0.08777861107965168,Normal
TRP02031,1,0.15051116264068715,Normal
TRP02032,1,0.07412420124228114,Normal
TRP02033,1,0.07723416059290134,Normal
TRP02034,-1,-0.03205262068907455,Anomaly
TRP02035,1,0.08221743161272516,Normal
TRP02036,1,0.06977049433544791,Normal
TRP02037,1,0.1630176998433116,Normal
TRP02038,1,0.12870098625074183,Normal
TRP02039,-1,-0.003727852918364416,Anomaly
TRP02040,1,0.17152447224251105,Normal
TRP02041,1,0.03191903832212384,Normal
TRP02042,1,0.09901335328559113,Normal
TRP02043,1,0.10991807794681613,Normal
TRP02044,1,0.16250152600938506,Normal
TRP02045,1,0.1694534565947941,Normal
TRP02046,1,0.1629026886715046,Normal
TRP02047,1,0.17994512680484526,Normal
TRP02048,1,0.13475491432995018,Normal
TRP02049,1,0.17971400706462298,Normal
TRP02050,1,0.06872421769735859,Normal
TRP02051,1,0.07628688928889754,Normal
TRP02052,1,0.08203992852135311,Normal
TRP02053,1,0.09996718717078368,Normal
TRP02054,1,0.027883256257152822,Normal
TRP02055,1,0.16397873194684148,Normal
TRP02056,1,0.09492931806302063,Normal
TRP02057,1,0.11865853017391598,Normal
TRP02058,1,0.10176141595969457,Normal
TRP02059,1,0.01625323791547917,Normal
TRP02060,1,0.17106662417874663,Normal
TRP02061,1,0.09532420504535982,Normal
TRP02062,1,0.16089037543660645,Normal
TRP02063,1,0.1067402920062076,Normal
TRP02064,1,0.050948912932741064,Normal
TRP02065,1,0.09011087234853804,Normal
TRP02066,1,0.037776726671370775,Normal
TRP02067,1,0.1515578917117607,Normal
TRP02068,1,0.08203180420408174,Normal
TRP02069,1,0.15063709423526805,Normal
TRP02070,1,0.009146076575405448,Normal
TRP02071,1,0.10209050022028465,Normal
TRP02072,1,0.16344788875613675,Normal
TRP02073,1,0.1614008678746333,Normal
TRP02074,1,0.11799445596128338,Normal
TRP02075,-1,-0.00792103540958733,Anomaly
TRP02076,1,0.13683519634601465,Normal
TRP02077,1,0.07337070120415312,Normal
TRP02078,1,0.08426990308818205,Normal
TRP02079,1,0.1771533558655271,Normal
TRP02080,1,0.1825999327186924,Normal
TRP02081,1,0.1314346080614398,Normal
TRP02082,1,0.17068373336650383,Normal
TRP02083,1,0.1657947649196978,Normal
TRP02084,1,0.12019574670867783,Normal
TRP02085,1,0.07500418127259323,Normal
TRP02086,1,0.004708265113475663,Normal
TRP02087,1,0.11279020913742593,Normal
TRP02088,1,0.14922509090724195,Normal
TRP02089,1,0.04147002301949987,Normal
TRP02090,1,0.1777815237395045,Normal
TRP02091,1,0.076269458951231,Normal
TRP02092,1,0.1801689380097149,Normal
TRP02093,1,0.060452137188365174,Normal
TRP02094,1,0.10379079399880575,Normal
TRP02095,1,0.17676211330110997,Normal
TRP02096,1,0.15529876436913476,Normal
TRP02097,1,0.1770597380752456,Normal
TRP02098,-1,-0.07720710753404592,Anomaly
TRP02099,1,0.11208492096784511,Normal
TRP02100,1,0.17159676737713375,Normal
TRP02101,1,0.15250904475032384,Normal
TRP02102,1,0.025019246836561093,Normal
TRP02103,1,0.13931357757211732,Normal
TRP02104,1,0.10576908596236356,Normal
TRP02105,1,0.16021181118724226,Normal
TRP02106,1,0.013715173671844272,Normal
TRP02107,1,0.16130599071450286,Normal
TRP02108,1,0.12278262683066421,Normal
TRP02109,1,0.037937150825956945,Normal
TRP02110,1,0.10273421665747873,Normal
TRP02111,1,0.0227609738492347,Normal
TRP02112,1,0.09035068326061813,Normal
TRP02113,1,0.08180848078392605,Normal
TRP02114,1,0.1487690999848676,Normal
TRP02115,1,0.16096313466496526,Normal
TRP02116,1,0.14856744626095292,Normal
TRP02117,1,0.06363032080038933,Normal
TRP02118,1,0.1642699696842591,Normal
TRP02119,1,0.16771935579050906,Normal
TRP02120,1,0.05739129788505515,Normal
TRP02121,1,0.09727393662245354,Normal
TRP02122,1,0.11793322704272047,Normal
TRP02123,1,0.17092436449749326,Normal
TRP02124,1,0.037937150825956945,Normal
TRP02125,1,0.1538376975293494,Normal
TRP02126,1,0.04978340782453816,Normal
TRP02127,1,0.08714987834778498,Normal
TRP02128,1,0.16572338808342452,Normal
TRP02129,1,0.16113313451040995,Normal
TRP02130,1,0.17285782870898253,Normal
TRP02131,1,0.14940145876378913,Normal
TRP02132,1,0.07442245328465347,Normal
TRP02133,1,0.1772952758125929,Normal
TRP02134,1,0.14203823749306138,Normal
TRP02135,1,0.05055463245944358,Normal
TRP02136,1,0.12955179460409744,Normal
TRP02137,1,0.07337481464602591,Normal
TRP02138,1,0.1657549033348361,Normal
TRP02139,1,0.11425181281975494,Normal
TRP02140,1,0.10629240319529742,Normal
TRP02141,1,0.1157060002182978,Normal
TRP02142,1,0.13943281856062828,Normal
TRP02143,1,0.13148300747551933,Normal
TRP02144,1,0.14077371386112997,Normal
TRP02145,1,0.15599376874261167,Normal
TRP02146,1,0.15217496202223013,Normal
TRP02147,1,0.18155706708302266,Normal
TRP02148,1,0.016177277963964176,Normal
TRP02149,1,0.14469674637123592,Normal
TRP02150,1,0.11350291663372136,Normal
TRP02151,1,0.0545462050454848,Normal
TRP02152,1,0.11684256026902884,Normal
TRP02153,1,0.10016047216605578,Normal
TRP02154,1,0.09812601791072628,Normal
TRP02155,1,0.10667597405079682,Normal
TRP02156,1,0.14647549389408193,Normal
TRP02157,1,0.16742586471985044,Normal
TRP02158,1,0.09392562302843366,Normal
TRP02159,1,0.1758222955119998,Normal
TRP02160,1,0.13436965095457426,Normal
TRP02161,1,0.12239964709634232,Normal
TRP02162,1,0.04848369567482924,Normal
TRP02163,1,0.1632697595921705,Normal
TRP02164,1,0.1808319114227358,Normal
TRP02165,1,0.1604341350074292,Normal
TRP02166,1,0.05558593033720716,Normal
TRP02167,1,0.09738291151004258,Normal
TRP02168,1,0.11023484288289181,Normal
TRP02169,1,0.1595526401567431,Normal
TRP02170,-1,-0.019700908152844532,Anomaly
TRP02171,1,0.11639265844735264,Normal
TRP02172,1,0.048040919888651,Normal
TRP02173,1,0.1569133243776798,Normal
TRP02174,1,0.1325156979865667,Normal
TRP02175,1,0.06330058511101777,Normal
TRP02176,1,0.1536777513840067,Normal
TRP02177,1,0.08501691710678427,Normal
TRP02178,1,0.16273627411480057,Normal
TRP02179,1,0.04534046543089554,Normal
TRP02180,1,0.1539013008878981,Normal
TRP02181,1,0.11192317890379089,Normal
TRP02182,1,0.12311877670770133,Normal
TRP02183,1,0.1303257741057426,Normal
TRP02184,1,0.06909875613740568,Normal
TRP02185,1,0.026270729253094482,Normal
TRP02186,1,0.08010260527984303,Normal
TRP02187,1,0.1241603873899585,Normal
TRP02188,1,0.07624989906360896,Normal
TRP02189,1,0.16222595308572985,Normal
TRP02190,1,0.11292629358150585,Normal
TRP02191,1,0.012995591793873773,Normal
TRP02192,1,0.16582643535166014,Normal
TRP02193,1,0.0678029484911955,Normal
TRP02194,1,0.10324933502012718,Normal
TRP02195,-1,-0.04670269741397415,Anomaly
TRP02196,-1,-0.036287079133153766,Anomaly
TRP02197,1,0.17575213670151624,Normal
TRP02198,1,0.051436131198071555,Normal
TRP02199,1,0.14820250078550895,Normal
TRP02200,1,0.05123484742811624,Normal
TRP02201,1,0.048481742493045155,Normal
TRP02202,1,0.16651373643369188,Normal
TRP02203,1,0.031142264386777807,Normal
TRP02204,1,0.01571155868913454,Normal
TRP02205,1,0.10652111496278799,Normal
TRP02206,1,0.17579145547842168,Normal
TRP02207,1,0.1657601638211642,Normal
TRP02208,1,0.1139473322893304,Normal
TRP02209,1,0.06824609390494396,Normal
TRP02210,1,0.18643287109757972,Normal
TRP02211,1,0.1115017283538427,Normal
TRP02212,1,0.18396232396261364,Normal
TRP02213,1,0.18145032268047545,Normal
TRP02214,1,0.13747658110389432,Normal
TRP02215,1,0.16215882929273912,Normal
TRP02216,1,0.0857259798767307,Normal
TRP02217,1,0.18134697399553024,Normal
TRP02218,1,0.16061018812432643,Normal
TRP02219,1,0.1609370743873525,Normal
TRP02220,1,0.15350529494867232,Normal
TRP02221,1,0.025120109982457617,Normal
TRP02222,1,0.050580691686462065,Normal
TRP02223,1,0.11279218063614577,Normal
TRP02224,1,0.16275124549734676,Normal
TRP02225,-1,-0.016165185636078716,Anomaly
TRP02226,1,0.08838195176671249,Normal
TRP02227,1,0.10826177458975039,Normal
TRP02228,1,0.17056347585324222,Normal
TRP02229,1,0.12453787543348938,Normal
TRP02230,1,0.15901483815272288,Normal
TRP02231,1,0.16558830156550336,Normal
TRP02232,1,0.16813991122163258,Normal
TRP02233,1,0.14104375960636883,Normal
TRP02234,1,0.186107393917624,Normal
TRP02235,1,0.16562090907586346,Normal
TRP02236,1,0.17723603320093012,Normal
TRP02237,1,0.09995444456431274,Normal
TRP02238,1,0.09616957642828566,Normal
TRP02239,1,0.048257455868032206,Normal
TRP02240,1,0.06825066806140845,Normal
TRP02241,1,0.16891916359904618,Normal
TRP02242,1,0.040915854141909014,Normal
TRP02243,1,0.18025492917366198,Normal
TRP02244,1,0.09956635934392993,Normal
TRP02245,1,0.14143313652487183,Normal
TRP02246,1,0.021514763096783573,Normal
TRP02247,1,0.07194879872346038,Normal
TRP02248,1,0.02254915883912867,Normal
TRP02249,1,0.1471968243827177,Normal
TRP02250,-1,-0.021747378975391807,Anomaly
TRP02251,1,0.04233757186462006,Normal
TRP02252,1,0.16332497176790073,Normal
TRP02253,1,0.0979852457497532,Normal
TRP02254,1,0.12567431793172146,Normal
TRP02255,1,0.08935794044361417,Normal
TRP02256,1,0.1639709180495792,Normal
TRP02257,1,0.1339074886300058,Normal
TRP02258,1,0.11073590214633461,Normal
TRP02259,1,0.027264683565324188,Normal
TRP02260,1,0.06403522269760187,Normal
TRP02261,1,0.11156950425320028,Normal
TRP02262,1,0.15862272887259415,Normal
TRP02263,1,0.07851318881083957,Normal
TRP02264,1,0.1272801682009893,Normal
TRP02265,1,0.11850300129969438,Normal
TRP02266,1,0.04349011461200192,Normal
TRP02267,1,0.08039756408084447,Normal
TRP02268,1,0.10094162115808175,Normal
TRP02269,1,0.10280665267881778,Normal
TRP02270,1,0.08433773871524908,Normal
TRP02271,1,0.16080025861184022,Normal
TRP02272,1,0.10071146825133404,Normal
TRP02273,1,0.13967689861086546,Normal
TRP02274,1,0.038727422616049445,Normal
TRP02275,1,0.14861654286823361,Normal
TRP02276,1,0.1512560837669824,Normal
TRP02277,1,0.17718607195711417,Normal
TRP02278,1,0.0725706565357016,Normal
TRP02279,1,0.014116242288375602,Normal
TRP02280,1,0.15429195880240276,Normal
TRP02281,1,0.07633301515111479,Normal
TRP02282,1,0.09090260416869245,Normal
TRP02283,1,0.07909858115509755,Normal
TRP02284,1,0.11050848527417723,Normal
TRP02285,1,0.1472197127112262,Normal
TRP02286,1,0.14991998109148708,Normal
TRP02287,1,0.11833077781542084,Normal
TRP02288,1,0.09837403092162145,Normal
TRP02289,1,0.12133752048030327,Normal
TRP02290,1,0.13280275360980393,Normal
TRP02291,1,0.092268413252931,Normal
TRP02292,1,0.08070870690315174,Normal
TRP02293,1,0.1667810373016081,Normal
TRP02294,1,0.07299386362640581,Normal
TRP02295,1,0.141314559188854,Normal
TRP02296,1,0.17980487241798432,Normal
TRP02297,1,0.07264680922437883,Normal
TRP02298,1,0.17571870464422273,Normal
TRP02299,1,0.169534538891507,Normal
TRP02300,1,0.13907435137203522,Normal
TRP02301,1,0.07371225769296752,Normal
TRP02302,1,0.04275096371680154,Normal
TRP02303,1,0.08726320613319749,Normal
TRP02304,-1,-0.03131142400170128,Anomaly
TRP02305,1,0.025045353859353137,Normal
TRP02306,1,0.010515071944964594,Normal
TRP02307,1,0.027405366837454093,Normal
TRP02308,1,0.16464987865178898,Normal
TRP02309,1,0.1310434757671895,Normal
TRP02310,1,0.18357420063467178,Normal
TRP02311,1,0.06762040565409311,Normal
TRP02312,1,0.16162680263567092,Normal
TRP02313,1,0.13432130645040058,Normal
TRP02314,-1,-0.05431056709460691,Anomaly
TRP02315,1,0.05071194169667326,Normal
TRP02316,1,0.1684079142296988,Normal
TRP02317,1,0.09727393662245354,Normal
TRP02318,1,0.18054902402547107,Normal
TRP02319,1,0.12480769822002119,Normal
TRP02320,1,0.15870963109869962,Normal
TRP02321,1,0.147769408814383,Normal
TRP02322,1,0.17298697534143037,Normal
TRP02323,1,0.131613114088018,Normal
TRP02324,1,0.17211622280845013,Normal
TRP02325,1,0.0018250826345886928,Normal
TRP02326,1,0.1301830092295192,Normal
TRP02327,1,0.05123484742811624,Normal
TRP02328,1,0.11530918113248972,Normal
TRP02329,1,0.08456130889655478,Normal
TRP02330,1,0.09996718717078368,Normal
TRP02331,1,0.16845182482350657,Normal
TRP02332,1,0.12618734856443486,Normal
TRP02333,1,0.06446955389767606,Normal
TRP02334,1,0.18135110600729093,Normal
TRP02335,1,0.11564951052876543,Normal
TRP02336,1,0.1770199943499638,Normal
TRP02337,1,0.09807527630321367,Normal
TRP02338,1,0.1364732578556101,Normal
TRP02339,1,0.16756261792174693,Normal
TRP02340,1,0.18036375443841496,Normal
TRP02341,1,0.05123484742811624,Normal
TRP02342,1,0.18750734788819678,Normal
TRP02343,1,0.16924279139439408,Normal
TRP02344,1,0.14574489706123556,Normal
TRP02345,1,0.16977472139271788,Normal
TRP02346,1,0.045691574754445186,Normal
TRP02347,1,0.039661869902745894,Normal
TRP02348,1,0.10698117361593656,Normal
TRP02349,1,0.10186689584252084,Normal
TRP02350,1,0.11193614851237843,Normal
TRP02351,1,0.16797295947648916,Normal
TRP02352,1,0.17378482959077984,Normal
TRP02353,1,0.1760067559364501,Normal
TRP02354,1,0.0545462050454848,Normal
TRP02355,1,0.06781224833709032,Normal
TRP02356,-1,-0.014989078971488934,Anomaly
TRP02357,1,0.0158160869527203,Normal
TRP02358,1,0.1432615188488237,Normal
TRP02359,1,0.08732795123669596,Normal
TRP02360,1,0.039186016128957446,Normal
TRP02361,1,0.14013228130695554,Normal
TRP02362,1,0.12048659584732724,Normal
TRP02363,1,0.04184591912440916,Normal
TRP02364,1,0.06657558602677327,Normal
TRP02365,1,0.181296374664202,Normal
TRP02366,1,0.072830254310848,Normal
TRP02367,1,0.12603391745020393,Normal
TRP02368,1,0.17658275794405942,Normal
TRP02369,1,0.09714911523883624,Normal
TRP02370,1,0.17998696364297612,Normal
TRP02371,1,0.17771886957167915,Normal
TRP02372,1,0.11921823202642207,Normal
TRP02373,1,0.07608847523124446,Normal
TRP02374,1,0.04370743572420688,Normal
TRP02375,1,0.16793230169158901,Normal
TRP02376,1,0.05861427856497137,Normal
TRP02377,1,0.12837976534849388,Normal
TRP02378,1,0.08904682101587064,Normal
TRP02379,1,0.18368605715055325,Normal
TRP02380,1,0.12084645084861118,Normal
TRP02381,-1,-0.08240137031393846,Anomaly
TRP02382,1,0.02856033190218965,Normal
TRP02383,1,0.007664330920203244,Normal
TRP02384,1,0.04534046543089554,Normal
TRP02385,1,0.08202056242197242,Normal
TRP02386,1,0.13550926748889558,Normal
TRP02387,1,0.12690123384058177,Normal
TRP02388,1,0.12761430284386405,Normal
TRP02389,1,0.18077986142339125,Normal
TRP02390,1,0.16366092496158519,Normal
TRP02391,1,0.17342467645207355,Normal
TRP02392,1,0.14454715944746954,Normal
TRP02393,1,0.16448094941721414,Normal
TRP02394,-1,-0.09077391218516084,Anomaly
TRP02395,1,0.11960755261548583,Normal
TRP02396,1,0.03076108609731354,Normal
TRP02397,1,0.17820125667582792,Normal
TRP02398,1,0.10075180833718189,Normal
TRP02399,1,0.16200466883302445,Normal
TRP02400,1,0.14079251407333476,Normal
TRP02401,1,0.12875081848159697,Normal
TRP02402,1,0.01939486816792113,Normal
TRP02403,1,0.05123484742811624,Normal
TRP02404,1,0.1340046451071274,Normal
TRP02405,1,0.10976374135856426,Normal
TRP02406,1,0.0077775357772913445,Normal
TRP02407,1,0.1341504275894953,Normal
TRP02408,1,0.09771869365525576,Normal
TRP02409,1,0.09299743691431145,Normal
TRP02410,1,0.11962367038002991,Normal
TRP02411,1,0.11159948693949573,Normal
TRP02412,1,0.1546127915706414,Normal
TRP02413,1,0.05123484742811624,Normal
TRP02414,1,0.1713538976811606,Normal
TRP02415,1,0.028137043358316904,Normal
TRP02416,1,0.1646092583319504,Normal
TRP02417,1,0.09826254956696517,Normal
TRP02418,1,0.10262794963017358,Normal
TRP02419,-1,-0.08930538146277434,Anomaly
TRP02420,1,0.10315930059119566,Normal
TRP02421,1,0.06796858262839023,Normal
TRP02422,1,0.09350597659547444,Normal
TRP02423,1,0.09350597659547444,Normal
TRP02424,1,0.12809400466215876,Normal
TRP02425,1,0.1719685523294271,Normal
TRP02426,1,0.11900008665236822,Normal
TRP02427,1,0.12558588503905227,Normal
TRP02428,1,0.1326071961297074,Normal
TRP02429,1,0.04724888611252431,Normal
TRP02430,1,0.08169320027507776,Normal
TRP02431,1,0.17052842175765054,Normal
TRP02432,1,0.1162579932602088,Normal
TRP02433,1,0.09256838456953481,Normal
TRP02434,1,0.021240133535145422,Normal
TRP02435,1,0.16690118238228513,Normal
TRP02436,1,0.16125480219340266,Normal
TRP02437,1,0.10511951975421807,Normal
TRP02438,1,0.08155837143437661,Normal
TRP02439,1,0.09749453441474343,Normal
TRP02440,1,0.09826254956696517,Normal
TRP02441,1,0.06473073163168064,Normal
TRP02442,1,0.06403522269760187,Normal
TRP02443,1,0.10170162096097984,Normal
TRP02444,1,0.15593385279489091,Normal
TRP02445,1,0.1146699516995186,Normal
TRP02446,1,0.16257608345467878,Normal
TRP02447,1,0.11764284746238102,Normal
TRP02448,1,0.09644767830862538,Normal
TRP02449,1,0.14138963637460145,Normal
TRP02450,1,0.05123484742811624,Normal
TRP02451,1,0.18020848656419314,Normal
TRP02452,1,0.10183240387890691,Normal
TRP02453,1,0.08375891527086488,Normal
TRP02454,1,0.060681222103524335,Normal
TRP02455,1,0.08151857332837797,Normal
TRP02456,1,0.1718082963854607,Normal
TRP02457,1,0.1596498832394569,Normal
TRP02458,1,0.08501691710678427,Normal
TRP02459,1,0.061825154874125876,Normal
TRP02460,1,0.169357081392069,Normal
TRP02461,1,0.15084417285242357,Normal
TRP02462,1,0.1499654596204058,Normal
TRP02463,1,0.17539991174520037,Normal
TRP02464,1,0.16217011967795814,Normal
TRP02465,1,0.1645467695305428,Normal
TRP02466,1,0.1367691944792339,Normal
TRP02467,1,0.10598161181711829,Normal
TRP02468,1,0.16721739309112882,Normal
TRP02469,1,0.07542326353905032,Normal
TRP02470,1,0.04940730550904837,Normal
TRP02471,1,0.1842320450543094,Normal
TRP02472,1,0.14226216270630487,Normal
TRP02473,1,0.17203333766092022,Normal
TRP02474,1,0.13795298872917994,Normal
TRP02475,1,0.02182249636996869,Normal
TRP02476,1,0.14406352822420282,Normal
TRP02477,1,0.1365022983438166,Normal
TRP02478,1,0.07521172305475432,Normal
TRP02479,1,0.1617530377824623,Normal
TRP02480,1,0.16655484491958217,Normal
TRP02481,-1,-0.01284337762224852,Anomaly
TRP02482,1,0.18246304456436957,Normal
TRP02483,1,0.050580691686462065,Normal
TRP02484,1,0.1689248709969523,Normal
TRP02485,1,0.052732596062851966,Normal
TRP02486,1,0.13393921497197597,Normal
TRP02487,1,0.1745692719367291,Normal
TRP02488,1,0.17437110995044214,Normal
TRP02489,1,0.16338406896743096,Normal
TRP02490,1,0.04613991069239021,Normal
TRP02491,1,0.048021702470133265,Normal
TRP02492,1,0.09885828575933403,Normal
TRP02493,1,0.05123484742811624,Normal
TRP02494,-1,-0.00246151987877552,Anomaly
TRP02495,1,0.17585982705896297,Normal
TRP02496,1,0.17824136838938498,Normal
TRP02497,1,0.046411154081229755,Normal
TRP02498,1,0.18470176255533077,Normal
TRP02499,1,0.1290760162320384,Normal
TRP02500,1,0.01939486816792113,Normal
TRP02501,1,0.10981328786772221,Normal
TRP02502,1,0.16689378494770601,Normal
TRP02503,1,0.0395983917223518,Normal
TRP02504,1,0.16279976820460962,Normal
TRP02505,1,0.09716657266722101,Normal
TRP02506,1,0.1000763539102022,Normal
TRP02507,1,0.08732795123669596,Normal
TRP02508,1,0.15584674761578549,Normal
TRP02509,1,0.05946844438207577,Normal
TRP02510,1,0.07045019167636624,Normal
TRP02511,1,0.07923489245626725,Normal
TRP02512,1,0.17956513625706944,Normal
TRP02513,1,0.16240478295910665,Normal
TRP02514,1,0.051321353305291195,Normal
TRP02515,1,0.15453274662753513,Normal
TRP02516,1,0.09799674790604229,Normal
TRP02517,1,0.10106708939071468,Normal
TRP02518,1,0.12575890532973244,Normal
TRP02519,1,0.15080220886718437,Normal
TRP02520,1,0.11803311748193418,Normal
TRP02521,1,0.10534765391969098,Normal
TRP02522,1,0.166013644430685,Normal
TRP02523,1,0.16395355552573299,Normal
TRP02524,1,0.1020580879170011,Normal
TRP02525,1,0.046960735240197726,Normal
TRP02526,1,0.051321353305291195,Normal
TRP02527,1,0.024324681033501827,Normal
TRP02528,1,0.09652946072833263,Normal
TRP02529,1,0.0942742238390406,Normal
TRP02530,1,0.07493783924070041,Normal
TRP02531,1,0.16662530130188724,Normal
TRP02532,1,0.12188517778566965,Normal
TRP02533,1,0.1736006529741459,Normal
TRP02534,1,0.11270010319661616,Normal
TRP02535,1,0.12584378692286063,Normal
TRP02536,1,0.180120078232952,Normal
TRP02537,1,0.14711628470492566,Normal
TRP02538,1,0.16710455275305708,Normal
TRP02539,1,0.16636560408824952,Normal
TRP02540,1,0.05172213976196682,Normal
TRP02541,-1,-0.05538618179561117,Anomaly
TRP02542,1,0.15267848737552941,Normal
TRP02543,1,0.10390329408743149,Normal
TRP02544,1,0.17117497382395352,Normal
TRP02545,1,0.07182203790063346,Normal
TRP02546,1,0.12833572595231646,Normal
TRP02547,1,0.0636268092615736,Normal
TRP02548,1,0.04598308154010289,Normal
TRP02549,1,0.16356971399612058,Normal
TRP02550,1,0.1615778779743523,Normal
TRP02551,1,0.07818461788219805,Normal
TRP02552,1,0.18333117627471207,Normal
TRP02553,1,0.13606580194846307,Normal
TRP02554,1,0.17931672404804716,Normal
TRP02555,1,0.1851302926944886,Normal
TRP02556,1,0.015426156514634304,Normal
TRP02557,1,0.08042359393723109,Normal
TRP02558,1,0.1606119700691201,Normal
TRP02559,1,0.09951963021748172,Normal
TRP02560,1,0.1495684590225032,Normal
TRP02561,1,0.1086339919016236,Normal
TRP02562,1,0.15704990646326272,Normal
TRP02563,-1,-0.012033988652599081,Anomaly
TRP02564,1,0.07774473927135284,Normal
TRP02565,1,0.08122035681312478,Normal
TRP02566,1,0.03508594397023057,Normal
TRP02567,1,0.04603265056236039,Normal
TRP02568,1,0.10132767615582683,Normal
TRP02569,1,0.04233757186462006,Normal
TRP02570,1,0.09823247091526727,Normal
TRP02571,1,0.09642751532359028,Normal
TRP02572,1,0.10242518969592013,Normal
TRP02573,1,0.12660270387278172,Normal
TRP02574,1,0.1559890389290728,Normal
TRP02575,1,0.08375891527086488,Normal
TRP02576,1,0.05643245245852757,Normal
TRP02577,1,0.06543753094210147,Normal
TRP02578,1,0.15257939308206747,Normal
TRP02579,1,0.10578535307408526,Normal
TRP02580,-1,-0.0008670886035289094,Anomaly
TRP02581,1,0.16096472452450616,Normal
TRP02582,-1,-0.0021109577160588477,Anomaly
TRP02583,1,0.09655654091730465,Normal
TRP02584,1,0.17271128241924966,Normal
TRP02585,1,0.15204218694438792,Normal
TRP02586,1,0.08986178105993398,Normal
TRP02587,1,0.03191903832212384,Normal
TRP02588,1,0.02722731672503076,Normal
TRP02589,1,0.17012249809453173,Normal
TRP02590,1,0.09980869144565269,Normal
TRP02591,1,0.10735975968669809,Normal
TRP02592,1,0.0943785227535347,Normal
TRP02593,1,0.08098493651484096,Normal
TRP02594,1,0.17665785346869473,Normal
TRP02595,-1,-0.006355647736648651,Anomaly
TRP02596,1,0.15605282759496175,Normal
TRP02597,1,0.17197824071225065,Normal
TRP02598,1,0.030618312901937283,Normal
TRP02599,1,0.14964054027941748,Normal
TRP02600,1,0.1704046465500269,Normal
TRP02601,1,0.1789502521959181,Normal
TRP02602,1,0.0330949730583503,Normal
TRP02603,1,0.17187975003333833,Normal
TRP02604,1,0.18467972247339942,Normal
TRP02605,1,0.08456130889655478,Normal
TRP02606,1,0.17901635803724925,Normal
TRP02607,1,0.1802579000893869,Normal
TRP02608,1,0.05123484742811624,Normal
TRP02609,1,0.030040556284125053,Normal
TRP02610,1,0.13818520169791038,Normal
TRP02611,1,0.10183240387890691,Normal
TRP02612,1,0.18229464174960214,Normal
TRP02613,1,0.17902310368837415,Normal
TRP02614,1,0.1680446831139482,Normal
TRP02615,1,0.14402825209497083,Normal
TRP02616,-1,-0.01943238720327567,Anomaly
TRP02617,1,0.1148051338910896,Normal
TRP02618,1,0.17838947182235831,Normal
TRP02619,1,0.06686255637491878,Normal
TRP02620,1,0.16064776797660624,Normal
TRP02621,1,0.1839380381934405,Normal
TRP02622,1,0.17928089071351216,Normal
TRP02623,1,0.14597427511534988,Normal
TRP02624,1,0.17894912886673037,Normal
TRP02625,1,0.16244477664616813,Normal
TRP02626,1,0.08726492990242968,Normal
TRP02627,1,0.04040034648187518,Normal
TRP02628,1,0.10209050022028465,Normal
TRP02629,1,0.18194325657172034,Normal
TRP02630,1,0.12433864263970684,Normal
TRP02631,1,0.16751516472377742,Normal
TRP02632,1,0.1613881457519724,Normal
TRP02633,1,0.17070195764236445,Normal
TRP02634,1,0.06578809702896726,Normal
TRP02635,1,0.1387839876456335,Normal
TRP02636,1,0.10869457346318001,Normal
TRP02637,1,0.15158090664788948,Normal
TRP02638,1,0.1758971934582655,Normal
TRP02639,1,0.17281154842197916,Normal
TRP02640,1,0.13955615971629254,Normal
TRP02641,1,0.16237032073322805,Normal
TRP02642,1,0.13447646101953625,Normal
TRP02643,1,0.12212581070014494,Normal
TRP02644,1,0.02340013839553101,Normal
TRP02645,1,0.03572793109808459,Normal
TRP02646,1,0.10480076684670281,Normal
TRP02647,1,0.18027567878213813,Normal
TRP02648,1,0.022803192848048548,Normal
TRP02649,1,0.07412420124228114,Normal
TRP02650,1,0.08390626949419755,Normal
TRP02651,1,0.08125135443958631,Normal
TRP02652,1,0.13407293626116862,Normal
TRP02653,1,0.11077077451233153,Normal
TRP02654,1,0.09931308258972449,Normal
TRP02655,1,0.051321353305291195,Normal
TRP02656,1,0.05639901439219008,Normal
TRP02657,1,0.03952878783843661,Normal
TRP02658,1,0.18375066239704152,Normal
TRP02659,1,0.1645307454912472,Normal
TRP02660,1,0.17547916660149648,Normal
TRP02661,1,0.0901734111621822,Normal
TRP02662,1,0.16818900551032,Normal
TRP02663,1,0.18399694985650256,Normal
TRP02664,1,0.1748284523676582,Normal
TRP02665,1,0.14818751672624947,Normal
TRP02666,1,0.030240000899779185,Normal
TRP02667,1,0.17078411145278,Normal
TRP02668,1,0.17621984651951195,Normal
TRP02669,1,0.06391783300896359,Normal
TRP02670,-1,-0.017128697648171043,Anomaly
TRP02671,1,0.09875802368340736,Normal
TRP02672,1,0.13334599222123344,Normal
TRP02673,1,0.0813612158379537,Normal
TRP02674,1,0.14186614836334066,Normal
TRP02675,1,0.1188314476665977,Normal
TRP02676,1,0.037937150825956945,Normal
TRP02677,1,0.05574610309231065,Normal
TRP02678,1,0.14716975477673455,Normal
TRP02679,1,0.050718685449557155,Normal
TRP02680,1,0.16906094957452972,Normal
TRP02681,1,0.037839865764195624,Normal
TRP02682,1,0.11749803987182761,Normal
TRP02683,-1,-0.030577335616831403,Anomaly
TRP02684,1,0.029972781890393985,Normal
TRP02685,1,0.08428240654513336,Normal
TRP02686,1,0.12157371914219939,Normal
TRP02687,1,0.16325922528620435,Normal
TRP02688,-1,-0.014285305245184121,Anomaly
TRP02689,1,0.1856604895744015,Normal
TRP02690,1,0.09995444456431274,Normal
TRP02691,1,0.15690139659750718,Normal
TRP02692,1,0.15975848443114343,Normal
TRP02693,1,0.1807857609227952,Normal
TRP02694,1,0.1722286752901463,Normal
TRP02695,1,0.1615708790058456,Normal
TRP02696,1,0.15090507580903423,Normal
TRP02697,1,0.1646890751261862,Normal
TRP02698,1,0.14336000832322993,Normal
TRP02699,1,0.09714911523883624,Normal
TRP02700,1,0.14072083424437115,Normal
TRP02701,1,0.1767807142319528,Normal
TRP02702,1,0.04828953433623384,Normal
TRP02703,1,0.11622433988189851,Normal
TRP02704,1,0.18064346030995654,Normal
TRP02705,1,0.059002179876557426,Normal
TRP02706,1,0.1489201977301684,Normal
TRP02707,1,0.08274772001904473,Normal
TRP02708,1,0.08533409700374778,Normal
TRP02709,1,0.04934818160295451,Normal
TRP02710,1,0.12186304331034548,Normal
TRP02711,1,0.15738925008182775,Normal
TRP02712,1,0.14571847327797005,Normal
TRP02713,1,0.1350309354510169,Normal
TRP02714,1,0.06824609390494396,Normal
TRP02715,1,0.12305764816848613,Normal
TRP02716,1,0.01712201252054546,Normal
TRP02717,1,0.14614250597047435,Normal
TRP02718,1,0.1766482738020459,Normal
TRP02719,1,0.1442226927540744,Normal
TRP02720,1,0.10106708939071468,Normal
TRP02721,1,0.06719881167196562,Normal
TRP02722,1,0.12194240822122726,Normal
TRP02723,1,0.10602064605348244,Normal
TRP02724,1,0.17248951577079374,Normal
TRP02725,1,0.12081845287522947,Normal
TRP02726,1,0.0920609115139634,Normal
TRP02727,1,0.06668409049650381,Normal
TRP02728,1,0.12009853670274945,Normal
TRP02729,1,0.0786364339368657,Normal
TRP02730,1,0.17396132791742652,Normal
TRP02731,1,0.1305369412456186,Normal
TRP02732,-1,-0.002038541584853948,Anomaly
TRP02733,1,0.18739758841044402,Normal
TRP02734,1,0.17838291738219408,Normal
TRP02735,1,0.15497065603728166,Normal
TRP02736,1,0.14139720076230505,Normal
TRP02737,1,0.1436182207424777,Normal
TRP02738,1,0.16574281697850002,Normal
TRP02739,1,0.05069842006561365,Normal
TRP02740,1,0.14254589581217786,Normal
TRP02741,1,0.037937150825956945,Normal
TRP02742,1,0.07108909079166426,Normal
TRP02743,1,0.06549168193734856,Normal
TRP02744,1,0.05123484742811624,Normal
TRP02745,1,0.1774683151227598,Normal
TRP02746,1,0.13924423218191817,Normal
TRP02747,1,0.11496803645910969,Normal
TRP02748,1,0.029604465590451934,Normal
TRP02749,1,0.07565879205227105,Normal
TRP02750,1,0.11831275922299839,Normal
TRP02751,1,0.17403124986752855,Normal
TRP02752,1,0.018639133867564328,Normal
TRP02753,1,0.05739129788505515,Normal
TRP02754,1,0.051321353305291195,Normal
TRP02755,1,0.1384134397034038,Normal
TRP02756,1,0.11393779628916839,Normal
TRP02757,-1,-0.017467164295734472,Anomaly
TRP02758,1,0.15369675956780032,Normal
TRP02759,1,0.08284747271686332,Normal
TRP02760,1,0.093947007205683,Normal
TRP02761,1,0.07951019016312388,Normal
TRP02762,1,0.09794055256238154,Normal
TRP02763,1,0.05405658684028858,Normal
TRP02764,1,0.16519856547367717,Normal
TRP02765,1,0.18293012112649498,Normal
TRP02766,1,0.16504976587253856,Normal
TRP02767,1,0.13458164392020966,Normal
TRP02768,1,0.061229661566749916,Normal
TRP02769,1,0.0713962455310665,Normal
TRP02770,1,0.1511946745213718,Normal
TRP02771,1,0.1608123140209246,Normal
TRP02772,1,0.11512225100009577,Normal
TRP02773,1,0.060922961597081104,Normal
TRP02774,1,0.06707026080108713,Normal
TRP02775,1,0.15176395701657963,Normal
TRP02776,1,0.07525374092097636,Normal
TRP02777,-1,-0.013651754397544735,Anomaly
TRP02778,1,0.11974292920911273,Normal
TRP02779,1,0.09557904832927194,Normal
TRP02780,1,0.05123484742811624,Normal
TRP02781,1,0.17070217323956477,Normal
TRP02782,1,0.12467893068220492,Normal
TRP02783,1,0.17682167460241777,Normal
TRP02784,1,0.054894944732395645,Normal
TRP02785,1,0.004791813748111107,Normal
TRP02786,1,0.11466067924904239,Normal
TRP02787,1,0.09660130954635782,Normal
TRP02788,1,0.056389677536929694,Normal
TRP02789,1,0.045908506933030946,Normal
TRP02790,1,0.12303256326394141,Normal
TRP02791,1,0.07493783924070041,Normal
TRP02792,1,0.05442445440288246,Normal
TRP02793,1,0.18583633913565728,Normal
TRP02794,1,0.1712071871738856,Normal
TRP02795,1,0.11153281719092856,Normal
TRP02796,1,0.16599338045122392,Normal
TRP02797,1,0.10720779040757716,Normal
TRP02798,1,0.0867439788318709,Normal
TRP02799,1,0.08046704084862039,Normal
TRP02800,1,0.14242092101281917,Normal
TRP02801,1,0.04016392398754298,Normal
TRP02802,1,0.06909900647211242,Normal
TRP02803,1,0.14277716500153714,Normal
TRP02804,1,0.16666038994973942,Normal
TRP02805,1,0.08221743161272516,Normal
TRP02806,1,7.358144018532187e-07,Normal
TRP02807,1,0.11058891442025365,Normal
TRP02808,-1,-0.05252716677807956,Anomaly
TRP02809,1,0.17847586449654063,Normal
TRP02810,1,0.1371435466102317,Normal
TRP02811,1,0.17792475080360592,Normal
TRP02812,1,0.11141588387212309,Normal
TRP02813,1,0.14850309882456042,Normal
TRP02814,1,0.12740248002349752,Normal
TRP02815,1,0.07558888092571175,Normal
TRP02816,1,0.12386396844055036,Normal
TRP02817,1,0.055373068285666016,Normal
TRP02818,1,0.07371225769296752,Normal
TRP02819,1,0.1269635328578521,Normal
TRP02820,1,0.15029322020025743,Normal
TRP02821,1,0.08643229402565927,Normal
TRP02822,1,0.16479568531676286,Normal
TRP02823,1,0.18302961597374978,Normal
TRP02824,1,0.17728261488606817,Normal
TRP02825,1,0.07869625657959295,Normal
TRP02826,1,0.1538239579130916,Normal
TRP02827,1,0.17218787274913477,Normal
TRP02828,1,0.18373595545116317,Normal
TRP02829,1,0.1821315760657608,Normal
TRP02830,1,0.02856033190218965,Normal
TRP02831,1,0.1633169328532348,Normal
TRP02832,-1,-0.017530961525839772,Anomaly
TRP02833,1,0.1534463842006692,Normal
TRP02834,1,0.13894076174514153,Normal
TRP02835,1,0.07711273404831631,Normal
TRP02836,1,0.12178295691973845,Normal
TRP02837,1,0.1124325350531909,Normal
TRP02838,1,0.1519480696698614,Normal
TRP02839,1,0.15593389283751585,Normal
TRP02840,1,0.10032602722784778,Normal
TRP02841,1,0.11877370508809981,Normal
TRP02842,-1,-0.03210656427198333,Anomaly
TRP02843,1,0.08388439321858204,Normal
TRP02844,1,0.08732795123669596,Normal
TRP02845,1,0.18050622254399118,Normal
TRP02846,1,0.1671203938177651,Normal
TRP02847,1,0.141501133056103,Normal
TRP02848,1,0.06021581239579077,Normal
TRP02849,1,0.061411758802792815,Normal
TRP02850,1,0.10126296582802041,Normal
TRP02851,1,0.05751795990138786,Normal
TRP02852,-1,-0.03661123646007969,Anomaly
TRP02853,1,0.09574869781612927,Normal
TRP02854,1,0.09052457429818273,Normal
TRP02855,1,0.09446353895827847,Normal
TRP02856,1,0.15845929734266706,Normal
TRP02857,1,0.14816957120849883,Normal
TRP02858,1,0.17889597222853876,Normal
TRP02859,1,0.08286593839305362,Normal
TRP02860,1,0.050718685449557155,Normal
TRP02861,1,0.18277060846710486,Normal
TRP02862,1,0.17466622358847012,Normal
TRP02863,1,0.09564291126342012,Normal
TRP02864,1,0.0494576373404817,Normal
TRP02865,1,0.14802391971314383,Normal
TRP02866,-1,-0.00874993224783105,Anomaly
TRP02867,1,0.08320200168118308,Normal
TRP02868,1,0.10399473905110035,Normal
TRP02869,1,0.09799674790604229,Normal
TRP02870,1,0.1364479195736359,Normal
TRP02871,1,0.06781360317840579,Normal
TRP02872,1,0.11077512465079686,Normal
TRP02873,1,0.13912155934693593,Normal
TRP02874,1,0.07366823835141567,Normal
TRP02875,1,0.1509267506983223,Normal
TRP02876,1,0.1381891578289225,Normal
TRP02877,1,0.1612380925125314,Normal
TRP02878,1,0.09996718717078368,Normal
TRP02879,1,0.060219576611381,Normal
TRP02880,1,0.12388955878626512,Normal
TRP02881,1,0.17680615877637917,Normal
TRP02882,1,0.14276825448196806,Normal
TRP02883,1,0.1301407014368975,Normal
TRP02884,1,0.16492324709498263,Normal
TRP02885,1,0.05509353950702478,Normal
TRP02886,1,0.07672839203186921,Normal
TRP02887,1,0.06021581239579077,Normal
TRP02888,1,0.18353243863677932,Normal
TRP02889,1,0.05123484742811624,Normal
TRP02890,1,0.17632260173575504,Normal
TRP02891,1,0.15623831113226344,Normal
TRP02892,1,0.12627017135525476,Normal
TRP02893,1,0.09561200908684553,Normal
TRP02894,1,0.11438777744357692,Normal
TRP02895,1,0.026734896163019606,Normal
TRP02896,1,0.1359460729037535,Normal
TRP02897,1,0.10149258018262386,Normal
TRP02898,1,0.0684899632311946,Normal
TRP02899,1,0.14770672432265874,Normal
TRP02900,1,0.056389677536929694,Normal
TRP02901,1,0.1503631431019773,Normal
TRP02902,1,0.08661450810972832,Normal
TRP02903,1,0.07724310406438867,Normal
TRP02904,1,0.14591883320924537,Normal
TRP02905,1,0.1219484941294412,Normal
TRP02906,1,0.06981813096055667,Normal
TRP02907,1,0.16491061380146455,Normal
TRP02908,1,0.09931308258972449,Normal
TRP02909,-1,-0.022127120223778385,Anomaly
TRP02910,1,0.1556285382889453,Normal
TRP02911,1,0.126285205081835,Normal
TRP02912,1,0.06311107100276003,Normal
TRP02913,1,0.15266874783275786,Normal
TRP02914,1,0.1807371462845337,Normal
TRP02915,1,0.06930282813773825,Normal
TRP02916,1,0.09931308258972449,Normal
TRP02917,1,0.16296445919442315,Normal
TRP02918,1,0.0545462050454848,Normal
TRP02919,1,0.09572528300523608,Normal
TRP02920,1,0.0980071190852258,Normal
TRP02921,1,0.13566686167974978,Normal
TRP02922,1,0.1746348289092945,Normal
TRP02923,1,0.06348171398248637,Normal
TRP02924,1,0.07734752653736288,Normal
TRP02925,1,0.1301336467764998,Normal
TRP02926,1,0.06137537927542602,Normal
TRP02927,1,0.14947858196957392,Normal
TRP02928,1,0.17838291738219408,Normal
TRP02929,1,0.14738668689870577,Normal
TRP02930,1,0.12570185270494538,Normal
TRP02931,1,0.05992603602721491,Normal
TRP02932,1,0.1632620406762395,Normal
TRP02933,1,0.15654358627686737,Normal
TRP02934,1,0.07942057654508355,Normal
TRP02935,1,0.09558463009326912,Normal
TRP02936,1,0.15614743082735422,Normal
TRP02937,1,0.17249550038151318,Normal
TRP02938,1,0.04135448457917057,Normal
TRP02939,1,0.1660726368594284,Normal
TRP02940,1,0.11279559744601264,Normal
TRP02941,1,0.1521433119618919,Normal
TRP02942,1,0.1394110877896137,Normal
TRP02943,1,0.17447898405783868,Normal
TRP02944,1,0.010903593780182241,Normal
TRP02945,1,0.1280923566674198,Normal
TRP02946,1,0.09181100811275339,Normal
TRP02947,1,0.1304810680714636,Normal
TRP02948,1,0.09652714056946171,Normal
TRP02949,-1,-0.12243567972756242,Anomaly
TRP02950,1,0.08713980153187645,Normal
TRP02951,1,0.15544948144030946,Normal
TRP02952,1,0.08874378033638586,Normal
TRP02953,1,0.15090243953040028,Normal
TRP02954,1,0.16646730987786634,Normal
TRP02955,1,0.10009620786702189,Normal
TRP02956,-1,-0.002207319489827886,Anomaly
TRP02957,-1,-0.045676923212368936,Anomaly
TRP02958,1,0.16625446372470026,Normal
TRP02959,1,0.12883471209244413,Normal
TRP02960,1,0.0773054580213211,Normal
TRP02961,1,0.0924567597759881,Normal
TRP02962,1,0.11015486967027083,Normal
TRP02963,1,0.08674255099923162,Normal
TRP02964,1,0.05992603602721491,Normal
TRP02965,1,0.014686538708902575,Normal
TRP02966,1,0.1158820394898607,Normal
TRP02967,1,0.1852512553987467,Normal
TRP02968,1,0.13307316003113362,Normal
TRP02969,1,0.01130137806407494,Normal
TRP02970,1,0.1737096173462398,Normal
TRP02971,1,0.06092093013788469,Normal
TRP02972,1,0.14633414335705275,Normal
TRP02973,1,0.09689578538153115,Normal
TRP02974,1,0.0717769032368436,Normal
TRP02975,1,0.18240427323477276,Normal
TRP02976,1,0.18378199458027333,Normal
TRP02977,1,0.15385709157299654,Normal
TRP02978,-1,-0.023994934827329173,Anomaly
TRP02979,1,0.0746497413056767,Normal
TRP02980,1,0.1861173538221727,Normal
TRP02981,1,0.10920512172929986,Normal
TRP02982,1,0.0783040550600419,Normal
TRP02983,1,0.030708197884601662,Normal
TRP02984,1,0.12562979762938326,Normal
TRP02985,1,0.024324681033501827,Normal
TRP02986,1,0.05123484742811624,Normal
TRP02987,1,0.12169734425995243,Normal
TRP02988,1,0.11606645185421133,Normal
TRP02989,-1,-0.002437037782996976,Anomaly
TRP02990,-1,-0.005966895994095389,Anomaly
TRP02991,1,0.14354266883064942,Normal
TRP02992,1,0.08452358561546153,Normal
TRP02993,1,0.05630671492601025,Normal
TRP02994,-1,-0.023599030173697688,Anomaly
TRP02995,1,0.06617908287555607,Normal
TRP02996,1,0.1537416127368597,Normal
TRP02997,1,0.13742409183749055,Normal
TRP02998,1,0.1793142525458855,Normal
TRP02999,1,0.13902564913393406,Normal
TRP03000,1,0.10551540394259595,Normal
TRP03001,1,0.0032157442685550874,Normal
TRP03002,1,0.16007681408630597,Normal
TRP03003,1,0.18126488682335978,Normal
TRP03004,-1,-0.0044976226287801735,Anomaly
TRP03005,1,0.17347517511302618,Normal
TRP03006,1,0.03264363177648644,Normal
TRP03007,1,0.034799249193999016,Normal
TRP03008,1,0.04877897042691892,Normal
TRP03009,-1,-0.01996062505262519,Anomaly
TRP03010,1,0.1210725247816703,Normal
TRP03011,1,0.08732795123669596,Normal
TRP03012,1,0.05678408970529869,Normal
TRP03013,1,0.08359095561191188,Normal
TRP03014,1,0.04780629469813591,Normal
TRP03015,1,0.006959203753287735,Normal
TRP03016,1,0.08155837143437661,Normal
TRP03017,1,0.11214551352322377,Normal
TRP03018,1,0.12854341800207847,Normal
TRP03019,1,0.1616271233683199,Normal
TRP03020,1,0.1563626200572295,Normal
TRP03021,-1,-0.023322701022640224,Anomaly
TRP03022,1,0.11340857884210626,Normal
TRP03023,1,0.1262246867426669,Normal
TRP03024,1,0.1383403506259161,Normal
TRP03025,1,0.1714459527513722,Normal
TRP03026,1,0.12896258377706538,Normal
TRP03027,1,0.07182203790063346,Normal
TRP03028,-1,-0.0191490805909591,Anomaly
TRP03029,1,0.17141475699437114,Normal
TRP03030,1,0.08041614173589534,Normal
TRP03031,1,0.1131731497114567,Normal
TRP03032,1,0.15946732292032312,Normal
TRP03033,1,0.09931308258972449,Normal
TRP03034,1,0.14760044158841246,Normal
TRP03035,1,0.12232363407126873,Normal
TRP03036,1,0.17738011906501944,Normal
TRP03037,1,0.15855759545498077,Normal
TRP03038,1,0.1651611403349259,Normal
TRP03039,1,0.1681298328379776,Normal
TRP03040,1,0.18384188806520108,Normal
TRP03041,1,0.05352084584591987,Normal
TRP03042,1,0.04352724123780172,Normal
TRP03043,1,0.12719540809090574,Normal
TRP03044,1,0.18512125964243936,Normal
TRP03045,1,0.05661108556891126,Normal
TRP03046,1,0.17588467658229734,Normal
TRP03047,1,0.053423320537534846,Normal
TRP03048,1,0.16883225672269841,Normal
TRP03049,1,0.148340393486794,Normal
TRP03050,1,0.12894986256036794,Normal
TRP03051,1,0.12222467094885187,Normal
TRP03052,1,0.07414110984428302,Normal
TRP03053,1,0.0980071190852258,Normal
TRP03054,1,0.13531695517683057,Normal
TRP03055,1,0.042812258618452725,Normal
TRP03056,1,0.17086689973411956,Normal
TRP03057,1,0.07023052829737109,Normal
TRP03058,1,0.14212151576675025,Normal
TRP03059,-1,-0.04883328455917091,Anomaly
TRP03060,1,0.17406817356925802,Normal
TRP03061,1,0.07099059616310299,Normal
TRP03062,1,0.13842721279977555,Normal
TRP03063,1,0.06671482903023251,Normal
TRP03064,-1,-0.02080897891526945,Anomaly
TRP03065,1,0.0965564148954911,Normal
TRP03066,-1,-0.00428589403773294,Anomaly
TRP03067,1,0.1475176130697795,Normal
TRP03068,1,0.11644558358749285,Normal
TRP03069,1,0.05787127645237655,Normal
TRP03070,1,0.04457122009060854,Normal
TRP03071,1,0.04391288608510524,Normal
TRP03072,1,0.08456130889655478,Normal
TRP03073,1,0.1412104565929438,Normal
TRP03074,1,0.05847422617095266,Normal
TRP03075,1,0.13486250012032241,Normal
TRP03076,1,0.11523583189261605,Normal
TRP03077,1,0.09919254395923788,Normal
TRP03078,1,0.17051820640063703,Normal
TRP03079,1,0.027690135651479486,Normal
TRP03080,1,0.1645671035911444,Normal
TRP03081,1,0.04598308154010289,Normal
TRP03082,1,0.051321353305291195,Normal
TRP03083,1,0.05123484742811624,Normal
TRP03084,1,0.18094546073080897,Normal
TRP03085,1,0.1798709529950972,Normal
TRP03086,1,0.18163711342100092,Normal
TRP03087,1,0.08932434187542088,Normal
TRP03088,1,0.1018444707395133,Normal
TRP03089,1,0.00040048290643646123,Normal
TRP03090,1,0.06417291665286684,Normal
TRP03091,1,0.10205166240487601,Normal
TRP03092,-1,-0.02507611052699865,Anomaly
TRP03093,1,0.11346676467082684,Normal
TRP03094,1,0.07624989906360896,Normal
TRP03095,1,0.08687677783209019,Normal
TRP03096,1,0.15777105609959713,Normal
TRP03097,1,0.14255789272368624,Normal
TRP03098,1,0.09713852265846856,Normal
TRP03099,1,0.09932707544652708,Normal
TRP03100,1,0.098848405044548,Normal
TRP03101,1,0.10391524394754859,Normal
TRP03102,1,0.1621081482418112,Normal
TRP03103,1,0.15600419527125053,Normal
TRP03104,-1,-0.04977357985824393,Anomaly
TRP03105,1,0.183694583543402,Normal
TRP03106,1,0.08456130889655478,Normal
TRP03107,1,0.021510838196843296,Normal
TRP03108,1,0.12395217154572347,Normal
TRP03109,1,0.11064096095432141,Normal
TRP03110,1,0.12176843935672715,Normal
TRP03111,1,0.021199758120571066,Normal
TRP03112,1,0.050580691686462065,Normal
TRP03113,1,0.13964242445213543,Normal
TRP03114,1,0.0016396624233588897,Normal
TRP03115,1,0.13629538252421824,Normal
TRP03116,1,0.12018177270992181,Normal
TRP03117,1,0.050267168217606906,Normal
TRP03118,1,0.07624989906360896,Normal
TRP03119,1,0.11321340741245062,Normal
TRP03120,1,0.08514180475819527,Normal
TRP03121,1,0.09484109113048356,Normal
TRP03122,1,0.08872096017544168,Normal
TRP03123,1,0.08221743161272516,Normal
TRP03124,1,0.09738291151004258,Normal
TRP03125,1,0.049625576561370455,Normal
TRP03126,1,0.17959629215341377,Normal
TRP03127,1,0.009680987750699921,Normal
TRP03128,1,0.06907504508203544,Normal
TRP03129,1,0.1566667355560456,Normal
TRP03130,1,0.18317106686909107,Normal
TRP03131,1,0.13835542058051975,Normal
TRP03132,1,0.16797968326118712,Normal
TRP03133,-1,-0.020145968263324154,Anomaly
TRP03134,1,0.18213735882817034,Normal
TRP03135,1,0.1534018373551398,Normal
TRP03136,1,0.11957898801555661,Normal
TRP03137,1,0.13501031758504506,Normal
TRP03138,1,0.043934726093442844,Normal
TRP03139,1,0.1591694604031883,Normal
TRP03140,1,0.04615480969940833,Normal
TRP03141,1,0.18081231446814094,Normal
TRP03142,1,0.05123484742811624,Normal
TRP03143,1,0.05055463245944358,Normal
TRP03144,1,0.006226033580615353,Normal
TRP03145,1,0.05123484742811624,Normal
TRP03146,1,0.14987858265004955,Normal
TRP03147,1,0.1670963155797488,Normal
TRP03148,1,0.07363423405235225,Normal
TRP03149,1,0.18575999701905388,Normal
TRP03150,1,0.1439095190033961,Normal
TRP03151,1,0.039661869902745894,Normal
TRP03152,1,0.07712374525272131,Normal
TRP03153,1,0.08750077899931508,Normal
TRP03154,-1,-0.03998637749121592,Anomaly
TRP03155,1,0.16799296092892962,Normal
TRP03156,1,0.048751285480800655,Normal
TRP03157,1,0.16494483634289364,Normal
TRP03158,1,0.06025626137555096,Normal
TRP03159,1,0.05363885263199386,Normal
TRP03160,1,0.15819789229543346,Normal
TRP03161,1,0.12837980333486643,Normal
TRP03162,1,0.09689578538153115,Normal
TRP03163,1,0.028090309389821266,Normal
TRP03164,1,0.098848405044548,Normal
TRP03165,1,0.01217842770043187,Normal
TRP03166,1,0.15675842640988846,Normal
TRP03167,1,0.04233757186462006,Normal
TRP03168,1,0.05219212572810328,Normal
TRP03169,1,0.17902108869787026,Normal
TRP03170,1,0.09041086203662485,Normal
TRP03171,1,0.06470646455382811,Normal
TRP03172,1,0.10477374170940401,Normal
TRP03173,1,0.1125330689145545,Normal
TRP03174,1,0.16573149289806377,Normal
TRP03175,1,0.1251307014674065,Normal
TRP03176,1,0.12933314295302212,Normal
TRP03177,-1,-0.02423960246571777,Anomaly
TRP03178,1,0.07729694908856427,Normal
TRP03179,1,0.1424858450989689,Normal
TRP03180,1,0.14321326441794907,Normal
TRP03181,1,0.06881936175199221,Normal
TRP03182,1,0.17577537888598832,Normal
TRP03183,1,0.17166465418026394,Normal
TRP03184,1,0.05097873323902502,Normal
TRP03185,1,0.01206712762322626,Normal
TRP03186,1,0.0546474292042094,Normal
TRP03187,1,0.11052484180026162,Normal
TRP03188,1,0.11289333874118052,Normal
TRP03189,1,0.0671920264816569,Normal
TRP03190,1,0.01614488536016767,Normal
TRP03191,1,0.1579419504191768,Normal
TRP03192,1,0.16325458461747572,Normal
TRP03193,1,0.18360156452553283,Normal
TRP03194,1,0.0619419995375573,Normal
TRP03195,1,0.053476977574264284,Normal
TRP03196,1,0.15714236202368215,Normal
TRP03197,1,0.05055463245944358,Normal
TRP03198,1,0.0983103977869238,Normal
TRP03199,1,0.17161069816799668,Normal
TRP03200,1,0.05820337322956082,Normal
TRP03201,1,0.09911119502690907,Normal
TRP03202,1,0.1793533891155653,Normal
TRP03203,1,0.14661157646835116,Normal
TRP03204,1,0.10386530664096327,Normal
TRP03205,1,0.16073420405780825,Normal
TRP03206,1,0.10836935978491818,Normal
TRP03207,1,0.17512003517576918,Normal
TRP03208,1,0.09754367970960565,Normal
TRP03209,1,0.027264683565324188,Normal
TRP03210,1,0.050580691686462065,Normal
TRP03211,1,0.09452873016582958,Normal
TRP03212,1,0.13374152144524393,Normal
TRP03213,1,0.04057340487596239,Normal
TRP03214,1,0.17901272832293857,Normal
TRP03215,1,0.17139163139401892,Normal
TRP03216,1,0.12669985080129081,Normal
TRP03217,-1,-0.004640521521643293,Anomaly
TRP03218,1,0.05123484742811624,Normal
TRP03219,1,0.0931309625185317,Normal
TRP03220,1,0.18094736270288347,Normal
TRP03221,1,0.05177780868416215,Normal
TRP03222,1,0.159095616207173,Normal
TRP03223,1,0.1627600833689184,Normal
TRP03224,1,0.1615627056289874,Normal
TRP03225,1,0.08577590348830333,Normal
TRP03226,1,0.14958805591769309,Normal
TRP03227,1,0.045908506933030946,Normal
TRP03228,1,0.08534121480333573,Normal
TRP03229,1,0.15693458865491738,Normal
TRP03230,1,0.11072932205144259,Normal
TRP03231,1,0.17768973001087662,Normal
TRP03232,1,0.0031815849128024043,Normal
TRP03233,1,0.15956474480809896,Normal
TRP03234,-1,-0.0057317494237987265,Anomaly
TRP03235,1,0.18142625305016397,Normal
TRP03236,1,0.13900404790665954,Normal
TRP03237,1,0.12248785610891777,Normal
TRP03238,1,0.15711919675696423,Normal
TRP03239,1,0.07182203790063346,Normal
TRP03240,1,0.10236801915852245,Normal
TRP03241,1,0.038219478490799874,Normal
TRP03242,1,0.1737750159932026,Normal
TRP03243,1,0.051321353305291195,Normal
TRP03244,1,0.14132401460864674,Normal
TRP03245,1,0.17582790592569625,Normal
TRP03246,1,0.13990820985125624,Normal
TRP03247,1,0.1564602132226745,Normal
TRP03248,1,0.17357851222014742,Normal
TRP03249,1,0.07774398992713127,Normal
TRP03250,1,0.09771869365525576,Normal
TRP03251,1,0.11477524951020796,Normal
TRP03252,-1,-0.048703349586800226,Anomaly
TRP03253,1,0.06172137001235545,Normal
TRP03254,1,0.09689578538153115,Normal
TRP03255,1,0.1600550706996115,Normal
TRP03256,1,0.129098361026607,Normal
TRP03257,1,0.13056636170074237,Normal
TRP03258,1,0.13426813075373073,Normal
TRP03259,1,0.07901381628181364,Normal
TRP03260,1,0.10210938789506213,Normal
TRP03261,1,0.16324334797311119,Normal
TRP03262,1,0.03813872713143385,Normal
TRP03263,1,0.024491795043352416,Normal
TRP03264,1,0.05382560356338362,Normal
TRP03265,1,0.12027089860881718,Normal
TRP03266,1,0.07500418127259323,Normal
TRP03267,1,0.08501691710678427,Normal
TRP03268,1,0.10166537789608238,Normal
TRP03269,-1,-0.014989078971488934,Anomaly
TRP03270,1,0.18042603884540914,Normal
TRP03271,1,0.17476016499706754,Normal
TRP03272,1,0.18353114288215333,Normal
TRP03273,1,0.16851739281140332,Normal
TRP03274,1,0.06110411781717462,Normal
TRP03275,1,0.17532525449443098,Normal
TRP03276,1,0.12791720910146243,Normal
TRP03277,1,0.15936012366962277,Normal
TRP03278,1,0.16149469476553707,Normal
TRP03279,1,0.1560242083608535,Normal
TRP03280,1,0.10106708939071468,Normal
TRP03281,1,0.1626475903521173,Normal
TRP03282,1,0.021240133535145422,Normal
TRP03283,1,0.16565969483197884,Normal
TRP03284,1,0.08375891527086488,Normal
TRP03285,1,0.17302646014455464,Normal
TRP03286,1,0.05123484742811624,Normal
TRP03287,1,0.092268413252931,Normal
TRP03288,1,0.1581472947239277,Normal
TRP03289,1,0.18038062536815713,Normal
TRP03290,1,0.15614747233174525,Normal
TRP03291,1,0.10032602722784778,Normal
TRP03292,1,0.14102582224017518,Normal
TRP03293,1,0.0789481137437752,Normal
TRP03294,1,0.09258610681578539,Normal
TRP03295,-1,-0.09375471981808747,Anomaly
TRP03296,-1,-0.008777648318211817,Anomaly
TRP03297,1,0.15677767427945638,Normal
TRP03298,1,0.021612211699035044,Normal
TRP03299,1,0.07612858492267766,Normal
TRP03300,1,0.13413895852320162,Normal
TRP03301,1,0.07070031351828554,Normal
TRP03302,1,0.11635098693455309,Normal
TRP03303,1,0.03431516596786288,Normal
TRP03304,1,0.15467158286067728,Normal
TRP03305,1,0.11088220475122934,Normal
TRP03306,1,0.12776048243567617,Normal
TRP03307,1,0.11600112442573318,Normal
TRP03308,1,0.16615600116328538,Normal
TRP03309,1,0.1725813234975695,Normal
TRP03310,1,0.05678626270744025,Normal
TRP03311,1,0.05944075825730255,Normal
TRP03312,1,0.055521545880637624,Normal
TRP03313,1,0.048751285480800655,Normal
TRP03314,1,0.06487329922743512,Normal
TRP03315,1,0.18289985534435838,Normal
TRP03316,1,0.061229661566749916,Normal
TRP03317,-1,-0.044948258489038606,Anomaly
TRP03318,1,0.08544027959985051,Normal
TRP03319,1,0.07965685522167715,Normal
TRP03320,1,0.16647836473319244,Normal
TRP03321,-1,-0.09598408743048759,Anomaly
TRP03322,1,0.15610084983354228,Normal
TRP03323,1,0.12351497523100086,Normal
TRP03324,1,0.13109321175825445,Normal
TRP03325,1,0.15730861592938405,Normal
TRP03326,1,0.037770369928940895,Normal
TRP03327,1,0.07388257429838374,Normal
TRP03328,1,0.10507654759543977,Normal
TRP03329,1,0.050610212223161866,Normal
TRP03330,1,0.046574697933412956,Normal
TRP03331,1,0.12437526710825814,Normal
TRP03332,-1,-0.01760034938104671,Anomaly
TRP03333,1,0.0979852457497532,Normal
TRP03334,1,0.17999260151278385,Normal
TRP03335,1,0.1679925035491176,Normal
TRP03336,1,0.17416185070095663,Normal
TRP03337,1,0.13704329241921093,Normal
TRP03338,1,0.07434309591939292,Normal
TRP03339,1,0.05317815085978139,Normal
TRP03340,-1,-0.0290679826025797,Anomaly
TRP03341,1,0.10379079399880575,Normal
TRP03342,1,0.12760954616206927,Normal
TRP03343,1,0.1668136341613674,Normal
TRP03344,1,0.17994317839552493,Normal
TRP03345,1,0.03876316319044537,Normal
TRP03346,1,0.102420606536824,Normal
TRP03347,1,0.06470646455382811,Normal
TRP03348,1,0.05123484742811624,Normal
TRP03349,1,0.11831784864586842,Normal
TRP03350,1,0.17900336788703708,Normal
TRP03351,1,0.10283351360234372,Normal
TRP03352,-1,-0.015579282004612338,Anomaly
TRP03353,1,0.10804353116821092,Normal
TRP03354,1,0.10711474176042557,Normal
TRP03355,1,0.051748727537175965,Normal
TRP03356,1,0.10687290764390084,Normal
TRP03357,-1,-0.011597775694206724,Anomaly
TRP03358,1,0.16510339024353848,Normal
TRP03359,1,0.013554950723205006,Normal
TRP03360,1,0.13819991618290717,Normal
TRP03361,1,0.05123484742811624,Normal
TRP03362,-1,-0.06563100480678419,Anomaly
TRP03363,1,0.07668715185413388,Normal
TRP03364,1,0.17050068224247783,Normal
TRP03365,1,0.09918203264921593,Normal
TRP03366,1,0.14827993341030765,Normal
TRP03367,1,0.0996570915396478,Normal
TRP03368,1,0.17666799893381202,Normal
TRP03369,-1,-0.032801432755664606,Anomaly
TRP03370,1,0.013182040669683093,Normal
TRP03371,1,0.11424163415970934,Normal
TRP03372,1,0.06831841490273671,Normal
TRP03373,1,0.04511547696527152,Normal
TRP03374,1,0.0838718943939718,Normal
TRP03375,1,0.16325239139492154,Normal
TRP03376,-1,-0.07286214130030078,Anomaly
TRP03377,1,0.1084371731098821,Normal
TRP03378,1,0.08651000429578071,Normal
TRP03379,1,0.1363319660613309,Normal
TRP03380,1,0.10205234837490984,Normal
TRP03381,1,0.03191903832212384,Normal
TRP03382,1,0.04932779054264036,Normal
TRP03383,1,0.1635114994476785,Normal
TRP03384,1,0.1714494198599168,Normal
TRP03385,1,0.11586227232658414,Normal
TRP03386,1,0.05630671492601025,Normal
TRP03387,1,0.0388989602436306,Normal
TRP03388,1,0.1010500582531918,Normal
TRP03389,1,0.17631322966477608,Normal
TRP03390,1,0.17150864955113443,Normal
TRP03391,1,0.13474874112486773,Normal
TRP03392,1,0.09799674790604229,Normal
TRP03393,1,0.15866707645432665,Normal
TRP03394,1,0.12458768575196283,Normal
TRP03395,1,0.15657060373306253,Normal
TRP03396,1,0.12326898095515032,Normal
TRP03397,1,0.09357170904713114,Normal
TRP03398,1,0.1123430854210345,Normal
TRP03399,1,0.1799949041870338,Normal
TRP03400,1,0.1738571139590479,Normal
TRP03401,1,0.0996570915396478,Normal
TRP03402,1,0.17931070814968553,Normal
TRP03403,1,0.10016047216605578,Normal
TRP03404,1,0.16055865652992662,Normal
TRP03405,1,0.06179462607988884,Normal
TRP03406,1,0.023043657701202647,Normal
TRP03407,1,0.14832931050538628,Normal
TRP03408,1,0.1422459741553953,Normal
TRP03409,1,0.18188584094454574,Normal
TRP03410,-1,-0.020626031386684063,Anomaly
TRP03411,1,0.09302783696077838,Normal
TRP03412,1,0.16756520005139508,Normal
TRP03413,1,0.1827711066200382,Normal
TRP03414,1,0.1346021700693799,Normal
TRP03415,1,0.16506187022056168,Normal
TRP03416,1,0.10637488013857505,Normal
TRP03417,1,0.05768824787493532,Normal
TRP03418,1,0.06762040565409311,Normal
TRP03419,1,0.17514014359971164,Normal
TRP03420,1,0.17906523579028882,Normal
TRP03421,1,0.12466010088702711,Normal
TRP03422,-1,-0.00739747548509162,Anomaly
TRP03423,1,0.07898412263082277,Normal
TRP03424,1,0.08732795123669596,Normal
TRP03425,1,0.12619573843652543,Normal
TRP03426,1,0.18180848312793396,Normal
TRP03427,1,0.0545462050454848,Normal
TRP03428,1,0.1392025377286799,Normal
TRP03429,1,0.1601224600485952,Normal
TRP03430,1,0.1503918733127168,Normal
TRP03431,1,0.09652714056946171,Normal
TRP03432,1,0.08052190321091285,Normal
TRP03433,1,0.17631091044684222,Normal
TRP03434,1,0.17993551772720384,Normal
TRP03435,1,0.16349740851014005,Normal
TRP03436,1,0.16931872067894538,Normal
TRP03437,1,0.019416426876117,Normal
TRP03438,1,0.1493009413128895,Normal
TRP03439,1,0.10183240387890691,Normal
TRP03440,1,0.1790980057540315,Normal
TRP03441,1,0.1314305440807952,Normal
TRP03442,1,0.058232620262218315,Normal
TRP03443,1,0.07256565487018796,Normal
TRP03444,1,0.1376199612410694,Normal
TRP03445,-1,-0.01207013312819838,Anomaly
TRP03446,-1,-0.035951285878673245,Anomaly
TRP03447,1,0.07589495003481861,Normal
TRP03448,1,0.1341558591708623,Normal
TRP03449,1,0.16398644267415902,Normal
TRP03450,1,0.14017037529978388,Normal
TRP03451,1,0.17761202536409926,Normal
TRP03452,1,0.04438420116829134,Normal
TRP03453,1,0.014105422920396626,Normal
TRP03454,1,0.04886400932341439,Normal
TRP03455,1,0.07397619722313276,Normal
TRP03456,1,0.1819380267458734,Normal
TRP03457,1,0.1791781560038826,Normal
TRP03458,1,0.15528595976979775,Normal
TRP03459,1,0.15101346840824464,Normal
TRP03460,1,0.1811591392778522,Normal
TRP03461,1,0.17653953736620143,Normal
TRP03462,1,0.02123881922045978,Normal
TRP03463,1,0.09689578538153115,Normal
TRP03464,1,0.08419930648243334,Normal
TRP03465,1,0.15562760111414758,Normal
TRP03466,1,0.17905935472857176,Normal
TRP03467,1,0.16809820014137256,Normal
TRP03468,1,0.15357945026076392,Normal
TRP03469,1,0.14554440245405026,Normal
TRP03470,1,0.06722773316326291,Normal
TRP03471,1,0.06636101604329014,Normal
TRP03472,1,0.0019082621175575687,Normal
TRP03473,1,0.08375891527086488,Normal
TRP03474,1,0.16048071906375366,Normal
TRP03475,1,0.050443994508372336,Normal
TRP03476,1,0.13221780927398336,Normal
TRP03477,1,0.11828321355236915,Normal
TRP03478,1,0.1437904739299128,Normal
TRP03479,1,0.1639103200037993,Normal
TRP03480,1,0.17214451688820342,Normal
TRP03481,1,0.033373506485493976,Normal
TRP03482,1,0.13562347426207183,Normal
TRP03483,1,0.08041614173589534,Normal
TRP03484,1,0.07181214356506993,Normal
TRP03485,1,0.09294497202692248,Normal
TRP03486,1,0.08596351564796051,Normal
TRP03487,1,0.0838718943939718,Normal
TRP03488,1,0.16333045986899092,Normal
TRP03489,1,0.03636822368928028,Normal
TRP03490,1,0.12487860015101893,Normal
TRP03491,1,0.17717300745764725,Normal
TRP03492,1,0.12797147176747115,Normal
TRP03493,-1,-0.00884295964174131,Anomaly
TRP03494,1,0.14802106863568942,Normal
TRP03495,1,0.13871059944091058,Normal
TRP03496,1,0.055573873711956545,Normal
TRP03497,1,0.10183535085922396,Normal
TRP03498,1,0.09350597659547444,Normal
TRP03499,1,0.053381379074184054,Normal
TRP03500,1,0.05527414640243711,Normal
TRP03501,1,0.04694868153846099,Normal
TRP03502,1,0.14467030492780125,Normal
TRP03503,1,0.1573460219562836,Normal
TRP03504,1,0.1517780586866893,Normal
TRP03505,1,0.053381379074184054,Normal
TRP03506,1,0.18116618677854796,Normal
TRP03507,-1,-0.06853032219699362,Anomaly
TRP03508,1,0.10809703792793657,Normal
TRP03509,1,0.017027033372046252,Normal
TRP03510,1,0.0957698518196392,Normal
TRP03511,1,0.12903442791027198,Normal
TRP03512,1,0.16889061418554546,Normal
TRP03513,1,0.03747488212366201,Normal
TRP03514,1,0.12290431371526789,Normal
TRP03515,1,0.05177888642367212,Normal
TRP03516,-1,-0.0467329731912961,Anomaly
TRP03517,1,0.048751285480800655,Normal
TRP03518,1,0.15939118394739576,Normal
TRP03519,1,0.1623628009612068,Normal
TRP03520,1,0.11289809335082851,Normal
TRP03521,1,0.05811215620389898,Normal
TRP03522,1,0.15297727021620988,Normal
TRP03523,1,0.10113502622136539,Normal
TRP03524,1,0.10071754230238511,Normal
TRP03525,1,0.11793662553262108,Normal
TRP03526,1,0.011182832362799155,Normal
TRP03527,1,0.09255399590476787,Normal
TRP03528,1,0.05542320050072891,Normal
TRP03529,1,0.17248769500962136,Normal
TRP03530,1,0.01569348414210958,Normal
TRP03531,1,0.1729783016360632,Normal
TRP03532,1,0.020454780883101153,Normal
TRP03533,1,0.08714987834778498,Normal
TRP03534,1,0.16912376989805256,Normal
TRP03535,1,0.1414149183081576,Normal
TRP03536,1,0.15883492040753755,Normal
TRP03537,-1,-0.08001100877538248,Anomaly
TRP03538,1,0.07911057637796493,Normal
TRP03539,1,0.13873306243473577,Normal
TRP03540,1,0.09383355611324734,Normal
TRP03541,1,0.1681064700839658,Normal
TRP03542,1,0.17171767280715383,Normal
TRP03543,1,0.16503046771170277,Normal
TRP03544,1,0.09829029375918119,Normal
TRP03545,1,0.16402349542303968,Normal
TRP03546,1,0.15231899219298523,Normal
TRP03547,1,0.08203499719909929,Normal
TRP03548,1,0.15421724683236238,Normal
TRP03549,1,0.09910876887683007,Normal
TRP03550,1,0.16939278918779144,Normal
TRP03551,1,0.04004026309504971,Normal
TRP03552,1,0.13392403775717354,Normal
TRP03553,1,0.13059641609018863,Normal
TRP03554,-1,-0.014158188987386744,Anomaly
TRP03555,1,0.06162898062303823,Normal
TRP03556,1,0.15774519815481441,Normal
TRP03557,1,0.16120725805666092,Normal
TRP03558,1,0.03128669752194568,Normal
TRP03559,1,0.11080403525042765,Normal
TRP03560,1,0.1019166438737622,Normal
TRP03561,1,0.04150283167323243,Normal
TRP03562,1,0.15464792373892616,Normal
TRP03563,1,0.15543849508518132,Normal
TRP03564,1,0.16848871825779183,Normal
TRP03565,1,0.0609980855514306,Normal
TRP03566,1,0.17195950046753822,Normal
TRP03567,1,0.09113037137023322,Normal
TRP03568,1,0.028700255869149816,Normal
TRP03569,1,0.1787244105946869,Normal
TRP03570,1,0.17019331544803895,Normal
TRP03571,1,0.0618130231957249,Normal
TRP03572,1,0.13433700265102855,Normal
TRP03573,1,0.052030620506229974,Normal
TRP03574,1,0.17497638324782416,Normal
TRP03575,1,0.14489409724777352,Normal
TRP03576,1,0.16991077994288528,Normal
TRP03577,1,0.07937097669921606,Normal
TRP03578,1,0.10123903556516084,Normal
TRP03579,-1,-0.02510584204175692,Anomaly
TRP03580,1,0.03272224069082896,Normal
TRP03581,1,0.05069842006561365,Normal
TRP03582,1,0.1315549506308637,Normal
TRP03583,1,0.1570808794488831,Normal
TRP03584,1,0.10590746113294836,Normal
TRP03585,1,0.17753040865038672,Normal
TRP03586,1,0.0920609115139634,Normal
TRP03587,1,0.08514338846816977,Normal
TRP03588,-1,-0.013919389772305446,Anomaly
TRP03589,-1,-0.05848087041839256,Anomaly
TRP03590,1,0.14268450633361468,Normal
TRP03591,1,0.14971506298383497,Normal
TRP03592,1,0.17939743761600968,Normal
TRP03593,1,0.1793562939341703,Normal
TRP03594,1,0.07571699985389546,Normal
TRP03595,1,0.1774405111899069,Normal
TRP03596,1,0.08390720204951907,Normal
TRP03597,1,0.15547275085094436,Normal
TRP03598,1,0.024890296131006573,Normal
TRP03599,1,0.04904427829381253,Normal
TRP03600,1,0.1636760138906989,Normal
TRP03601,-1,-0.01680088396324997,Anomaly
TRP03602,1,0.06528723988998275,Normal
TRP03603,1,0.07729694908856427,Normal
TRP03604,1,0.1179677802597664,Normal
TRP03605,1,0.11456447439218947,Normal
TRP03606,1,0.1699369852729763,Normal
TRP03607,1,0.08626993968809182,Normal
TRP03608,1,0.029247380883258622,Normal
TRP03609,1,0.053381379074184054,Normal
TRP03610,-1,-0.056356865509547105,Anomaly
TRP03611,1,0.1829210232514037,Normal
TRP03612,1,0.10718643359396512,Normal
TRP03613,1,0.04481845889374381,Normal
TRP03614,1,0.050059034899696875,Normal
TRP03615,1,0.13300876577316162,Normal
TRP03616,1,0.15971297025024767,Normal
TRP03617,1,0.057518996726255045,Normal
TRP03618,1,0.07484639317016284,Normal
TRP03619,1,0.1280665076984724,Normal
TRP03620,1,0.15290643239809953,Normal
TRP03621,-1,-0.012930441563786976,Anomaly
TRP03622,1,0.05479458129752246,Normal
TRP03623,1,0.14949252069301383,Normal
TRP03624,-1,-0.0060432978136735205,Anomaly
TRP03625,1,0.10349729129718188,Normal
TRP03626,1,0.0961059502373755,Normal
TRP03627,1,0.03701147855023723,Normal
TRP03628,1,0.08958013150249688,Normal
TRP03629,1,0.17226220668133102,Normal
TRP03630,1,0.1608713148318313,Normal
TRP03631,1,0.12581004174741373,Normal
TRP03632,1,0.0782046829326068,Normal
TRP03633,1,0.15949487211469043,Normal
TRP03634,1,0.10629240319529742,Normal
TRP03635,1,0.11864296364124266,Normal
TRP03636,1,0.1659121385258842,Normal
TRP03637,1,0.07939755516492958,Normal
TRP03638,1,0.1726499931315496,Normal
TRP03639,-1,-0.03082946499294148,Anomaly
TRP03640,1,0.05123484742811624,Normal
TRP03641,1,0.0384199918423106,Normal
TRP03642,1,0.15593582540375295,Normal
TRP03643,1,0.09976993011946284,Normal
TRP03644,1,0.1099562171605436,Normal
TRP03645,1,0.07182203790063346,Normal
TRP03646,1,0.07326793383136221,Normal
TRP03647,1,0.18203631623783878,Normal
TRP03648,1,0.17589236125025198,Normal
TRP03649,1,0.03837814795635408,Normal
TRP03650,1,0.1611787568002372,Normal
TRP03651,1,0.1191745614876546,Normal
TRP03652,1,0.17738464861016978,Normal
TRP03653,1,0.1321945088935016,Normal
TRP03654,-1,-0.02681123390668516,Anomaly
TRP03655,1,0.1759164822423831,Normal
TRP03656,1,0.0779737085970591,Normal
TRP03657,1,0.11303599462829333,Normal
TRP03658,1,0.09652714056946171,Normal
TRP03659,1,0.07594754760461808,Normal
TRP03660,1,0.0545462050454848,Normal
TRP03661,1,0.12457382268272771,Normal
TRP03662,1,0.14550389942433734,Normal
TRP03663,1,0.07024989418916072,Normal
TRP03664,1,0.02170164824222265,Normal
TRP03665,1,0.11081281176584568,Normal
TRP03666,1,0.0766754526520444,Normal
TRP03667,1,0.1035529004017614,Normal
TRP03668,1,0.152563624523328,Normal
TRP03669,1,0.14970419407501317,Normal
TRP03670,1,0.17221552099107168,Normal
TRP03671,1,0.14963590373527752,Normal
TRP03672,1,0.1255622735351421,Normal
TRP03673,1,0.019353184206743257,Normal
TRP03674,1,0.14659999810485963,Normal
TRP03675,1,0.08533715749409732,Normal
TRP03676,1,0.04099133338685523,Normal
TRP03677,1,0.17580391855000516,Normal
TRP03678,1,0.10738719698676241,Normal
TRP03679,1,0.03741340847721941,Normal
TRP03680,1,0.15978003158262016,Normal
TRP03681,1,0.0980071190852258,Normal
TRP03682,1,0.1049977991453761,Normal
TRP03683,1,0.05123484742811624,Normal
TRP03684,1,0.11957255322104415,Normal
TRP03685,1,0.13318149183074413,Normal
TRP03686,1,0.12102834224656894,Normal
TRP03687,1,0.09658395927090513,Normal
TRP03688,1,0.03541834286932133,Normal
TRP03689,-1,-0.06023708089351354,Anomaly
TRP03690,1,0.0464444969101544,Normal
TRP03691,1,0.15231377700723148,Normal
TRP03692,1,0.15096520924734702,Normal
TRP03693,1,0.04954801537819575,Normal
TRP03694,-1,-0.048193944301872294,Anomaly
TRP03695,1,0.10387060455233588,Normal
TRP03696,1,0.0961777856155549,Normal
TRP03697,1,0.09151117256663666,Normal
TRP03698,1,0.16621808208249383,Normal
TRP03699,1,0.049600750352411516,Normal
TRP03700,1,0.16558563383018443,Normal
TRP03701,1,0.05632854025480849,Normal
TRP03702,1,0.09652714056946171,Normal
TRP03703,-1,-0.05464490272007849,Anomaly
TRP03704,1,0.10501647542633114,Normal
TRP03705,1,0.1586211831783298,Normal
TRP03706,1,0.04022268002738172,Normal
TRP03707,1,0.15758225535425496,Normal
TRP03708,1,0.0630289181652035,Normal
TRP03709,1,0.06403522269760187,Normal
TRP03710,-1,-0.0013355452206914586,Anomaly
TRP03711,1,0.11548802758415888,Normal
TRP03712,1,0.17674968082683634,Normal
TRP03713,1,0.07493783924070041,Normal
TRP03714,1,0.17953799483763105,Normal
TRP03715,1,0.12909469469310048,Normal
TRP03716,1,0.17883301896329673,Normal
TRP03717,1,0.0077775357772913445,Normal
TRP03718,1,0.17938988371967912,Normal
TRP03719,1,0.15829589492617913,Normal
TRP03720,1,0.047038729204937124,Normal
TRP03721,1,0.07624989906360896,Normal
TRP03722,1,0.09931086320197563,Normal
TRP03723,1,0.07216759119458627,Normal
TRP03724,1,0.1716544276711917,Normal
TRP03725,1,0.16890908080037614,Normal
TRP03726,1,0.1802587611734754,Normal
TRP03727,1,0.16661613808783593,Normal
TRP03728,1,0.004028129066155239,Normal
TRP03729,1,0.10091721060868114,Normal
TRP03730,-1,-0.10772642119753928,Anomaly
TRP03731,1,0.09758537566120173,Normal
TRP03732,1,0.13069124268461108,Normal
TRP03733,1,0.1472541022445833,Normal
TRP03734,1,0.16699751853006417,Normal
TRP03735,1,0.16982792567243937,Normal
TRP03736,1,0.18230309430611208,Normal
TRP03737,1,0.15975096456759758,Normal
TRP03738,1,0.11356480542916203,Normal
TRP03739,1,0.018584155253345447,Normal
TRP03740,1,0.14774170455136754,Normal
TRP03741,1,0.156523787778081,Normal
TRP03742,1,0.07161078895890316,Normal
TRP03743,-1,-0.0014925635461415787,Anomaly
TRP03744,1,0.12657840008248916,Normal
TRP03745,1,0.1349150143541829,Normal
TRP03746,1,0.12291603040726357,Normal
TRP03747,1,0.05060529295215732,Normal
TRP03748,1,0.04534046543089554,Normal
TRP03749,1,0.1488063679761849,Normal
TRP03750,1,0.1673363056295022,Normal
TRP03751,1,0.10648094015527915,Normal
TRP03752,1,0.16948513872848153,Normal
TRP03753,1,0.17536075293733522,Normal
TRP03754,1,0.1266997257537728,Normal
TRP03755,1,0.055573873711956545,Normal
TRP03756,1,0.15028319849600802,Normal
TRP03757,1,0.1485216305314101,Normal
TRP03758,1,0.16153382344085315,Normal
TRP03759,1,0.177481093726499,Normal
TRP03760,1,0.13950510397430854,Normal
TRP03761,1,0.11581017835623197,Normal
TRP03762,1,0.17324352949489263,Normal
TRP03763,1,0.15523751442896294,Normal
TRP03764,1,0.04233757186462006,Normal
TRP03765,1,0.12112768154809178,Normal
TRP03766,1,0.07194879872346038,Normal
TRP03767,1,0.1779125412121425,Normal
TRP03768,1,0.046029206105725806,Normal
TRP03769,1,0.10280665267881778,Normal
TRP03770,1,0.17119161020755624,Normal
TRP03771,1,0.08456130889655478,Normal
TRP03772,1,0.10088448499433694,Normal
TRP03773,1,0.12568262696727717,Normal
TRP03774,1,0.08390720204951907,Normal
TRP03775,1,0.1502640989513137,Normal
TRP03776,1,0.0979852457497532,Normal
TRP03777,1,0.1630176998433116,Normal
TRP03778,1,0.17389426913296208,Normal
TRP03779,1,0.06042860359137203,Normal
TRP03780,1,0.08225139587249852,Normal
TRP03781,1,0.10379079399880575,Normal
TRP03782,1,0.17388334652881343,Normal
TRP03783,1,0.14353630834200026,Normal
TRP03784,1,0.08098682312131422,Normal
TRP03785,1,0.14981320851822932,Normal
TRP03786,1,0.14006984467805483,Normal
TRP03787,1,0.05123484742811624,Normal
TRP03788,1,0.16633322361884112,Normal
TRP03789,1,0.10183307956514331,Normal
TRP03790,1,0.17805465048815172,Normal
TRP03791,1,0.13927625735663912,Normal
TRP03792,1,0.14732370093804342,Normal
TRP03793,1,0.15532424226576658,Normal
TRP03794,1,0.08988645106818033,Normal
TRP03795,-1,-0.06385449967298396,Anomaly
TRP03796,1,0.09562314665348531,Normal
TRP03797,1,0.16919562466937377,Normal
TRP03798,1,0.14127164968239686,Normal
TRP03799,1,0.1754791077267583,Normal
TRP03800,1,0.03832708496262727,Normal
TRP03801,1,0.04055743698914516,Normal
TRP03802,1,0.09479857522493279,Normal
TRP03803,1,0.0444261698038908,Normal
TRP03804,-1,-0.008138424521388354,Anomaly
TRP03805,1,0.17567424841188212,Normal
TRP03806,1,0.05123484742811624,Normal
TRP03807,1,0.17076610744660753,Normal
TRP03808,1,0.1383693260425381,Normal
TRP03809,1,0.06181863259456,Normal
TRP03810,1,0.13681784228047028,Normal
TRP03811,1,0.18152553805582822,Normal
TRP03812,1,0.08275941272482601,Normal
TRP03813,1,0.021240133535145422,Normal
TRP03814,1,0.17834916661331385,Normal
TRP03815,1,0.0615167581762881,Normal
TRP03816,-1,-0.05055051066174798,Anomaly
TRP03817,1,0.07875283312612902,Normal
TRP03818,1,0.03544813440496164,Normal
TRP03819,1,0.16785819491207588,Normal
TRP03820,1,0.1315473037196478,Normal
TRP03821,1,0.10602754607181714,Normal
TRP03822,1,0.17080611622890096,Normal
TRP03823,1,0.16336535421345194,Normal
TRP03824,1,0.038216121037089934,Normal
TRP03825,1,0.022601495188665055,Normal
TRP03826,1,0.17291240358618948,Normal
TRP03827,1,0.05123484742811624,Normal
TRP03828,1,0.12014815329483292,Normal
TRP03829,1,0.1801671772770474,Normal
TRP03830,1,0.17761730409700033,Normal
TRP03831,1,0.18272214633327827,Normal
TRP03832,1,0.03890058634440896,Normal
TRP03833,1,0.058006743184094045,Normal
TRP03834,1,0.09574869781612927,Normal
TRP03835,1,0.09718217103615495,Normal
TRP03836,1,0.06041238833572238,Normal
TRP03837,1,0.08337289365236411,Normal
TRP03838,1,0.18151125944867996,Normal
TRP03839,1,0.15084088169264714,Normal
TRP03840,1,0.14221473987735633,Normal
TRP03841,1,0.093598924385907,Normal
TRP03842,1,0.051321353305291195,Normal
TRP03843,1,0.17483312006470442,Normal
TRP03844,1,0.04940730550904837,Normal
TRP03845,1,0.17899710281769654,Normal
TRP03846,1,0.1318409013441102,Normal
TRP03847,1,0.17047872952600268,Normal
TRP03848,1,0.13784510849823045,Normal
TRP03849,1,0.1631352103136109,Normal
TRP03850,1,0.0034194217826449824,Normal
TRP03851,1,0.17963437893186546,Normal
TRP03852,1,0.07299918187494381,Normal
TRP03853,1,0.16202490341738807,Normal
TRP03854,1,0.18321177205160893,Normal
TRP03855,1,0.07147136457243575,Normal
TRP03856,1,0.049735959011421915,Normal
TRP03857,1,0.08981958562495568,Normal
TRP03858,1,0.04019887981466119,Normal
TRP03859,1,0.03832039258073683,Normal
TRP03860,1,0.048088493772247554,Normal
TRP03861,1,0.051436131198071555,Normal
TRP03862,1,0.1178824999354659,Normal
TRP03863,1,0.10740598756353054,Normal
TRP03864,1,0.05004531259157474,Normal
TRP03865,1,0.1051051467369119,Normal
TRP03866,1,0.10972833807495525,Normal
TRP03867,1,0.18050870772823913,Normal
TRP03868,1,0.09996718717078368,Normal
TRP03869,1,0.056474134929790365,Normal
TRP03870,1,0.16030519990863695,Normal
TRP03871,1,0.11611582772155099,Normal
TRP03872,1,0.16950168169215307,Normal
TRP03873,1,0.15374110544751507,Normal
TRP03874,1,0.1436419464379285,Normal
TRP03875,1,0.055573873711956545,Normal
TRP03876,1,0.16668231358833296,Normal
TRP03877,1,0.1067402920062076,Normal
TRP03878,1,0.15974268334764097,Normal
TRP03879,1,0.09574869781612927,Normal
TRP03880,1,0.1303158343662752,Normal
TRP03881,1,0.09302909131143045,Normal
TRP03882,1,0.16835316022132268,Normal
TRP03883,1,0.11927513534212003,Normal
TRP03884,1,0.1614003502011896,Normal
TRP03885,1,0.11878793580871544,Normal
TRP03886,1,0.15190651122807253,Normal
TRP03887,1,0.07628688928889754,Normal
TRP03888,1,0.10412966391906475,Normal
TRP03889,1,0.07385527877371179,Normal
TRP03890,1,0.16808823576851767,Normal
TRP03891,1,0.017868693478446773,Normal
TRP03892,1,0.05926249128416172,Normal
TRP03893,1,0.05654553983618249,Normal
TRP03894,1,0.06891717878374037,Normal
TRP03895,1,0.14359807250769724,Normal
TRP03896,1,0.0295117187259597,Normal
TRP03897,1,0.1356697992730591,Normal
TRP03898,1,0.07145958872401847,Normal
TRP03899,1,0.1350720724006001,Normal
TRP03900,1,0.11842103391271291,Normal
TRP03901,1,0.09907724888963276,Normal
TRP03902,1,0.06870760544937171,Normal
TRP03903,1,0.08735439284192126,Normal
TRP03904,1,0.09931308258972449,Normal
TRP03905,-1,-0.052404874984189886,Anomaly
TRP03906,1,0.039900315396995345,Normal
TRP03907,1,0.11564255711363836,Normal
TRP03908,1,0.08359095561191188,Normal
TRP03909,1,0.13116116980492148,Normal
TRP03910,1,0.08409106760290258,Normal
TRP03911,1,0.14259985533160546,Normal
TRP03912,1,0.0586495183330803,Normal
TRP03913,1,0.11060482758581974,Normal
TRP03914,1,0.13859324369386045,Normal
TRP03915,1,0.01939486816792113,Normal
TRP03916,1,0.16726554500784718,Normal
TRP03917,1,0.07169580311156254,Normal
TRP03918,1,0.11003989407266923,Normal
TRP03919,1,0.16106745588458637,Normal
TRP03920,1,0.017483762128302383,Normal
TRP03921,1,0.18107183744165006,Normal
TRP03922,-1,-0.002207319489827886,Anomaly
TRP03923,1,0.12235478742850231,Normal
TRP03924,1,0.17576555495717483,Normal
TRP03925,1,0.03440876619924338,Normal
TRP03926,1,0.044307558607778574,Normal
TRP03927,1,0.154506625794877,Normal
TRP03928,1,0.05714140588100658,Normal
TRP03929,1,0.04765073023529942,Normal
TRP03930,1,0.07444869309822832,Normal
TRP03931,1,0.17055232525300001,Normal
TRP03932,-1,-0.014351184365619551,Anomaly
TRP03933,-1,-0.00874993224783105,Anomaly
TRP03934,1,0.03606708163647687,Normal
TRP03935,1,0.06403522269760187,Normal
TRP03936,1,0.02722731672503076,Normal
TRP03937,-1,-0.015961548667283054,Anomaly
TRP03938,1,0.07600487667084765,Normal
TRP03939,1,0.06867228413711335,Normal
TRP03940,-1,-0.016930931675028904,Anomaly
TRP03941,1,0.14816520239918135,Normal
TRP03942,1,0.08155837143437661,Normal
TRP03943,1,0.0026264199944706634,Normal
TRP03944,1,0.13355121779666485,Normal
TRP03945,1,0.1784428503653122,Normal
TRP03946,1,0.16380980291803943,Normal
TRP03947,1,0.1626465026118974,Normal
TRP03948,1,0.02856033190218965,Normal
TRP03949,1,0.14649716654731798,Normal
TRP03950,1,0.09350597659547444,Normal
TRP03951,1,0.05011673605040767,Normal
TRP03952,1,0.13228844219468,Normal
TRP03953,1,0.15421799147449095,Normal
TRP03954,1,0.15562431834360585,Normal
TRP03955,1,0.05820337322956082,Normal
TRP03956,1,0.08615397815273856,Normal
TRP03957,1,0.1665095540169258,Normal
TRP03958,-1,-0.016324075798776483,Anomaly
TRP03959,1,0.11328760363351664,Normal
TRP03960,1,0.182123876040566,Normal
TRP03961,1,0.1496790361181784,Normal
TRP03962,1,0.1833769502663684,Normal
TRP03963,1,0.05526978039699959,Normal
TRP03964,1,0.09974829445395561,Normal
TRP03965,1,0.15007045681550746,Normal
TRP03966,1,0.10629240319529742,Normal
TRP03967,1,0.1557765110458605,Normal
TRP03968,1,0.14056473210825893,Normal
TRP03969,1,0.03801744515396188,Normal
TRP03970,1,0.10379079399880575,Normal
TRP03971,1,0.009571610881790038,Normal
TRP03972,-1,-0.01680088396324997,Anomaly
TRP03973,1,0.07493783924070041,Normal
TRP03974,1,0.021074390912054652,Normal
TRP03975,1,0.002947566494320708,Normal
TRP03976,1,0.10357687385466718,Normal
TRP03977,1,0.09188206734895316,Normal
TRP03978,1,0.028137043358316904,Normal
TRP03979,1,0.10785873370565968,Normal
TRP03980,1,0.168691325207651,Normal
TRP03981,1,0.16460901906119207,Normal
TRP03982,1,0.1529148856435888,Normal
TRP03983,1,0.056654956300322135,Normal
TRP03984,1,0.02397652688404528,Normal
TRP03985,1,0.14652595452489364,Normal
TRP03986,1,0.1576886546462002,Normal
TRP03987,1,0.10990620941536539,Normal
TRP03988,-1,-0.0015867580253895452,Anomaly
TRP03989,1,0.07291458050998378,Normal
TRP03990,1,0.17852930148080487,Normal
TRP03991,1,0.1586441224635014,Normal
TRP03992,-1,-0.007128192826821866,Anomaly
TRP03993,1,0.0961059502373755,Normal
TRP03994,1,0.1837226229616854,Normal
TRP03995,1,0.08714987834778498,Normal
TRP03996,-1,-0.03112451747267364,Anomaly
TRP03997,1,0.1814159686075445,Normal
TRP03998,1,0.1666060180841752,Normal
TRP03999,1,0.04640691211816794,Normal
TRP04000,1,0.09747582279205053,Normal
TRP04001,1,0.12951363159935453,Normal
TRP04002,1,0.1675706342033032,Normal
TRP04003,1,0.18156361310716068,Normal
TRP04004,-1,-0.0483384282903343,Anomaly
TRP04005,1,0.17666799893381202,Normal
TRP04006,1,0.05481000154752902,Normal
TRP04007,1,0.09592781684491158,Normal
TRP04008,1,0.10555481798814009,Normal
TRP04009,-1,-0.002207319489827886,Anomaly
TRP04010,1,0.17127548216241711,Normal
TRP04011,1,0.06622991696187974,Normal
TRP04012,1,0.11415391028188365,Normal
TRP04013,1,0.07471558538789436,Normal
TRP04014,1,0.14802876603829634,Normal
TRP04015,1,0.09453853067703888,Normal
TRP04016,1,0.03745923791421313,Normal
TRP04017,1,0.17293106890930643,Normal
TRP04018,1,0.02301282819357453,Normal
TRP04019,1,0.10957830915922684,Normal
TRP04020,1,0.09562131980816724,Normal
TRP04021,1,0.08480343171752386,Normal
TRP04022,1,0.16494839410411472,Normal
TRP04023,1,0.10170162096097984,Normal
TRP04024,1,0.1230671324896992,Normal
TRP04025,1,0.06722266621349804,Normal
TRP04026,1,0.16659158271579888,Normal
TRP04027,1,0.14068650871301208,Normal
TRP04028,1,0.113835775663574,Normal
TRP04029,1,0.08714987834778498,Normal
TRP04030,1,0.14164701969630694,Normal
TRP04031,1,0.1687344358958287,Normal
TRP04032,1,0.1373702780854732,Normal
TRP04033,1,0.1545564608799826,Normal
TRP04034,1,0.1800520120844975,Normal
TRP04035,1,0.16739997876952373,Normal
TRP04036,1,0.10587227956524631,Normal
TRP04037,1,0.09747582279205053,Normal
TRP04038,1,0.14082134260109408,Normal
TRP04039,1,0.07085225379514515,Normal
TRP04040,1,0.03848708016997193,Normal
TRP04041,1,0.14631582004164,Normal
TRP04042,1,0.057180175472051564,Normal
TRP04043,1,0.11860878293227073,Normal
TRP04044,1,0.10501647542633114,Normal
TRP04045,1,0.05424554181656249,Normal
TRP04046,1,0.1740149495529245,Normal
TRP04047,1,0.17219716900195536,Normal
TRP04048,1,0.16085131867257013,Normal
TRP04049,1,0.07637882797126067,Normal
TRP04050,1,0.1289431345904284,Normal
TRP04051,1,0.07059263003478089,Normal
TRP04052,1,0.16803573903411323,Normal
TRP04053,1,0.17732673354435124,Normal
TRP04054,1,0.0386987754209871,Normal
TRP04055,-1,-0.040747703587015294,Anomaly
TRP04056,1,0.14772327416970926,Normal
TRP04057,1,0.09980565117244022,Normal
TRP04058,1,0.15629267275273107,Normal
TRP04059,1,0.04685381093890606,Normal
TRP04060,1,0.0996570915396478,Normal
TRP04061,1,0.10805612905257289,Normal
TRP04062,1,0.07484639317016284,Normal
TRP04063,1,0.11468479944446042,Normal
TRP04064,1,0.17075197546058946,Normal
TRP04065,1,0.14288720568461083,Normal
TRP04066,1,0.05123484742811624,Normal
TRP04067,1,0.09507969469303273,Normal
TRP04068,1,0.06933588402190893,Normal
TRP04069,1,0.11420779797238562,Normal
TRP04070,1,0.17810741955495824,Normal
TRP04071,1,0.15616635988271038,Normal
TRP04072,1,0.03723323484802821,Normal
TRP04073,1,0.11050354119033334,Normal
TRP04074,1,0.07030419701651813,Normal
TRP04075,1,0.0845989164424234,Normal
TRP04076,1,0.13656872094696387,Normal
TRP04077,1,0.17779277057869286,Normal
TRP04078,1,0.051321353305291195,Normal
TRP04079,1,0.12247178061035296,Normal
TRP04080,1,0.11226211671125097,Normal
TRP04081,1,0.053880314030051446,Normal
TRP04082,1,0.026734896163019606,Normal
TRP04083,1,0.11958253344391756,Normal
TRP04084,1,0.17943619562471458,Normal
TRP04085,1,0.1091593529150221,Normal
TRP04086,-1,-0.02721743995594994,Anomaly
TRP04087,1,0.17791625277412065,Normal
TRP04088,-1,-0.0065684512336725565,Anomaly
TRP04089,1,0.1502379686689686,Normal
TRP04090,1,0.0035009845917907123,Normal
TRP04091,1,0.10835842892371028,Normal
TRP04092,1,0.07070031351828554,Normal
TRP04093,1,0.1269732918405687,Normal
TRP04094,1,0.1615135566670411,Normal
TRP04095,1,0.17928226940517328,Normal
TRP04096,1,0.08661450810972832,Normal
TRP04097,1,0.08364029081812535,Normal
TRP04098,1,0.044219410338928955,Normal
TRP04099,1,0.09714911523883624,Normal
TRP04100,1,0.017483762128302383,Normal
TRP04101,1,0.1608123140209246,Normal
TRP04102,1,0.029563766485147358,Normal
TRP04103,1,0.1612469280789452,Normal
TRP04104,1,0.16340270885337876,Normal
TRP04105,1,0.1150862255319065,Normal
TRP04106,1,0.08219303416922114,Normal
TRP04107,1,0.06433931313325247,Normal
TRP04108,1,0.14344285032480764,Normal
TRP04109,1,0.07914973664556385,Normal
TRP04110,1,0.15711099920614535,Normal
TRP04111,1,0.13229503876266951,Normal
TRP04112,1,0.18044172126646324,Normal
TRP04113,1,0.03526928168841503,Normal
TRP04114,1,0.09574869781612927,Normal
TRP04115,1,0.15981424746607192,Normal
TRP04116,1,0.15308029136277496,Normal
TRP04117,1,0.09703836475927446,Normal
TRP04118,1,0.09996718717078368,Normal
TRP04119,1,0.1331676234776814,Normal
TRP04120,1,0.14509298742257298,Normal
TRP04121,1,0.11200505869179728,Normal
TRP04122,1,0.1753374042045171,Normal
TRP04123,1,0.04967463269788297,Normal
TRP04124,1,0.06361139219287237,Normal
TRP04125,1,0.07444232327291522,Normal
TRP04126,1,0.04934797436772553,Normal
TRP04127,1,0.07225834113782992,Normal
TRP04128,1,0.17367768033364162,Normal
TRP04129,1,0.1517867623451526,Normal
TRP04130,1,0.11495692270779723,Normal
TRP04131,1,0.07712374525272131,Normal
TRP04132,1,0.08872096017544168,Normal
TRP04133,1,0.16900339418015908,Normal
TRP04134,1,0.17751920802292537,Normal
TRP04135,1,0.1025796869489422,Normal
TRP04136,1,0.18098573223616182,Normal
TRP04137,1,0.024890296131006573,Normal
TRP04138,1,0.038957496677237025,Normal
TRP04139,1,0.13616298251337405,Normal
TRP04140,1,0.14177574760492623,Normal
TRP04141,1,0.040413246287010485,Normal
TRP04142,1,0.10565753345981749,Normal
TRP04143,1,0.09906729984610924,Normal
TRP04144,1,0.0016244016532025451,Normal
TRP04145,1,0.07145958872401847,Normal
TRP04146,1,0.14717575231404478,Normal
TRP04147,1,0.16138143950046702,Normal
TRP04148,1,0.11983247113664075,Normal
TRP04149,1,0.029295773346461274,Normal
TRP04150,1,0.11021492160319712,Normal
TRP04151,1,0.15253707839327552,Normal
TRP04152,1,0.09151117256663666,Normal
TRP04153,1,0.16561526473198934,Normal
TRP04154,1,0.1794358185399733,Normal
TRP04155,1,0.09452873016582958,Normal
TRP04156,1,0.10450676988300789,Normal
TRP04157,1,0.12601387010912496,Normal
TRP04158,1,0.14080070756894864,Normal
TRP04159,1,0.1698522275282125,Normal
TRP04160,1,0.16693561339958446,Normal
TRP04161,1,0.07780387026231078,Normal
TRP04162,1,0.030040103012344832,Normal
TRP04163,1,0.0018696864489019527,Normal
TRP04164,1,0.15039786736169647,Normal
TRP04165,1,0.16024514312130178,Normal
TRP04166,1,0.030218604694244533,Normal
TRP04167,1,0.1759843402326663,Normal
TRP04168,1,0.14048218584787076,Normal
TRP04169,1,0.10429197176178767,Normal
TRP04170,1,0.0979852457497532,Normal
TRP04171,1,0.16383452687524896,Normal
TRP04172,1,0.1765088822896833,Normal
TRP04173,1,0.16174620939533885,Normal
TRP04174,1,0.08041614173589534,Normal
TRP04175,1,0.05123484742811624,Normal
TRP04176,1,0.07484639317016284,Normal
TRP04177,1,0.06987511989508555,Normal
TRP04178,1,0.15478160513388256,Normal
TRP04179,1,0.18050136472787975,Normal
TRP04180,1,0.17916312853857258,Normal
TRP04181,1,0.05838856503852319,Normal
TRP04182,1,0.00646354824611961,Normal
TRP04183,1,0.12540956896189348,Normal
TRP04184,-1,-0.007505494133642099,Anomaly
TRP04185,1,0.0674587948004054,Normal
TRP04186,1,0.0595924047633708,Normal
TRP04187,1,0.056389677536929694,Normal
TRP04188,1,0.13560642422627112,Normal
TRP04189,1,0.06222643972255171,Normal
TRP04190,1,0.07412420124228114,Normal
TRP04191,1,0.12501144994814317,Normal
TRP04192,1,0.07110687425087514,Normal
TRP04193,1,0.07256565487018796,Normal
TRP04194,1,0.006217111273332687,Normal
TRP04195,-1,-0.008563394635494936,Anomaly
TRP04196,1,0.15561464090627503,Normal
TRP04197,1,0.18423059524974605,Normal
TRP04198,-1,-0.012042549432804472,Anomaly
TRP04199,1,0.08666199400600422,Normal
TRP04200,1,0.16306029648070408,Normal
TRP04201,1,0.1085480262851754,Normal
TRP04202,1,0.012222390287178975,Normal
TRP04203,1,0.177931405460223,Normal
TRP04204,1,0.15005692132772175,Normal
TRP04205,1,0.1565034790920376,Normal
TRP04206,1,0.10012263268176208,Normal
TRP04207,-1,-0.002108809774077125,Anomaly
TRP04208,-1,-0.02160236898792056,Anomaly
TRP04209,1,0.08337289365236411,Normal
TRP04210,1,0.17500355368633208,Normal
TRP04211,1,0.05134375118247314,Normal
TRP04212,1,0.05956778022953513,Normal
TRP04213,1,0.1361617772790471,Normal
TRP04214,1,0.16374936929115852,Normal
TRP04215,1,0.0878542744805128,Normal
TRP04216,1,0.16492756184231278,Normal
TRP04217,1,0.11532077759697201,Normal
TRP04218,1,0.17430500913260788,Normal
TRP04219,-1,-0.02020237214422993,Anomaly
TRP04220,1,0.13437837682792853,Normal
TRP04221,1,0.18602956071653443,Normal
TRP04222,1,0.04940730550904837,Normal
TRP04223,1,0.07566345033608357,Normal
TRP04224,1,0.15658281592549034,Normal
TRP04225,1,0.07602889237077781,Normal
TRP04226,1,0.06311107100276003,Normal
TRP04227,1,0.16317616192288298,Normal
TRP04228,1,0.05378313340446561,Normal
TRP04229,1,0.09599021549282838,Normal
TRP04230,1,0.06297412617732079,Normal
TRP04231,1,0.10214387038892897,Normal
TRP04232,1,0.05937010375568652,Normal
TRP04233,1,0.06245437053714631,Normal
TRP04234,1,0.08286498316932622,Normal
TRP04235,1,0.15545126299802203,Normal
TRP04236,1,0.18019571076347912,Normal
TRP04237,1,0.17299404758627168,Normal
TRP04238,1,0.08835540819003995,Normal
TRP04239,1,0.17942808392541426,Normal
TRP04240,1,0.08456130889655478,Normal
TRP04241,1,0.057555765321907204,Normal
TRP04242,1,0.07737316961129215,Normal
TRP04243,1,0.1460970708132152,Normal
TRP04244,1,0.08378002362858705,Normal
TRP04245,1,0.1298041127671266,Normal
TRP04246,1,0.08609335738308899,Normal
TRP04247,-1,-0.010724273872674162,Anomaly
TRP04248,1,0.0029196567124794015,Normal
TRP04249,1,0.16153936946740077,Normal
TRP04250,1,0.15854938306765098,Normal
TRP04251,1,0.17979779348834435,Normal
TRP04252,1,0.034567474843061996,Normal
TRP04253,1,0.17942234895021164,Normal
TRP04254,1,0.16816209420474626,Normal
TRP04255,1,0.09901335328559113,Normal
TRP04256,1,0.16229592774459428,Normal
TRP04257,1,0.15988482938706783,Normal
TRP04258,1,0.15858922489768335,Normal
TRP04259,1,0.03204483862064378,Normal
TRP04260,1,0.014085601752524712,Normal
TRP04261,1,0.155820230390809,Normal
TRP04262,1,0.12343230747792538,Normal
TRP04263,1,0.05023764877791359,Normal
TRP04264,1,0.12216193771423228,Normal
TRP04265,1,0.08832772627282715,Normal
TRP04266,1,0.08528968367484985,Normal
TRP04267,1,0.12914063165007672,Normal
TRP04268,1,0.15409426489841255,Normal
TRP04269,1,0.08637570502571756,Normal
TRP04270,1,0.028794688041377747,Normal
TRP04271,1,0.15465898290792984,Normal
TRP04272,1,0.1711186771747542,Normal
TRP04273,1,0.08593390718826316,Normal
TRP04274,1,0.05031971984101635,Normal
TRP04275,1,0.09441778921352062,Normal
TRP04276,1,0.09300792897702265,Normal
TRP04277,1,0.08337289365236411,Normal
TRP04278,1,0.008200328336486318,Normal
TRP04279,1,0.08872096017544168,Normal
TRP04280,1,0.18383438776790745,Normal
TRP04281,-1,-0.05107578502162913,Anomaly
TRP04282,1,0.06021702050315436,Normal
TRP04283,1,0.07145958872401847,Normal
TRP04284,1,0.028838714279139754,Normal
TRP04285,1,0.005991794171531173,Normal
TRP04286,1,0.12289530495543677,Normal
TRP04287,1,0.05123484742811624,Normal
TRP04288,-1,-0.019207931566033176,Anomaly
TRP04289,1,0.16489694003795757,Normal
TRP04290,1,0.12198190627739125,Normal
TRP04291,1,0.1729462612155347,Normal
TRP04292,1,0.1390107066090086,Normal
TRP04293,1,0.13326158208270938,Normal
TRP04294,1,0.15684637699649973,Normal
TRP04295,1,0.09931308258972449,Normal
TRP04296,1,0.04613685882196572,Normal
TRP04297,1,0.1663798502822087,Normal
TRP04298,1,0.16425091552367305,Normal
TRP04299,1,0.18214590259876146,Normal
TRP04300,1,0.18441064446173538,Normal
TRP04301,1,0.1826755565334119,Normal
TRP04302,1,0.07484639317016284,Normal
TRP04303,1,0.17668057856492425,Normal
TRP04304,1,0.06616978117419037,Normal
TRP04305,1,0.11811967519963462,Normal
TRP04306,1,0.05123484742811624,Normal
TRP04307,1,0.045831804184604086,Normal
TRP04308,1,0.03441274171753517,Normal
TRP04309,1,0.13014004689470732,Normal
TRP04310,1,0.0619419995375573,Normal
TRP04311,1,0.17969961965780568,Normal
TRP04312,1,0.05055463245944358,Normal
TRP04313,1,0.04534046543089554,Normal
TRP04314,1,0.1056705624962499,Normal
TRP04315,1,0.13828792425326125,Normal
TRP04316,1,0.07500418127259323,Normal
TRP04317,1,0.09689578538153115,Normal
TRP04318,-1,-0.032800090310599495,Anomaly
TRP04319,1,0.1633619361884729,Normal
TRP04320,1,0.006153192987536249,Normal
TRP04321,-1,-0.01680088396324997,Anomaly
TRP04322,1,0.10711474176042557,Normal
TRP04323,1,0.13748119983768609,Normal
TRP04324,1,0.1087611071142115,Normal
TRP04325,1,0.16362590054799775,Normal
TRP04326,-1,-0.009968431385731336,Anomaly
TRP04327,1,0.10882620392649739,Normal
TRP04328,1,0.13834500429489177,Normal
TRP04329,1,0.14954931109377823,Normal
TRP04330,1,0.14783561176657556,Normal
TRP04331,1,0.049318535699544364,Normal
TRP04332,1,0.1010500582531918,Normal
TRP04333,1,0.08100848050986503,Normal
TRP04334,1,0.1695530906870783,Normal
TRP04335,1,0.16719420529389717,Normal
TRP04336,1,0.046298366786839296,Normal
TRP04337,1,0.019102249665175042,Normal
TRP04338,1,0.08534121480333573,Normal
TRP04339,-1,-0.017150106011379673,Anomaly
TRP04340,1,0.023365547751170168,Normal
TRP04341,1,0.16191000965798746,Normal
TRP04342,-1,-0.02410069318962882,Anomaly
TRP04343,1,0.11666145920919563,Normal
TRP04344,1,0.07853514276579948,Normal
TRP04345,1,0.16584211326464754,Normal
TRP04346,1,0.08732795123669596,Normal
TRP04347,1,0.037937150825956945,Normal
TRP04348,1,0.17893668953716152,Normal
TRP04349,1,0.09895783741385611,Normal
TRP04350,1,0.1711518789572563,Normal
TRP04351,1,0.13899323075293663,Normal
TRP04352,1,0.05791407182010888,Normal
TRP04353,1,0.1043793215958213,Normal
TRP04354,1,0.06813353199928762,Normal
TRP04355,1,0.07068430327481223,Normal
TRP04356,1,0.07371225769296752,Normal
TRP04357,1,0.00617430182183154,Normal
TRP04358,1,0.13777808093942878,Normal
TRP04359,1,0.1494245253375669,Normal
TRP04360,-1,-0.02604084260766859,Anomaly
TRP04361,1,0.048751285480800655,Normal
TRP04362,-1,-0.045994768036602074,Anomaly
TRP04363,1,0.05739129788505515,Normal
TRP04364,1,0.13385749936701713,Normal
TRP04365,1,0.08375891527086488,Normal
TRP04366,1,0.18048948772296008,Normal
TRP04367,1,0.1527126698135624,Normal
TRP04368,1,0.055573873711956545,Normal
TRP04369,1,0.17577243478992555,Normal
TRP04370,1,0.06545563831453771,Normal
TRP04371,1,0.17650942508556422,Normal
TRP04372,1,0.15477266491628522,Normal
TRP04373,1,0.09762289696818771,Normal
TRP04374,1,0.023363238720445212,Normal
TRP04375,1,0.1570140924367472,Normal
TRP04376,1,0.13929299879036017,Normal
TRP04377,1,0.1359458269792883,Normal
TRP04378,-1,-0.004587147024386229,Anomaly
TRP04379,1,0.10183240387890691,Normal
TRP04380,1,0.03685327666131022,Normal
TRP04381,1,0.05011673605040767,Normal
TRP04382,1,0.1542807534681243,Normal
TRP04383,1,0.07378671065831421,Normal
TRP04384,1,0.16528438874142454,Normal
TRP04385,1,0.02856033190218965,Normal
TRP04386,1,0.15768670816931496,Normal
TRP04387,1,0.1514727515461856,Normal
TRP04388,1,0.04975144704605872,Normal
TRP04389,1,0.1583297156719345,Normal
TRP04390,1,0.05442445440288246,Normal
TRP04391,1,0.10186330407848698,Normal
TRP04392,1,0.0872475046335453,Normal
TRP04393,1,0.1791703556554995,Normal
TRP04394,1,0.18206987053969315,Normal
TRP04395,1,0.18129697051746468,Normal
TRP04396,-1,-0.002207319489827886,Anomaly
TRP04397,1,0.1508571952565479,Normal
TRP04398,1,0.1767279714166567,Normal
TRP04399,-1,-0.12318368432161342,Anomaly
TRP04400,1,0.10928551237404627,Normal
TRP04401,1,0.1051051467369119,Normal
TRP04402,1,0.1217260759687181,Normal
TRP04403,1,0.09419746474943069,Normal
TRP04404,1,0.0838718943939718,Normal
TRP04405,1,0.07727631013249364,Normal
TRP04406,1,0.09821113445738461,Normal
TRP04407,1,0.06867228413711335,Normal
TRP04408,1,0.16369317229159042,Normal
TRP04409,1,0.17632275012843374,Normal
TRP04410,1,0.02722731672503076,Normal
TRP04411,1,0.06731656237977768,Normal
TRP04412,1,0.17495077109100016,Normal
TRP04413,1,0.05069842006561365,Normal
TRP04414,1,0.025573296484658226,Normal
TRP04415,1,0.122014420445411,Normal
TRP04416,1,0.05055463245944358,Normal
TRP04417,1,0.09969515425188152,Normal
TRP04418,1,0.15667051091509332,Normal
TRP04419,1,0.1571302787710286,Normal
TRP04420,1,0.17570241495846622,Normal
TRP04421,1,0.04135161363131856,Normal
TRP04422,1,0.100687538272825,Normal
TRP04423,1,0.1766200422047403,Normal
TRP04424,1,0.15373576574176895,Normal
TRP04425,1,0.1217340261050372,Normal
TRP04426,1,0.039661869902745894,Normal
TRP04427,1,0.18350501937982233,Normal
TRP04428,1,0.11129347904486064,Normal
TRP04429,1,0.11235577294731153,Normal
TRP04430,1,0.016122094791579,Normal
TRP04431,1,0.07173941679993656,Normal
TRP04432,1,0.08300003182220822,Normal
TRP04433,1,0.09555361793214773,Normal
TRP04434,-1,-0.002929362210210895,Anomaly
TRP04435,1,0.05123484742811624,Normal
TRP04436,1,0.09009836607658445,Normal
TRP04437,1,0.0723832491167179,Normal
TRP04438,1,0.17754528318370688,Normal
TRP04439,1,0.02879901690233888,Normal
TRP04440,1,0.07572285429788483,Normal
TRP04441,1,0.09901335328559113,Normal
TRP04442,1,0.12899272413326257,Normal
TRP04443,1,0.1625406371651799,Normal
TRP04444,1,0.07385527877371179,Normal
TRP04445,1,0.12084877969841129,Normal
TRP04446,1,0.18116559804743043,Normal
TRP04447,1,0.010499344454692361,Normal
TRP04448,1,0.17246938419596047,Normal
TRP04449,1,0.17334720665795106,Normal
TRP04450,1,0.17764243011077852,Normal
TRP04451,1,0.10257994557558081,Normal
TRP04452,1,0.18011343853242862,Normal
TRP04453,1,0.08988645151229196,Normal
TRP04454,1,0.16749036029175285,Normal
TRP04455,1,0.1644283186102155,Normal
TRP04456,1,0.10032602722784778,Normal
TRP04457,1,0.14794950679818736,Normal
TRP04458,1,0.05024721829672785,Normal
TRP04459,1,0.12963947760196487,Normal
TRP04460,1,0.15362284455264635,Normal
TRP04461,1,0.0031815849128024043,Normal
TRP04462,1,0.0753698402855269,Normal
TRP04463,1,0.11755151428521304,Normal
TRP04464,-1,-0.02447231502790037,Anomaly
TRP04465,1,0.16013584363182504,Normal
TRP04466,1,0.03540180593982423,Normal
TRP04467,1,0.16672530475926983,Normal
TRP04468,1,0.1026423480151773,Normal
TRP04469,1,0.07630581233763417,Normal
TRP04470,1,0.16764011868597084,Normal
TRP04471,1,0.036649333494987335,Normal
TRP04472,1,0.17795291427371568,Normal
TRP04473,1,0.09241917326280824,Normal
TRP04474,1,0.15051170211703602,Normal
TRP04475,1,0.06828637384035452,Normal
TRP04476,1,0.059363707691016177,Normal
TRP04477,1,0.09747582279205053,Normal
TRP04478,1,0.1731900221182917,Normal
TRP04479,1,0.09495156381812053,Normal
TRP04480,1,0.16472564956545632,Normal
TRP04481,1,0.1799392974485179,Normal
TRP04482,1,0.10016047216605578,Normal
TRP04483,1,0.027204837238768875,Normal
TRP04484,1,0.16108878744918537,Normal
TRP04485,1,0.14924892925722577,Normal
TRP04486,1,0.037904034437013734,Normal
TRP04487,1,0.17507920570649116,Normal
TRP04488,1,0.08925376998032936,Normal
TRP04489,1,0.07541386963102265,Normal
TRP04490,1,0.16866975418968722,Normal
TRP04491,1,0.18094934210087998,Normal
TRP04492,1,0.16900370622301697,Normal
TRP04493,1,0.1780597605471373,Normal
TRP04494,1,0.1271227966964058,Normal
TRP04495,1,0.11666896433216833,Normal
TRP04496,1,0.1195898934043691,Normal
TRP04497,1,0.17586047588943687,Normal
TRP04498,1,0.1763357854332474,Normal
TRP04499,1,0.12108430517434954,Normal
TRP04500,-1,-0.02639920928516737,Anomaly
TRP04501,1,0.17082990340094056,Normal
TRP04502,1,0.15416163705620844,Normal
TRP04503,1,0.046832377033924066,Normal
TRP04504,1,0.09294521854134025,Normal
TRP04505,1,0.15331580578940568,Normal
TRP04506,1,0.12063084935026414,Normal
TRP04507,1,0.06857352425017049,Normal
TRP04508,1,0.0499491341971231,Normal
TRP04509,1,0.07150439809067366,Normal
TRP04510,-1,-0.05698828564408398,Anomaly
TRP04511,1,0.18301429544747538,Normal
TRP04512,1,0.155893849590312,Normal
TRP04513,1,0.1524095450208689,Normal
TRP04514,1,0.1532105270835346,Normal
TRP04515,1,0.15486908502737734,Normal
TRP04516,1,0.12336735082434092,Normal
TRP04517,1,0.18280052803541091,Normal
TRP04518,1,0.14449024503390512,Normal
TRP04519,1,0.1179326470264207,Normal
TRP04520,1,0.16273533573839977,Normal
TRP04521,1,0.04401461993628497,Normal
TRP04522,1,0.17092369915115674,Normal
TRP04523,1,0.1285036380891229,Normal
TRP04524,1,0.0493378505730685,Normal
TRP04525,1,0.0160076474960541,Normal
TRP04526,1,0.037937150825956945,Normal
TRP04527,1,0.045441913910955756,Normal
TRP04528,1,0.15348125882227476,Normal
TRP04529,1,0.07225834113782992,Normal
TRP04530,1,0.16013641605166928,Normal
TRP04531,1,0.17257384850897328,Normal
TRP04532,1,0.15522868611976598,Normal
TRP04533,1,0.044100989643577004,Normal
TRP04534,1,0.04377665524933738,Normal
TRP04535,1,0.10677274456041197,Normal
TRP04536,1,0.1746340513459141,Normal
TRP04537,1,0.16878947176042824,Normal
TRP04538,1,0.14740292859037002,Normal
TRP04539,1,0.10379079399880575,Normal
TRP04540,-1,-0.0013143379999583926,Anomaly
TRP04541,1,0.11662755231075411,Normal
TRP04542,1,0.12364990894857397,Normal
TRP04543,1,0.11109722967687402,Normal
TRP04544,1,0.18384220529466755,Normal
TRP04545,1,0.045831804184604086,Normal
TRP04546,1,0.1745428883915423,Normal
TRP04547,1,0.18006346455227573,Normal
TRP04548,1,0.02106484046690782,Normal
TRP04549,1,0.15334725901644503,Normal
TRP04550,-1,-0.0845656201945355,Anomaly
TRP04551,1,0.09780515587549066,Normal
TRP04552,1,0.14401104742844972,Normal
TRP04553,1,0.16108366456462164,Normal
TRP04554,1,0.1257849084959176,Normal
TRP04555,1,0.04931720389209604,Normal
TRP04556,1,0.0388989602436306,Normal
TRP04557,1,0.047994952398359825,Normal
TRP04558,1,0.12614857204638347,Normal
TRP04559,1,0.05123484742811624,Normal
TRP04560,1,0.11624611990080086,Normal
TRP04561,1,0.053381379074184054,Normal
TRP04562,1,0.18092512900231744,Normal
TRP04563,1,0.17930030689318693,Normal
TRP04564,1,0.17066445993534507,Normal
TRP04565,1,0.10593907311121825,Normal
TRP04566,1,0.17524153509370521,Normal
TRP04567,1,0.05258383988943405,Normal
TRP04568,1,0.07182352419902172,Normal
TRP04569,1,0.16870426094637336,Normal
TRP04570,1,0.10237351603554534,Normal
TRP04571,1,0.006004556664846117,Normal
TRP04572,1,0.16472928422633926,Normal
TRP04573,1,0.09089605807730594,Normal
TRP04574,1,0.07471558538789436,Normal
TRP04575,1,0.023693080168512348,Normal
TRP04576,1,0.18020346455983915,Normal
TRP04577,1,0.07267131560430728,Normal
TRP04578,1,0.05582405878511876,Normal
TRP04579,1,0.1692123052261224,Normal
TRP04580,1,0.01939486816792113,Normal
TRP04581,1,0.03022451628046119,Normal
TRP04582,1,0.025496763484041396,Normal
TRP04583,1,0.007664330920203244,Normal
TRP04584,1,0.060427677667594715,Normal
TRP04585,-1,-0.0019536769082795225,Anomaly
TRP04586,1,0.15215907644319138,Normal
TRP04587,1,0.15556137963750988,Normal
TRP04588,1,0.10078002914536127,Normal
TRP04589,1,0.0984360183137386,Normal
TRP04590,-1,-0.08008285130842163,Anomaly
TRP04591,1,0.0924567597759881,Normal
TRP04592,1,0.16764495098767068,Normal
TRP04593,1,0.15168116645905622,Normal
TRP04594,1,0.15426165927341273,Normal
TRP04595,1,0.08615652092086479,Normal
TRP04596,1,0.18173624338256417,Normal
TRP04597,1,0.1254992207273709,Normal
TRP04598,1,0.009519275781683212,Normal
TRP04599,1,0.04396992257688137,Normal
TRP04600,1,0.1608034792551059,Normal
TRP04601,1,0.074689440539071,Normal
TRP04602,1,0.16937809932092007,Normal
TRP04603,1,0.11603068652633652,Normal
TRP04604,1,0.16746900472002102,Normal
TRP04605,1,0.1712185103509794,Normal
TRP04606,1,0.06549168193734856,Normal
TRP04607,1,0.10016047216605578,Normal
TRP04608,-1,-0.007916426443715041,Anomaly
TRP04609,1,0.08630240007665269,Normal
TRP04610,1,0.09198219626609927,Normal
TRP04611,1,0.09738291151004258,Normal
TRP04612,1,0.07628688928889754,Normal
TRP04613,1,0.04481845889374381,Normal
TRP04614,1,0.1015660242746445,Normal
TRP04615,1,0.039661869902745894,Normal
TRP04616,1,0.14137128834379903,Normal
TRP04617,1,0.1530537790056224,Normal
TRP04618,1,0.1417159747187275,Normal
TRP04619,1,0.1822702513575104,Normal
TRP04620,1,0.1736757684086399,Normal
TRP04621,1,0.1713632153621248,Normal
TRP04622,1,0.17799197592540278,Normal
TRP04623,1,0.17682599833630047,Normal
TRP04624,1,0.05449474406868693,Normal
TRP04625,-1,-0.000787621672613259,Anomaly
TRP04626,1,0.11175225336357303,Normal
TRP04627,1,0.09930496139614547,Normal
TRP04628,1,0.1434009728799226,Normal
TRP04629,1,0.17257363122675912,Normal
TRP04630,1,0.05160561575403777,Normal
TRP04631,1,0.06346605466169886,Normal
TRP04632,1,0.11653960433629268,Normal
TRP04633,1,0.07723182090832897,Normal
TRP04634,1,0.044307558607778574,Normal
TRP04635,1,0.14748989068077745,Normal
TRP04636,1,0.18426610179252323,Normal
TRP04637,1,0.019393848657551782,Normal
TRP04638,1,0.17856923402370284,Normal
TRP04639,1,0.059263719995845565,Normal
TRP04640,1,0.048541754120076,Normal
TRP04641,1,0.16174254984593617,Normal
TRP04642,1,0.09726864297838927,Normal
TRP04643,1,0.11417948768093078,Normal
TRP04644,1,0.08626993968809182,Normal
TRP04645,1,0.07391729113649825,Normal
TRP04646,1,0.1493846373118901,Normal
TRP04647,1,0.16938303572362406,Normal
TRP04648,1,0.07256565487018796,Normal
TRP04649,1,0.07359887337494897,Normal
TRP04650,-1,-0.016694445687214343,Anomaly
TRP04651,1,0.12424315386115403,Normal
TRP04652,1,0.053381379074184054,Normal
TRP04653,1,0.09878032220177585,Normal
TRP04654,1,0.07953298741414244,Normal
TRP04655,1,0.03677855077857217,Normal
TRP04656,1,0.12327623380396391,Normal
TRP04657,1,0.17603594153384894,Normal
TRP04658,1,0.07241336239080165,Normal
TRP04659,1,0.17365420394611147,Normal
TRP04660,1,0.07614225263086871,Normal
TRP04661,1,0.1277956198434147,Normal
TRP04662,1,0.04965713126737259,Normal
TRP04663,-1,-0.028983819109528075,Anomaly
TRP04664,1,0.0915734292851777,Normal
TRP04665,1,0.09689578538153115,Normal
TRP04666,1,0.15271704759282423,Normal
TRP04667,1,0.17652697901975967,Normal
TRP04668,1,0.08626993968809182,Normal
TRP04669,1,0.16470037558813783,Normal
TRP04670,1,0.14544575882665856,Normal
TRP04671,1,0.1799888304182286,Normal
TRP04672,1,0.09812601791072628,Normal
TRP04673,1,0.16930550606913558,Normal
TRP04674,1,0.0920542529716411,Normal
TRP04675,1,0.10938436177984684,Normal
TRP04676,1,0.05818742764505913,Normal
TRP04677,1,0.07481582963525735,Normal
TRP04678,1,0.13018422531331725,Normal
TRP04679,1,0.17826631141592558,Normal
TRP04680,1,0.10075183794580117,Normal
TRP04681,1,0.17233337467688825,Normal
TRP04682,1,0.02391742993183943,Normal
TRP04683,1,0.10212668378731177,Normal
TRP04684,1,0.07712374525272131,Normal
TRP04685,1,0.15874357232882585,Normal
TRP04686,1,0.1662894292376768,Normal
TRP04687,1,0.07145958872401847,Normal
TRP04688,1,0.17481658708960413,Normal
TRP04689,1,0.0717539141255793,Normal
TRP04690,1,0.04601389723475946,Normal
TRP04691,1,0.04908142365908086,Normal
TRP04692,1,0.08681942617967586,Normal
TRP04693,1,0.15518597505873655,Normal
TRP04694,1,0.0810855712116118,Normal
TRP04695,1,0.019090250182997925,Normal
TRP04696,1,0.13288225442993284,Normal
TRP04697,1,0.1071156823409124,Normal
TRP04698,1,0.12482010992731063,Normal
TRP04699,1,0.09258610681578539,Normal
TRP04700,1,0.06188822844462527,Normal
TRP04701,1,0.175044537723542,Normal
TRP04702,1,0.08202993140955417,Normal
TRP04703,1,0.05970096109652401,Normal
TRP04704,1,0.18375783836759746,Normal
TRP04705,1,0.1289467473953268,Normal
TRP04706,1,0.17646246904935298,Normal
TRP04707,1,0.07820560005678012,Normal
TRP04708,1,0.17687741006638236,Normal
TRP04709,1,0.017422222403097543,Normal
TRP04710,1,0.12093655435822326,Normal
TRP04711,1,0.08387084416504903,Normal
TRP04712,1,0.08573662728453618,Normal
TRP04713,1,0.09118270897061526,Normal
TRP04714,1,0.18088149741814324,Normal
TRP04715,1,0.09050583659274353,Normal
TRP04716,1,0.06313830897803341,Normal
TRP04717,1,0.026474819648825032,Normal
TRP04718,1,0.08663415604809543,Normal
TRP04719,1,0.012703036092389541,Normal
TRP04720,1,0.17665020848772917,Normal
TRP04721,1,0.10135887834426216,Normal
TRP04722,1,0.07703175119819505,Normal
TRP04723,1,0.010919074908829818,Normal
TRP04724,1,0.08390720204951907,Normal
TRP04725,1,0.05514979760510785,Normal
TRP04726,1,0.08700287346773794,Normal
TRP04727,1,0.16472496275986553,Normal
TRP04728,1,0.09726864297838927,Normal
TRP04729,1,0.08135328103660505,Normal
TRP04730,1,0.08041614173589534,Normal
TRP04731,1,0.026734896163019606,Normal
TRP04732,1,0.09855776122400511,Normal
TRP04733,1,0.16402052828724567,Normal
TRP04734,1,0.10344825589100543,Normal
TRP04735,1,0.1507656544544675,Normal
TRP04736,1,0.09712449026328862,Normal
TRP04737,-1,-0.031598915616814716,Anomaly
TRP04738,1,0.16312969159727986,Normal
TRP04739,1,0.06987511989508555,Normal
TRP04740,1,0.08436585733718299,Normal
TRP04741,1,0.028227353953129142,Normal
TRP04742,1,0.10472642061646992,Normal
TRP04743,1,0.029106179699756374,Normal
TRP04744,1,0.05563854190226625,Normal
TRP04745,1,0.12964342587397154,Normal
TRP04746,1,0.09836841974827448,Normal
TRP04747,1,0.12988684032701803,Normal
TRP04748,1,0.1713419310664306,Normal
TRP04749,-1,-0.004384450093402159,Anomaly
TRP04750,1,0.13677528294597818,Normal
TRP04751,1,0.17567501068544122,Normal
TRP04752,1,0.12309621222428607,Normal
TRP04753,-1,-0.005047075344928542,Anomaly
TRP04754,1,0.08261881927228504,Normal
TRP04755,1,0.07734236327547639,Normal
TRP04756,1,0.012376627150597175,Normal
TRP04757,1,0.013049108961987854,Normal
TRP04758,1,0.18341392562951686,Normal
TRP04759,1,0.02254915883912867,Normal
TRP04760,1,0.07091122468788047,Normal
TRP04761,1,0.17047769369740806,Normal
TRP04762,1,0.028583031675160075,Normal
TRP04763,-1,-0.07286156431703217,Anomaly
TRP04764,1,0.14744388003491238,Normal
TRP04765,1,0.09323001913040418,Normal
TRP04766,1,0.11394616751863768,Normal
TRP04767,1,0.10283837742930646,Normal
TRP04768,1,0.009711211940791498,Normal
TRP04769,1,0.07628688928889754,Normal
TRP04770,1,0.10356805748104425,Normal
TRP04771,1,0.08608614599718561,Normal
TRP04772,1,0.12620397224869323,Normal
TRP04773,1,0.1460003207431832,Normal
TRP04774,1,0.05729630524302742,Normal
TRP04775,1,0.131487767253257,Normal
TRP04776,1,0.15569367218375274,Normal
TRP04777,1,0.18234357754684166,Normal
TRP04778,1,0.10388943302061782,Normal
TRP04779,1,0.13134677147459728,Normal
TRP04780,1,0.05088853336455168,Normal
TRP04781,1,0.1759975044770984,Normal
TRP04782,1,0.04598308154010289,Normal
TRP04783,1,0.16965305561778088,Normal
TRP04784,1,0.1371866952053279,Normal
TRP04785,1,0.08286538394560822,Normal
TRP04786,1,0.15222316473180358,Normal
TRP04787,1,0.17866623670395465,Normal
TRP04788,1,0.1083511443716732,Normal
TRP04789,1,0.05123484742811624,Normal
TRP04790,1,0.15660460456367753,Normal
TRP04791,1,0.10885198849865013,Normal
TRP04792,1,0.014579667128971074,Normal
TRP04793,1,0.08609335738308899,Normal
TRP04794,1,0.06311107100276003,Normal
TRP04795,1,0.14441506604560134,Normal
TRP04796,1,0.08572890897958202,Normal
TRP04797,1,0.17902965091799328,Normal
TRP04798,1,0.14761322192654142,Normal
TRP04799,-1,-0.03259632201474938,Anomaly
TRP04800,1,0.09829029375918119,Normal
TRP04801,1,0.17114317718789723,Normal
TRP04802,1,0.0921622464460673,Normal
TRP04803,1,0.17084561476215893,Normal
TRP04804,1,0.11942485175849477,Normal
TRP04805,1,0.10326341832835051,Normal
TRP04806,1,0.0460008713550466,Normal
TRP04807,1,0.024890296131006573,Normal
TRP04808,1,0.14908017966325565,Normal
TRP04809,1,0.1285421647177321,Normal
TRP04810,1,0.1507381523505429,Normal
TRP04811,1,0.058006743184094045,Normal
TRP04812,1,0.16103161641585884,Normal
TRP04813,1,0.042159820204782705,Normal
TRP04814,1,0.18218460925735125,Normal
TRP04815,-1,-0.0034494499341118923,Anomaly
TRP04816,1,0.1635044223255504,Normal
TRP04817,1,0.11887783032265675,Normal
TRP04818,1,0.07132705627678604,Normal
TRP04819,1,0.10317249313769522,Normal
TRP04820,1,0.1010500582531918,Normal
TRP04821,1,0.15644313259551074,Normal
TRP04822,-1,-0.00684387592042579,Anomaly
TRP04823,1,0.1580265967871317,Normal
TRP04824,1,0.07023052829737109,Normal
TRP04825,1,0.02154123860241053,Normal
TRP04826,1,0.044514504985152525,Normal
TRP04827,1,0.1815421462564814,Normal
TRP04828,1,0.13135147992319351,Normal
TRP04829,1,0.14674083414960643,Normal
TRP04830,1,0.046029206105725806,Normal
TRP04831,1,0.1799646622414527,Normal
TRP04832,1,0.1596736250579736,Normal
TRP04833,1,0.18369980581424744,Normal
TRP04834,1,0.15336018366850118,Normal
TRP04835,1,0.17646725817764347,Normal
TRP04836,1,0.17371496079732685,Normal
TRP04837,1,0.15746648637288785,Normal
TRP04838,1,0.12396075283584435,Normal
TRP04839,1,0.14833018268006337,Normal
TRP04840,1,0.10430038057527163,Normal
TRP04841,1,0.09621845134637746,Normal
TRP04842,1,0.17726856581110056,Normal
TRP04843,1,0.09271079021137968,Normal
TRP04844,1,0.10280665267881778,Normal
TRP04845,1,0.02657686903486145,Normal
TRP04846,1,0.07363650162007851,Normal
TRP04847,1,0.09834865335934945,Normal
TRP04848,1,0.17804168620086713,Normal
TRP04849,1,0.025842561827223443,Normal
TRP04850,1,0.08609335738308899,Normal
TRP04851,1,0.026734896163019606,Normal
TRP04852,1,0.0619419995375573,Normal
TRP04853,1,0.14997438797792711,Normal
TRP04854,1,0.09842579319273409,Normal
TRP04855,1,0.0010562357509100728,Normal
TRP04856,1,0.12725085803191677,Normal
TRP04857,1,0.14291242172922303,Normal
TRP04858,1,0.042931316750387194,Normal
TRP04859,1,0.04564531304847319,Normal
TRP04860,1,0.16102483054129085,Normal
TRP04861,1,0.07790704272057797,Normal
TRP04862,1,0.04939689773135536,Normal
TRP04863,1,0.10877544475982759,Normal
TRP04864,1,0.1785662552538313,Normal
TRP04865,1,0.1651291891322071,Normal
TRP04866,1,0.09923359872995674,Normal
TRP04867,1,0.09663093949179924,Normal
TRP04868,1,0.10307865021497437,Normal
TRP04869,1,0.15206464847508772,Normal
TRP04870,1,0.16122065718631035,Normal
TRP04871,1,0.1483218502487832,Normal
TRP04872,1,0.04813755380652962,Normal
TRP04873,1,0.1539203127982368,Normal
TRP04874,1,0.12687730537480657,Normal
TRP04875,1,0.16238455981012778,Normal
TRP04876,1,0.16335169412736888,Normal
TRP04877,1,0.09035068326061813,Normal
TRP04878,1,0.14644131498395124,Normal
TRP04879,1,0.14097044858961144,Normal
TRP04880,1,0.1270759721824774,Normal
TRP04881,1,0.17358663684063402,Normal
TRP04882,1,0.037794474895885166,Normal
TRP04883,1,0.15164770694295765,Normal
TRP04884,1,0.052707824497270406,Normal
TRP04885,1,0.07952143909742487,Normal
TRP04886,1,0.05123484742811624,Normal
TRP04887,1,0.060970524000451554,Normal
TRP04888,1,0.06336773083679825,Normal
TRP04889,1,0.117073135316977,Normal
TRP04890,1,0.15766210026095795,Normal
TRP04891,1,0.14640579516782515,Normal
TRP04892,1,0.17617909267760484,Normal
TRP04893,1,0.11158126285105618,Normal
TRP04894,1,0.1772218397222805,Normal
TRP04895,1,0.12749924973110033,Normal
TRP04896,1,0.1526531015641111,Normal
TRP04897,1,0.04147002301949987,Normal
TRP04898,1,0.05872740169193347,Normal
TRP04899,1,0.16659925182574098,Normal
TRP04900,1,0.08526670547098542,Normal
TRP04901,1,0.1675289091460822,Normal
TRP04902,1,0.08435663738505672,Normal
TRP04903,1,0.08257807453174149,Normal
TRP04904,1,0.13086312153259944,Normal
TRP04905,1,0.134989642922974,Normal
TRP04906,1,0.1485868285851878,Normal
TRP04907,1,0.16117691603550688,Normal
TRP04908,1,0.12132611589945869,Normal
TRP04909,1,0.173556103347287,Normal
TRP04910,1,0.1106250085026304,Normal
TRP04911,1,0.15359737055321337,Normal
TRP04912,-1,-0.008612277626519838,Anomaly
TRP04913,1,0.013049108961987854,Normal
TRP04914,1,0.1488113744970384,Normal
TRP04915,1,0.12504934967365722,Normal
TRP04916,1,0.17870138536014224,Normal
TRP04917,1,0.03389360893527493,Normal
TRP04918,1,0.16050030007836213,Normal
TRP04919,1,0.17233659691769343,Normal
TRP04920,1,0.16581571157299452,Normal
TRP04921,1,0.03415025707972352,Normal
TRP04922,1,0.09177700630869678,Normal
TRP04923,1,0.06315133129468009,Normal
TRP04924,1,0.14487068480442605,Normal
TRP04925,1,0.11442829084454464,Normal
TRP04926,1,0.15460911211081546,Normal
TRP04927,1,0.11257422316437166,Normal
TRP04928,1,0.1625455969922494,Normal
TRP04929,1,0.1652263937671346,Normal
TRP04930,1,0.09985618364242094,Normal
TRP04931,1,0.17912608517076872,Normal
TRP04932,1,0.16473686140537758,Normal
TRP04933,1,0.18145745616149228,Normal
TRP04934,1,0.1407535425341488,Normal
TRP04935,1,0.12303683192871728,Normal
TRP04936,1,0.1372961377399463,Normal
TRP04937,1,0.0983103977869238,Normal
TRP04938,1,0.050308371922980544,Normal
TRP04939,1,0.037937150825956945,Normal
TRP04940,1,0.09338173108169068,Normal
TRP04941,1,0.16947315676958863,Normal
TRP04942,1,0.06428209567427079,Normal
TRP04943,1,0.0386987754209871,Normal
TRP04944,1,0.17887204164241266,Normal
TRP04945,1,0.07141979799851861,Normal
TRP04946,1,0.14114515740441191,Normal
TRP04947,1,0.09232574759211554,Normal
TRP04948,1,0.07493783924070041,Normal
TRP04949,1,0.1535757587629154,Normal
TRP04950,1,0.1755356043888479,Normal
TRP04951,1,0.1762913916935106,Normal
TRP04952,1,0.052426949994154315,Normal
TRP04953,1,0.10550897237793988,Normal
TRP04954,1,0.1496436085687175,Normal
TRP04955,1,0.03274587629544368,Normal
TRP04956,1,0.15498810688607956,Normal
TRP04957,1,0.09807527630321367,Normal
TRP04958,1,0.09287666548738815,Normal
TRP04959,1,0.0961777856155549,Normal
TRP04960,1,0.026734896163019606,Normal
TRP04961,1,0.18609001688558374,Normal
TRP04962,1,0.007966262976654148,Normal
TRP04963,1,0.14568008724952197,Normal
TRP04964,-1,-0.03908343999478647,Anomaly
TRP04965,1,0.0894812812735758,Normal
TRP04966,1,0.12324393160582175,Normal
TRP04967,1,0.12423682204620756,Normal
TRP04968,1,0.1815752082313768,Normal
TRP04969,1,0.133478165560519,Normal
TRP04970,1,0.17965373834192594,Normal
TRP04971,1,0.13056276489823954,Normal
TRP04972,1,0.15439260537750688,Normal
TRP04973,1,0.04629657233442708,Normal
TRP04974,1,0.13031099934371837,Normal
TRP04975,1,0.17220950437387306,Normal
TRP04976,1,0.009651064633817596,Normal
TRP04977,1,0.051321353305291195,Normal
TRP04978,1,0.1299929389336233,Normal
TRP04979,1,0.1369715444239158,Normal
TRP04980,1,0.03937070693875511,Normal
TRP04981,1,0.06309726968129747,Normal
TRP04982,1,0.01768249695700319,Normal
TRP04983,-1,-0.04682835257350759,Anomaly
TRP04984,1,0.12366635243182089,Normal
TRP04985,1,0.06403522269760187,Normal
TRP04986,1,0.12205930137494775,Normal
TRP04987,1,0.12684261567188532,Normal
TRP04988,1,0.06327496184331549,Normal
TRP04989,1,0.1489875511567682,Normal
TRP04990,1,0.1703381302811885,Normal
TRP04991,1,0.16108079376206336,Normal
TRP04992,1,0.09990817687417469,Normal
TRP04993,1,0.102420606536824,Normal
TRP04994,1,0.021612211699035044,Normal
TRP04995,1,0.11731040725541925,Normal
TRP04996,1,0.03810694074365106,Normal
TRP04997,1,0.04233030414973327,Normal
TRP04998,1,0.05123484742811624,Normal
TRP04999,1,0.11438456692656884,Normal
TRP05000,-1,-0.07009995195582841,Anomaly
TRP05001,1,0.05992603602721491,Normal
TRP05002,1,0.04420646442605569,Normal
TRP05003,1,0.09109919192766541,Normal
TRP05004,-1,-0.0036495142352613863,Anomaly
TRP05005,-1,-0.021958049033378946,Anomaly
TRP05006,1,0.08501455226251325,Normal
TRP05007,1,0.17836333009820282,Normal
TRP05008,1,0.05661108556891126,Normal
TRP05009,1,0.11735461062808422,Normal
TRP05010,1,0.023693080168512348,Normal
TRP05011,1,0.15780240185732564,Normal
TRP05012,1,0.07182203790063346,Normal
TRP05013,1,0.06911229871411739,Normal
TRP05014,1,0.16566587207866978,Normal
TRP05015,1,0.09868078005552328,Normal
TRP05016,1,0.13392490475681346,Normal
TRP05017,1,0.17797264668327256,Normal
TRP05018,1,0.10330590256181771,Normal
TRP05019,1,0.05542312217934642,Normal
TRP05020,1,0.14575791316871123,Normal
TRP05021,-1,-0.04323983213561089,Anomaly
TRP05022,1,0.027450159117157424,Normal
TRP05023,1,0.02828041085569699,Normal
TRP05024,1,0.08510208178062223,Normal
TRP05025,1,0.05123484742811624,Normal
TRP05026,1,0.12588999229950004,Normal
TRP05027,1,0.18410135623701834,Normal
TRP05028,1,0.17842586461274607,Normal
TRP05029,1,0.051321353305291195,Normal
TRP05030,1,0.09893764274492167,Normal
TRP05031,1,0.17755424163097183,Normal
TRP05032,1,0.08485779830275125,Normal
TRP05033,1,0.11371778049938513,Normal
TRP05034,1,0.06797107971240679,Normal
TRP05035,1,0.04789796203235175,Normal
TRP05036,1,0.014292818761726944,Normal
TRP05037,-1,-0.04858900941008837,Anomaly
TRP05038,1,0.17275360570672527,Normal
TRP05039,1,0.050580691686462065,Normal
TRP05040,1,0.018065644157230665,Normal
TRP05041,1,0.012435413244476612,Normal
TRP05042,1,0.04150223950306109,Normal
TRP05043,-1,-0.009484556645925513,Anomaly
TRP05044,1,0.037937150825956945,Normal
TRP05045,1,0.06042860359137203,Normal
TRP05046,1,0.1051051467369119,Normal
TRP05047,1,0.0766803164100135,Normal
TRP05048,1,0.16545493325583693,Normal
TRP05049,1,0.1706585330214897,Normal
TRP05050,1,0.05123484742811624,Normal
TRP05051,1,0.07412420124228114,Normal
TRP05052,1,0.15578421406229354,Normal
TRP05053,1,0.11975218177657126,Normal
TRP05054,1,0.1731529375608859,Normal
TRP05055,1,0.11394312513776333,Normal
TRP05056,1,0.158748617395922,Normal
TRP05057,1,0.15287576280114906,Normal
TRP05058,1,0.17714206835627827,Normal
TRP05059,1,0.002029805542086982,Normal
TRP05060,1,0.14236333647409083,Normal
TRP05061,1,0.13466949583059995,Normal
TRP05062,1,0.088331052239005,Normal
TRP05063,1,0.08534121480333573,Normal
TRP05064,1,0.17456196492455306,Normal
TRP05065,1,0.14922586083693257,Normal
TRP05066,1,0.09710804605729995,Normal
TRP05067,1,0.1749339279236577,Normal
TRP05068,1,0.11636341020096036,Normal
TRP05069,1,0.17965755188055832,Normal
TRP05070,-1,-0.022121572875546947,Anomaly
TRP05071,1,0.052732596062851966,Normal
TRP05072,-1,-0.06987168787793785,Anomaly
TRP05073,1,0.05134375118247314,Normal
TRP05074,1,0.07267131560430728,Normal
TRP05075,1,0.0990022255748304,Normal
TRP05076,1,0.15757804238878248,Normal
TRP05077,1,0.1832734738619745,Normal
TRP05078,1,0.13669827155607478,Normal
TRP05079,1,0.13929381213280478,Normal
TRP05080,1,0.16217329365078476,Normal
TRP05081,1,0.1794305312116416,Normal
TRP05082,1,0.10150791016471278,Normal
TRP05083,1,0.08286593839305362,Normal
TRP05084,-1,-0.010983445265329683,Anomaly
TRP05085,1,0.15509629166685795,Normal
TRP05086,1,0.1031481347757583,Normal
TRP05087,1,0.1523705568163941,Normal
TRP05088,1,0.10056102895725066,Normal
TRP05089,1,0.07337070120415312,Normal
TRP05090,1,0.07628688928889754,Normal
TRP05091,1,0.046029206105725806,Normal
TRP05092,1,0.14461174529215326,Normal
TRP05093,1,0.08846103230937108,Normal
TRP05094,1,0.07712374525272131,Normal
TRP05095,1,0.17892944845573,Normal
TRP05096,-1,-0.010043680907888097,Anomaly
TRP05097,1,0.1731627654797278,Normal
TRP05098,1,0.16573139664337172,Normal
TRP05099,1,0.036261678558888844,Normal
TRP05100,1,0.015744637971735753,Normal
TRP05101,1,0.1840645861859126,Normal
TRP05102,1,0.1084645124675086,Normal
TRP05103,-1,-0.0010147149101388253,Anomaly
TRP05104,1,0.10088448499433694,Normal
TRP05105,1,0.10603645038718684,Normal
TRP05106,1,0.1489851190620764,Normal
TRP05107,1,0.16480895137836155,Normal
TRP05108,1,0.05107409492607662,Normal
TRP05109,1,0.16919940727184996,Normal
TRP05110,1,0.1580886481355958,Normal
TRP05111,1,0.162095496399142,Normal
TRP05112,1,0.15619794137344584,Normal
TRP05113,1,0.1741477403267329,Normal
TRP05114,1,0.17353848484033452,Normal
TRP05115,1,0.10388943302061782,Normal
TRP05116,1,0.1410990436378428,Normal
TRP05117,1,0.15200314672625764,Normal
TRP05118,1,0.02111523216604405,Normal
TRP05119,1,0.12457630040727485,Normal
TRP05120,1,0.04534046543089554,Normal
TRP05121,-1,-0.006162125306852895,Anomaly
TRP05122,1,0.15904746836677003,Normal
TRP05123,1,0.17313025317891778,Normal
TRP05124,1,0.0700114743673329,Normal
TRP05125,1,0.14882511468859283,Normal
TRP05126,1,0.009111547333001568,Normal
TRP05127,1,0.1786347943836732,Normal
TRP05128,1,0.0948277048837331,Normal
TRP05129,-1,-0.002323700416160812,Anomaly
TRP05130,1,0.0979852457497532,Normal
TRP05131,1,0.04667239674546608,Normal
TRP05132,1,0.09319078644643108,Normal
TRP05133,1,0.03288687253544831,Normal
TRP05134,1,0.04877897042691892,Normal
TRP05135,1,0.1518867418283909,Normal
TRP05136,1,0.17762008944281732,Normal
TRP05137,1,0.12212800121539213,Normal
TRP05138,1,0.12197600947434328,Normal
TRP05139,1,0.0894570142462413,Normal
TRP05140,1,0.1258674464681641,Normal
TRP05141,-1,-0.02356553562187491,Anomaly
TRP05142,1,0.07023052829737109,Normal
TRP05143,1,0.1094540169425458,Normal
TRP05144,-1,-0.012271077788501006,Anomaly
TRP05145,1,0.0950080228247272,Normal
TRP05146,1,0.15963321570938488,Normal
TRP05147,-1,-0.08673535145317712,Anomaly
TRP05148,1,0.06021581239579077,Normal
TRP05149,1,0.07194879872346038,Normal
TRP05150,1,0.14869608373886517,Normal
TRP05151,1,0.006914229363929825,Normal
TRP05152,1,0.10006464111444036,Normal
TRP05153,1,0.1569133243776798,Normal
TRP05154,1,0.178046230842213,Normal
TRP05155,1,0.15091937743683714,Normal
TRP05156,1,0.171726853791545,Normal
TRP05157,1,0.16375007759381943,Normal
TRP05158,1,0.16625828369935802,Normal
TRP05159,1,0.07397619722313276,Normal
TRP05160,1,0.10088448499433694,Normal
TRP05161,1,0.0719155604836651,Normal
TRP05162,1,0.15563014497682248,Normal
TRP05163,1,0.12223140679283462,Normal
TRP05164,1,0.08787868865267245,Normal
TRP05165,1,0.10183240387890691,Normal
TRP05166,1,0.0275406552050792,Normal
TRP05167,1,0.18116283287315743,Normal
TRP05168,1,0.15647404172089513,Normal
TRP05169,1,0.019353184206743257,Normal
TRP05170,1,0.12097939942015834,Normal
TRP05171,1,0.14312694334335374,Normal
TRP05172,1,0.1600654513738078,Normal
TRP05173,1,0.10106708939071468,Normal
TRP05174,1,0.16696356193806394,Normal
TRP05175,1,0.11117817448783385,Normal
TRP05176,1,0.07448441762815339,Normal
TRP05177,1,0.002781495452344851,Normal
TRP05178,1,0.020602596461763212,Normal
TRP05179,1,0.11158051573104705,Normal
TRP05180,1,0.05556278873317888,Normal
TRP05181,1,0.08155837143437661,Normal
TRP05182,1,0.0523121197593438,Normal
TRP05183,1,0.1542104974699286,Normal
TRP05184,1,0.11963388537167796,Normal
TRP05185,1,0.09131313509521866,Normal
TRP05186,1,0.16834557409986795,Normal
TRP05187,1,0.18082481908978398,Normal
TRP05188,1,0.09995444456431274,Normal
TRP05189,1,0.18036627741347805,Normal
TRP05190,1,0.04877897042691892,Normal
TRP05191,1,0.11519499653778636,Normal
TRP05192,1,0.1770800529306194,Normal
TRP05193,1,0.12205818523139156,Normal
TRP05194,1,0.10898551529178763,Normal
TRP05195,1,0.12200142559920463,Normal
TRP05196,1,0.0829308374642444,Normal
TRP05197,1,0.08696653529438647,Normal
TRP05198,1,0.09428061720610376,Normal
TRP05199,1,0.036450750186883374,Normal
TRP05200,1,0.1784350364597354,Normal
TRP05201,1,0.08812518150932375,Normal
TRP05202,1,0.17463270899090655,Normal
TRP05203,1,0.026734896163019606,Normal
TRP05204,1,0.15982722541228916,Normal
TRP05205,1,0.18447174886875406,Normal
TRP05206,1,0.1778350868122412,Normal
TRP05207,1,0.018218801173005894,Normal
TRP05208,1,0.16512273022759805,Normal
TRP05209,1,0.16798834524361894,Normal
TRP05210,1,0.14915014956734618,Normal
TRP05211,1,0.12676284451032022,Normal
TRP05212,1,0.10520487597027728,Normal
TRP05213,1,0.17536194490318108,Normal
TRP05214,1,0.14473247117925964,Normal
TRP05215,1,0.07117153549521693,Normal
TRP05216,1,0.08825450660868861,Normal
TRP05217,1,0.14047294306558694,Normal
TRP05218,1,0.04649766641388797,Normal
TRP05219,1,0.1155942728453343,Normal
TRP05220,1,0.01236990481975675,Normal
TRP05221,1,0.045908506933030946,Normal
TRP05222,1,0.16080702205401382,Normal
TRP05223,1,0.13519028629798152,Normal
TRP05224,1,0.07632980065093375,Normal
TRP05225,1,0.16407724715418132,Normal
TRP05226,1,0.046029206105725806,Normal
TRP05227,1,0.048851371350868034,Normal
TRP05228,1,0.04396840649756839,Normal
TRP05229,1,0.1325434776926535,Normal
TRP05230,1,0.1743121696125915,Normal
TRP05231,1,0.13214856541911868,Normal
TRP05232,1,0.030218604694244533,Normal
TRP05233,1,0.11888544285574526,Normal
TRP05234,1,0.09846180837644314,Normal
TRP05235,1,0.0440150326645925,Normal
TRP05236,1,0.089085255162136,Normal
TRP05237,-1,-0.008305552958067675,Anomaly
TRP05238,1,0.06975199518702824,Normal
TRP05239,1,0.09009895846726512,Normal
TRP05240,1,0.1229101344964581,Normal
TRP05241,1,0.11606645185421133,Normal
TRP05242,1,0.15685263484131712,Normal
TRP05243,1,0.1447018452319715,Normal
TRP05244,1,0.18065336419418798,Normal
TRP05245,1,0.010373534841147114,Normal
TRP05246,1,0.12834101002482873,Normal
TRP05247,1,0.05923153566103467,Normal
TRP05248,1,0.0940599404543736,Normal
TRP05249,1,0.0933741346003974,Normal
TRP05250,1,0.14235775595381617,Normal
TRP05251,1,0.09419746474943069,Normal
TRP05252,1,0.17718935027225186,Normal
TRP05253,1,0.1723823022746061,Normal
TRP05254,1,0.09219771648509734,Normal
TRP05255,1,0.10579101401337748,Normal
TRP05256,1,0.07194879872346038,Normal
TRP05257,1,0.07666540560477297,Normal
TRP05258,1,0.10793981384251783,Normal
TRP05259,1,0.13529925097715545,Normal
TRP05260,1,0.08681942617967586,Normal
TRP05261,1,0.0909646465575989,Normal
TRP05262,1,0.18179168987317496,Normal
TRP05263,1,0.1700122151922117,Normal
TRP05264,1,0.18196484646002353,Normal
TRP05265,1,0.1812078492105641,Normal
TRP05266,1,0.08822862739185122,Normal
TRP05267,1,0.17575393179733573,Normal
TRP05268,1,0.08286593839305362,Normal
TRP05269,1,0.17820417935098742,Normal
TRP05270,1,0.11376699657070038,Normal
TRP05271,1,0.1331496198395054,Normal
TRP05272,1,0.05183333454394912,Normal
TRP05273,-1,-0.0060432978136735205,Anomaly
TRP05274,1,0.0388989602436306,Normal
TRP05275,1,0.15694871436650187,Normal
TRP05276,1,0.17005558389242892,Normal
TRP05277,1,0.12199098179685641,Normal
TRP05278,1,0.13954782000478866,Normal
TRP05279,1,0.04256829294630682,Normal
TRP05280,1,0.1833900615187662,Normal
TRP05281,1,0.1786158352469419,Normal
TRP05282,1,0.07906974801285371,Normal
TRP05283,1,0.11993778654038834,Normal
TRP05284,1,0.10016047216605578,Normal
TRP05285,1,0.17743128535315666,Normal
TRP05286,1,0.11421750224963467,Normal
TRP05287,1,0.07411742960973389,Normal
TRP05288,1,0.07186493145371242,Normal
TRP05289,1,0.09681996777691099,Normal
TRP05290,1,0.161436892400875,Normal
TRP05291,1,0.1097348694726129,Normal
TRP05292,1,0.10935953161033996,Normal
TRP05293,1,0.021510838196843296,Normal
TRP05294,1,0.002263934917414945,Normal
TRP05295,1,0.09042825108126884,Normal
TRP05296,1,0.09054461491027693,Normal
TRP05297,1,0.01939486816792113,Normal
TRP05298,1,0.14833632717947537,Normal
TRP05299,1,0.14972801019427268,Normal
TRP05300,1,0.11150196505711213,Normal
TRP05301,1,0.09285028816881952,Normal
TRP05302,1,0.04534046543089554,Normal
TRP05303,1,0.06686255637491878,Normal
TRP05304,1,0.03557656762441608,Normal
TRP05305,1,0.09188186918431501,Normal
TRP05306,1,0.16302622735455835,Normal
TRP05307,1,0.09727393662245354,Normal
TRP05308,1,0.1669533205765275,Normal
TRP05309,1,0.12538210883935258,Normal
TRP05310,1,0.07603169501657797,Normal
TRP05311,1,0.06810474511172082,Normal
TRP05312,1,0.10143135519829738,Normal
TRP05313,1,0.04786962408589601,Normal
TRP05314,1,0.13823729079857922,Normal
TRP05315,1,0.08714987834778498,Normal
TRP05316,1,0.046029206105725806,Normal
TRP05317,1,0.07875283312612902,Normal
TRP05318,1,0.1057575612644373,Normal
TRP05319,1,0.1613590766206459,Normal
TRP05320,1,0.1640759171996411,Normal
TRP05321,1,0.08921924112228813,Normal
TRP05322,1,0.06701066806654499,Normal
TRP05323,1,0.18464843555134547,Normal
TRP05324,1,0.15894219544503074,Normal
TRP05325,1,0.16218542218854604,Normal
TRP05326,1,0.17713962640708153,Normal
TRP05327,1,0.09090260416869245,Normal
TRP05328,1,0.11654264923503849,Normal
TRP05329,1,0.1272193249239944,Normal
TRP05330,-1,-0.006969717182912172,Anomaly
TRP05331,1,0.1716830212479864,Normal
TRP05332,1,0.03829959489218859,Normal
TRP05333,1,0.10997728123170603,Normal
TRP05334,1,0.060681222103524335,Normal
TRP05335,1,0.16360835117725508,Normal
TRP05336,1,0.06223386375845885,Normal
TRP05337,1,0.13600503247258888,Normal
TRP05338,1,0.17307236209139043,Normal
TRP05339,1,0.08149991051921762,Normal
TRP05340,1,0.07484639317016284,Normal
TRP05341,1,0.07766024114727099,Normal
TRP05342,1,0.11779227906517536,Normal
TRP05343,1,0.18267430351382175,Normal
TRP05344,1,0.1128670189376984,Normal
TRP05345,1,0.04225397515478857,Normal
TRP05346,1,0.02722731672503076,Normal
TRP05347,1,0.10603044062726275,Normal
TRP05348,1,0.17113292922689188,Normal
TRP05349,1,0.14549791063703849,Normal
TRP05350,1,0.16002106759978102,Normal
TRP05351,1,0.06269664733808789,Normal
TRP05352,1,0.08634417248147896,Normal
TRP05353,1,0.10497842201332286,Normal
TRP05354,1,0.014292818761726944,Normal
TRP05355,-1,-0.012930441563786976,Anomaly
TRP05356,1,0.15554075064464618,Normal
TRP05357,1,0.09151117256663666,Normal
TRP05358,1,0.17170705110174894,Normal
TRP05359,1,0.021207642865656462,Normal
TRP05360,1,0.07896413325736135,Normal
TRP05361,1,0.0871439468697775,Normal
TRP05362,1,0.17303553643284764,Normal
TRP05363,1,0.11374742398439175,Normal
TRP05364,1,0.08337289365236411,Normal
TRP05365,1,0.06587505425660123,Normal
TRP05366,1,0.13331087151218857,Normal
TRP05367,1,0.0236102159328041,Normal
TRP05368,1,0.15227591095372034,Normal
TRP05369,1,0.1660694050503469,Normal
TRP05370,1,0.09357170904713114,Normal
TRP05371,-1,-0.07431423947782845,Anomaly
TRP05372,-1,-0.03714033653933513,Anomaly
TRP05373,1,0.05123484742811624,Normal
TRP05374,1,0.08075906632830637,Normal
TRP05375,1,0.1666559754865718,Normal
TRP05376,1,0.06824609390494396,Normal
TRP05377,1,0.15282844003604146,Normal
TRP05378,1,0.16019019242942706,Normal
TRP05379,1,0.1769875474790133,Normal
TRP05380,1,0.002347063613305167,Normal
TRP05381,1,0.17063114424290377,Normal
TRP05382,-1,-0.021025869429910582,Anomaly
TRP05383,1,0.053950178253149406,Normal
TRP05384,1,0.13133370971149844,Normal
TRP05385,1,0.08534121480333573,Normal
TRP05386,1,0.08900343747278999,Normal
TRP05387,1,0.09689578538153115,Normal
TRP05388,1,0.03274587629544368,Normal
TRP05389,1,0.07243383046117047,Normal
TRP05390,1,0.12778770180604554,Normal
TRP05391,1,0.09968392695437939,Normal
TRP05392,1,0.12853391232817557,Normal
TRP05393,1,0.0667282157411404,Normal
TRP05394,1,0.16497038733746894,Normal
TRP05395,1,0.17201358275775974,Normal
TRP05396,1,0.03654872590171632,Normal
TRP05397,1,0.08713980153187645,Normal
TRP05398,1,0.14455484522002032,Normal
TRP05399,1,0.08872096017544168,Normal
TRP05400,1,0.15961714315078074,Normal
TRP05401,1,0.14498966536621166,Normal
TRP05402,1,0.026232358212303297,Normal
TRP05403,1,0.11031527789671947,Normal
TRP05404,1,0.0599787840969781,Normal
TRP05405,1,0.051321353305291195,Normal
TRP05406,1,0.1739058716628577,Normal
TRP05407,1,0.007664330920203244,Normal
TRP05408,1,0.13011859705147133,Normal
TRP05409,-1,-0.06449526722210053,Anomaly
TRP05410,1,0.08609335738308899,Normal
TRP05411,1,0.14923664350209476,Normal
TRP05412,1,0.15558446505612766,Normal
TRP05413,1,0.02684209071818,Normal
TRP05414,1,0.07402659126584654,Normal
TRP05415,1,0.14948250135850844,Normal
TRP05416,1,0.1627232211750837,Normal
TRP05417,1,0.0984469480269301,Normal
TRP05418,1,0.021510838196843296,Normal
TRP05419,1,0.04233757186462006,Normal
TRP05420,1,0.1808995758224764,Normal
TRP05421,1,0.17497170587618271,Normal
TRP05422,1,0.16372830235413155,Normal
TRP05423,1,0.18021627287959474,Normal
TRP05424,1,0.08155837143437661,Normal
TRP05425,1,0.06549168193734856,Normal
TRP05426,1,0.07624989906360896,Normal
TRP05427,1,0.1544564236791467,Normal
TRP05428,1,0.03557656762441608,Normal
TRP05429,-1,-0.004982594069627866,Anomaly
TRP05430,1,0.10379079399880575,Normal
TRP05431,1,0.11730288508466602,Normal
TRP05432,1,0.16818554224464766,Normal
TRP05433,1,0.1579873027515965,Normal
TRP05434,1,0.15616673348645776,Normal
TRP05435,1,0.17855180778604812,Normal
TRP05436,1,0.08259581520632259,Normal
TRP05437,1,0.15855759545498077,Normal
TRP05438,1,0.10149258018262386,Normal
TRP05439,1,0.15556237252600313,Normal
TRP05440,1,0.0961059502373755,Normal
TRP05441,1,0.10032602722784778,Normal
TRP05442,1,0.15074590587654857,Normal
TRP05443,1,0.1055484767805796,Normal
TRP05444,1,0.14731155057172413,Normal
TRP05445,1,0.09050583659274353,Normal
TRP05446,1,0.16448521061737192,Normal
TRP05447,1,0.10370102448382057,Normal
TRP05448,1,0.12025996467176198,Normal
TRP05449,1,0.16212104136070515,Normal
TRP05450,1,0.10106708939071468,Normal
TRP05451,1,0.05189878034428086,Normal
TRP05452,1,0.16927716523093173,Normal
TRP05453,1,0.07692406994486428,Normal
TRP05454,1,0.1812356566294982,Normal
TRP05455,1,0.17205220518648284,Normal
TRP05456,1,0.1540223227634412,Normal
TRP05457,1,0.06668409049650381,Normal
TRP05458,1,0.17778306250804105,Normal
TRP05459,1,0.14101147270758813,Normal
TRP05460,1,0.0912544155843224,Normal
TRP05461,1,0.1611993288084439,Normal
TRP05462,1,0.06603688957649867,Normal
TRP05463,1,0.17230125794389373,Normal
TRP05464,1,0.10032602722784778,Normal
TRP05465,1,0.1173087483546047,Normal
TRP05466,1,0.16410313217565692,Normal
TRP05467,1,0.1741279833038744,Normal
TRP05468,1,0.038219478490799874,Normal
TRP05469,1,0.15131911760232553,Normal
TRP05470,1,0.152260452908474,Normal
TRP05471,1,0.12114265367227117,Normal
TRP05472,1,0.0789481137437752,Normal
TRP05473,1,0.021240133535145422,Normal
TRP05474,1,0.014057284656423752,Normal
TRP05475,1,0.14362713522445325,Normal
TRP05476,1,0.15471534836581569,Normal
TRP05477,1,0.13427456680368371,Normal
TRP05478,1,0.15822870643450726,Normal
TRP05479,1,0.05706480329100638,Normal
TRP05480,1,0.16857756864982304,Normal
TRP05481,1,0.10018632109207909,Normal
TRP05482,1,0.1707344957515292,Normal
TRP05483,1,0.01423991971828531,Normal
TRP05484,1,0.034755079331369454,Normal
TRP05485,1,0.08825450660868861,Normal
TRP05486,1,0.10016047216605578,Normal
TRP05487,1,0.05123484742811624,Normal
TRP05488,1,0.16490549471671295,Normal
TRP05489,1,0.10968310041529544,Normal
TRP05490,1,0.15539144880332456,Normal
TRP05491,1,0.08344105793010903,Normal
TRP05492,1,0.09771869365525576,Normal
TRP05493,1,0.08434519954432323,Normal
TRP05494,1,0.12563322586989895,Normal
TRP05495,1,0.07446392284208037,Normal
TRP05496,1,0.14889391045307088,Normal
TRP05497,1,0.14389605255072274,Normal
TRP05498,1,0.10422353431303905,Normal
TRP05499,1,0.16374569043526704,Normal
TRP05500,1,0.1211133032818798,Normal
TRP05501,1,0.025493243655144826,Normal
TRP05502,1,0.07070031351828554,Normal
TRP05503,1,0.18051749314018933,Normal
TRP05504,1,0.15523137270584414,Normal
TRP05505,1,0.15391227093140347,Normal
TRP05506,1,0.040449626288833085,Normal
TRP05507,1,0.0832290471978982,Normal
TRP05508,1,0.05379101903011019,Normal
TRP05509,1,0.17149344587334997,Normal
TRP05510,1,0.1695270643916464,Normal
TRP05511,1,0.10844316516736607,Normal
TRP05512,1,0.17328929544207666,Normal
TRP05513,1,0.16379230943263434,Normal
TRP05514,1,0.06287377668376204,Normal
TRP05515,1,0.15736513582492528,Normal
TRP05516,1,0.16722745837853686,Normal
TRP05517,1,0.16053814428242918,Normal
TRP05518,1,0.16505570804149838,Normal
TRP05519,1,0.12174995198375799,Normal
TRP05520,1,0.11864102284827516,Normal
TRP05521,1,0.0031446242029958826,Normal
TRP05522,1,0.02813366089729552,Normal
TRP05523,1,0.13103252743352606,Normal
TRP05524,1,0.08781589923037242,Normal
TRP05525,1,0.09718217103615495,Normal
TRP05526,1,0.09258610681578539,Normal
TRP05527,1,0.18217704744772584,Normal
TRP05528,1,0.14204881207817516,Normal
TRP05529,1,0.053880314030051446,Normal
TRP05530,1,0.1510571176654379,Normal
TRP05531,-1,-0.02553643812524342,Anomaly
TRP05532,1,0.04598308154010289,Normal
TRP05533,1,0.04598308154010289,Normal
TRP05534,1,0.170779894720422,Normal
TRP05535,1,0.011305158537322169,Normal
TRP05536,1,0.16041650416296072,Normal
TRP05537,1,0.0919338295583017,Normal
TRP05538,1,0.17678133447830668,Normal
TRP05539,1,0.061229661566749916,Normal
TRP05540,1,0.1001078116265115,Normal
TRP05541,1,0.17182065088566423,Normal
TRP05542,-1,-0.012488643416956102,Anomaly
TRP05543,1,0.07099059616310299,Normal
TRP05544,1,0.14752946632144892,Normal
TRP05545,1,0.15465293254541768,Normal
TRP05546,1,0.10088448499433694,Normal
TRP05547,1,0.08041614173589534,Normal
TRP05548,1,0.1488537369994994,Normal
TRP05549,1,0.060073562571580696,Normal
TRP05550,1,0.16594210684574112,Normal
TRP05551,-1,-0.06387300527194917,Anomaly
TRP05552,1,0.05698143449198645,Normal
TRP05553,1,0.16278063526621628,Normal
TRP05554,-1,-0.04120865249744898,Anomaly
TRP05555,1,0.16011784436865384,Normal
TRP05556,1,0.09727393662245354,Normal
TRP05557,1,0.09476931049025283,Normal
TRP05558,1,0.10408310218023364,Normal
TRP05559,1,0.1033534261527349,Normal
TRP05560,1,0.07484639317016284,Normal
TRP05561,1,0.15501501446780452,Normal
TRP05562,1,0.10009620786702189,Normal
TRP05563,1,0.16680296984978882,Normal
TRP05564,1,0.07337070120415312,Normal
TRP05565,1,0.029802089212425553,Normal
TRP05566,1,0.07267131560430728,Normal
TRP05567,1,0.09402873388629324,Normal
TRP05568,1,0.1317152095941248,Normal
TRP05569,1,0.06905483584958239,Normal
TRP05570,1,0.15994040005602256,Normal
TRP05571,-1,-0.02839726885295113,Anomaly
TRP05572,1,0.01675012675102594,Normal
TRP05573,1,0.17240900195006537,Normal
TRP05574,1,0.07622993454011229,Normal
TRP05575,1,0.15851893344117696,Normal
TRP05576,1,0.1585204800612151,Normal
TRP05577,1,0.03965833368567262,Normal
TRP05578,1,0.09241917326280824,Normal
TRP05579,-1,-0.03292838151063304,Anomaly
TRP05580,1,0.09726864297838927,Normal
TRP05581,1,0.12667071701363164,Normal
TRP05582,1,0.15296019170163572,Normal
TRP05583,1,0.08716128926637212,Normal
TRP05584,1,0.08443539848866077,Normal
TRP05585,1,0.08480343171752386,Normal
TRP05586,1,0.1719485604865857,Normal
TRP05587,1,0.06258177213399396,Normal
TRP05588,1,0.0619419995375573,Normal
TRP05589,1,0.13311587840659095,Normal
TRP05590,1,0.13817880253182296,Normal
TRP05591,1,0.04396992257688137,Normal
TRP05592,-1,-0.016904727325217306,Anomaly
TRP05593,1,0.14183025722966697,Normal
TRP05594,1,0.16630039365781396,Normal
TRP05595,1,0.09350597659547444,Normal
TRP05596,-1,-0.01976289161871214,Anomaly
TRP05597,1,0.07421986139633019,Normal
TRP05598,1,0.07639090610325261,Normal
TRP05599,1,0.12995415808030414,Normal
TRP05600,1,0.01437837612603432,Normal
TRP05601,1,0.06137537927542602,Normal
TRP05602,1,0.07939537117775547,Normal
TRP05603,-1,-0.03285021454465631,Anomaly
TRP05604,1,0.09896555153992875,Normal
TRP05605,1,0.07729694908856427,Normal
TRP05606,1,0.09886426708850637,Normal
TRP05607,1,0.11775315433053912,Normal
TRP05608,1,0.18438509089693467,Normal
TRP05609,1,0.09848522942009813,Normal
TRP05610,-1,-0.011158121711761892,Anomaly
TRP05611,1,0.13153817569315585,Normal
TRP05612,1,0.11192248025408424,Normal
TRP05613,1,0.15747171948660516,Normal
TRP05614,1,0.029536282148261095,Normal
TRP05615,1,0.1481373803443048,Normal
TRP05616,1,0.05123484742811624,Normal
TRP05617,1,0.01665300053633445,Normal
TRP05618,1,0.05123484742811624,Normal
TRP05619,1,0.11377339417863386,Normal
TRP05620,1,0.05302707249957195,Normal
TRP05621,1,0.07602889237077781,Normal
TRP05622,1,0.16927533118500387,Normal
TRP05623,-1,-0.0025603559890351457,Anomaly
TRP05624,1,0.0362455731149558,Normal
TRP05625,1,0.06984110855293013,Normal
TRP05626,1,0.14526052707860332,Normal
TRP05627,1,0.16677170989284223,Normal
TRP05628,1,0.08681942617967586,Normal
TRP05629,1,0.04353210729333867,Normal
TRP05630,1,0.12462208819032145,Normal
TRP05631,1,0.09996909450846103,Normal
TRP05632,1,0.12915367088953683,Normal
TRP05633,1,0.14707541648512212,Normal
TRP05634,1,0.17401103473516422,Normal
TRP05635,1,0.14200284146179726,Normal
TRP05636,1,0.16634588099648095,Normal
TRP05637,1,0.06582818764965381,Normal
TRP05638,1,0.04394894271157168,Normal
TRP05639,1,0.09673956641680892,Normal
TRP05640,1,0.16114745506664752,Normal
TRP05641,1,0.145078592107381,Normal
TRP05642,1,0.08453031742289407,Normal
TRP05643,1,0.052337385217341104,Normal
TRP05644,1,0.12091753662355476,Normal
TRP05645,1,0.09510724304372858,Normal
TRP05646,1,0.04733770080415978,Normal
TRP05647,1,0.16347377255734263,Normal
TRP05648,1,0.11684473088629849,Normal
TRP05649,1,0.17750107946758936,Normal
TRP05650,1,0.1603726389370091,Normal
TRP05651,1,0.021402158274900773,Normal
TRP05652,1,0.0842713270551485,Normal
TRP05653,1,0.1719792255255136,Normal
TRP05654,1,0.14460251214875158,Normal
TRP05655,1,0.08189814773958959,Normal
TRP05656,1,0.11669990413134068,Normal
TRP05657,1,0.024324681033501827,Normal
TRP05658,1,0.0684899632311946,Normal
TRP05659,1,0.1682534894847016,Normal
TRP05660,1,0.10698128717169197,Normal
TRP05661,1,0.139922466811024,Normal
TRP05662,1,0.18172149448758285,Normal
TRP05663,1,0.013846117258110469,Normal
TRP05664,1,0.024869757414525462,Normal
TRP05665,1,0.17908691143506245,Normal
TRP05666,1,0.10089848619681463,Normal
TRP05667,1,0.0983035525366619,Normal
TRP05668,1,0.07017439865623609,Normal
TRP05669,1,0.1443060162134545,Normal
TRP05670,1,0.173996134533889,Normal
TRP05671,1,0.13697674297534623,Normal
TRP05672,-1,-0.041212690394871965,Anomaly
TRP05673,1,0.04762327269699829,Normal
TRP05674,1,0.1746716297214862,Normal
TRP05675,1,0.15443280219478955,Normal
TRP05676,1,0.08717357273846288,Normal
TRP05677,1,0.16892376445290708,Normal
TRP05678,1,0.13710522003340075,Normal
TRP05679,1,0.10210938789506213,Normal
TRP05680,1,0.15804415846294717,Normal
TRP05681,1,0.1396819255803342,Normal
TRP05682,1,0.10351688254259694,Normal
TRP05683,1,0.1237141616997477,Normal
TRP05684,-1,-0.051153980659912834,Anomaly
TRP05685,1,0.05797224096694542,Normal
TRP05686,1,0.1066823599336914,Normal
TRP05687,1,0.08510208178062223,Normal
TRP05688,1,0.16600058370481807,Normal
TRP05689,1,0.17778585655455464,Normal
TRP05690,1,0.16988014998430395,Normal
TRP05691,1,0.08021264505878667,Normal
TRP05692,1,0.12188010676042416,Normal
TRP05693,1,0.12610131178136907,Normal
TRP05694,1,0.04615314932723047,Normal
TRP05695,1,0.11079200777758974,Normal
TRP05696,1,0.054384988076572105,Normal
TRP05697,1,0.06847498890696879,Normal
TRP05698,1,0.16362857987311752,Normal
TRP05699,1,0.02222252480411968,Normal
TRP05700,1,0.1208579860379162,Normal
TRP05701,1,0.1683131414116436,Normal
TRP05702,1,0.08677128050496519,Normal
TRP05703,1,0.0755579188821291,Normal
TRP05704,1,0.10111536186965747,Normal
TRP05705,1,0.015676318083762242,Normal
TRP05706,1,0.11481071066163451,Normal
TRP05707,1,0.08375891527086488,Normal
TRP05708,1,0.08185020930961823,Normal
TRP05709,1,0.18387339423096138,Normal
TRP05710,1,0.11081957520757368,Normal
TRP05711,1,0.046531178401174045,Normal
TRP05712,-1,-0.07239114741188035,Anomaly
TRP05713,1,0.16019227782323797,Normal
TRP05714,1,0.01212072709333789,Normal
TRP05715,1,0.08319646980293116,Normal
TRP05716,1,0.07023052829737109,Normal
TRP05717,1,0.18407544040903473,Normal
TRP05718,1,0.17676214962919112,Normal
TRP05719,1,0.01649380114180299,Normal
TRP05720,1,0.15353777127399315,Normal
TRP05721,1,0.11836328207885327,Normal
TRP05722,1,0.18316647245758777,Normal
TRP05723,1,0.1308497144545515,Normal
TRP05724,1,0.11841116852478856,Normal
TRP05725,1,0.10198646548923257,Normal
TRP05726,1,0.07234200650435407,Normal
TRP05727,1,0.10915153664117233,Normal
TRP05728,1,0.13405157608412405,Normal
TRP05729,1,0.09931308258972449,Normal
TRP05730,1,0.16960978788962094,Normal
TRP05731,1,0.14068763707538795,Normal
TRP05732,1,0.13050585099483153,Normal
TRP05733,1,0.16605897377901796,Normal
TRP05734,1,0.06981813096055667,Normal
TRP05735,-1,-0.022328259958811714,Anomaly
TRP05736,1,0.03674590299893843,Normal
TRP05737,1,0.017146819736972962,Normal
TRP05738,1,0.08942730506693947,Normal
TRP05739,1,0.12278125897285502,Normal
TRP05740,1,0.1833187201114143,Normal
TRP05741,1,0.12308960139550396,Normal
TRP05742,1,0.10628206829745357,Normal
TRP05743,1,0.09644767830862538,Normal
TRP05744,1,0.06668409049650381,Normal
TRP05745,1,0.09829029375918119,Normal
TRP05746,1,0.13832616908072903,Normal
TRP05747,1,0.1651756643078255,Normal
TRP05748,1,0.11236141560607277,Normal
TRP05749,1,0.1757178179356113,Normal
TRP05750,1,0.06836552815062014,Normal
TRP05751,1,0.12534720883979483,Normal
TRP05752,1,0.06047380468336028,Normal
TRP05753,1,0.05391099704253921,Normal
TRP05754,1,0.10379079399880575,Normal
TRP05755,1,0.1435889422629188,Normal
TRP05756,1,0.09050583659274353,Normal
TRP05757,1,0.15942051737193785,Normal
TRP05758,1,0.041908669101836105,Normal
TRP05759,1,0.0739197916648926,Normal
TRP05760,1,0.168470661954699,Normal
TRP05761,1,0.12036118935970003,Normal
TRP05762,1,0.14280423110790286,Normal
TRP05763,1,0.08807359792085023,Normal
TRP05764,1,0.1547660909007147,Normal
TRP05765,1,0.14857612215280408,Normal
TRP05766,1,0.17577591050610203,Normal
TRP05767,1,0.09995444456431274,Normal
TRP05768,1,0.06188916794992927,Normal
TRP05769,-1,-0.0060432978136735205,Anomaly
TRP05770,1,0.17046874005084822,Normal
TRP05771,1,0.15451804836896005,Normal
TRP05772,1,0.12981470372533976,Normal
TRP05773,1,0.07371225769296752,Normal
TRP05774,1,0.10374208341989788,Normal
TRP05775,1,0.09738291151004258,Normal
TRP05776,1,0.16176162646490744,Normal
TRP05777,1,0.13127879676982845,Normal
TRP05778,1,0.1759673371152568,Normal
TRP05779,1,0.10212668378731177,Normal
TRP05780,1,0.1735400642561774,Normal
TRP05781,1,0.1182730258261479,Normal
TRP05782,1,0.16003736372888672,Normal
TRP05783,-1,-0.07140969491897387,Anomaly
TRP05784,1,0.1031493569150877,Normal
TRP05785,-1,-0.11205694704526015,Anomaly
TRP05786,1,0.11117507871350868,Normal
TRP05787,-1,-0.0015511328717516815,Anomaly
TRP05788,1,0.1267239170804475,Normal
TRP05789,1,0.1472645195149318,Normal
TRP05790,1,0.15050818653110343,Normal
TRP05791,1,0.11943570128889258,Normal
TRP05792,1,0.17716346759447765,Normal
TRP05793,1,0.17559039444433483,Normal
TRP05794,-1,-0.03794740668419372,Anomaly
TRP05795,1,0.01649380114180299,Normal
TRP05796,1,0.1415210628781784,Normal
TRP05797,1,0.16834557409986795,Normal
TRP05798,1,0.18090916506910937,Normal
TRP05799,1,0.027793626846597808,Normal
TRP05800,1,0.1539153234138051,Normal
TRP05801,1,0.1702971019884219,Normal
TRP05802,1,0.14608959555078427,Normal
TRP05803,1,0.1663234382630036,Normal
TRP05804,1,0.17528352137925873,Normal
TRP05805,1,0.13720688865765607,Normal
TRP05806,1,0.18205672848185356,Normal
TRP05807,1,0.11541123942480042,Normal
TRP05808,1,0.10581040924535984,Normal
TRP05809,1,0.1687929726109778,Normal
TRP05810,1,0.1267382833020279,Normal
TRP05811,1,0.11116999359283208,Normal
TRP05812,1,0.06142683950323291,Normal
TRP05813,1,0.16069066831681772,Normal
TRP05814,1,0.0838718943939718,Normal
TRP05815,1,0.16531974638994795,Normal
TRP05816,1,0.046029206105725806,Normal
TRP05817,1,0.10262794963017358,Normal
TRP05818,1,0.17318912115346446,Normal
TRP05819,1,0.17970903817082584,Normal
TRP05820,1,0.15260547203696345,Normal
TRP05821,1,0.1736629008126141,Normal
TRP05822,1,0.15807889414345572,Normal
TRP05823,1,0.047188432546989345,Normal
TRP05824,1,0.1446731718632649,Normal
TRP05825,1,0.1737486240832315,Normal
TRP05826,1,0.0979852457497532,Normal
TRP05827,1,0.06349407564748266,Normal
TRP05828,1,0.039661869902745894,Normal
TRP05829,1,0.12644280578593947,Normal
TRP05830,1,0.1077481281681752,Normal
TRP05831,1,0.1699296567541737,Normal
TRP05832,1,0.17089550910823392,Normal
TRP05833,1,0.12664744599524325,Normal
TRP05834,1,0.15332974346139389,Normal
TRP05835,1,0.11218015519083846,Normal
TRP05836,1,0.005297452855671736,Normal
TRP05837,1,0.09995444456431274,Normal
TRP05838,1,0.08286593839305362,Normal
TRP05839,1,0.16810034263161855,Normal
TRP05840,1,0.17415978242282848,Normal
TRP05841,1,0.022700366662806615,Normal
TRP05842,1,0.09151117256663666,Normal
TRP05843,1,0.18170084691339744,Normal
TRP05844,1,0.07587018212011942,Normal
TRP05845,1,0.1628698683445936,Normal
TRP05846,1,0.16264861288276178,Normal
TRP05847,1,0.173378556932757,Normal
TRP05848,1,0.029588741373485994,Normal
TRP05849,1,0.07990918831970578,Normal
TRP05850,1,0.15301277860865797,Normal
TRP05851,1,0.0031815849128024043,Normal
TRP05852,1,0.10089848619681463,Normal
TRP05853,1,0.046827844867106116,Normal
TRP05854,1,0.1476456755023498,Normal
TRP05855,1,0.14943009275639912,Normal
TRP05856,1,0.17008963215327905,Normal
TRP05857,1,0.16600270070090578,Normal
TRP05858,1,0.08375891527086488,Normal
TRP05859,1,0.04337990868394315,Normal
TRP05860,-1,-0.0011744602978298602,Anomaly
TRP05861,1,0.10106708939071468,Normal
TRP05862,1,0.060916377103102604,Normal
TRP05863,1,0.05123484742811624,Normal
TRP05864,1,0.18467972247339942,Normal
TRP05865,1,0.008233519059609118,Normal
TRP05866,1,0.09918203264921593,Normal
TRP05867,1,0.007664330920203244,Normal
TRP05868,1,0.07271427576926559,Normal
TRP05869,1,0.16551339987449026,Normal
TRP05870,1,0.10413156750385621,Normal
TRP05871,1,0.16589648680180896,Normal
TRP05872,1,0.11025107669313905,Normal
TRP05873,1,0.17847932858509707,Normal
TRP05874,1,0.15831878676898453,Normal
TRP05875,-1,-0.014761194782739295,Anomaly
TRP05876,1,0.08615652092086479,Normal
TRP05877,1,0.17506315863909439,Normal
TRP05878,1,0.12210875229075807,Normal
TRP05879,1,0.1726672872361361,Normal
TRP05880,-1,-0.01832194372549889,Anomaly
TRP05881,1,0.178067007736667,Normal
TRP05882,-1,-0.00579102340551807,Anomaly
TRP05883,1,0.089085255162136,Normal
TRP05884,1,0.086400738071916,Normal
TRP05885,1,0.06941806830572705,Normal
TRP05886,1,0.15186737717000381,Normal
TRP05887,1,0.1400251888355335,Normal
TRP05888,1,0.16970748315025058,Normal
TRP05889,1,0.16263528931147642,Normal
TRP05890,1,0.0880468618095196,Normal
TRP05891,1,0.14212041533802466,Normal
TRP05892,1,0.05123484742811624,Normal
TRP05893,1,0.09921677592703637,Normal
TRP05894,1,0.04722829827823005,Normal
TRP05895,1,0.14906032641106265,Normal
TRP05896,1,0.16533581747660536,Normal
TRP05897,1,0.15390097666733143,Normal
TRP05898,1,0.13729676475603325,Normal
TRP05899,1,0.172064145198921,Normal
TRP05900,1,0.10337155581003471,Normal
TRP05901,1,0.11079200777758974,Normal
TRP05902,-1,-0.0012960746246747368,Anomaly
TRP05903,1,0.163840418969106,Normal
TRP05904,1,0.1694099392476105,Normal
TRP05905,1,0.09065257462183296,Normal
TRP05906,1,0.16158643044398463,Normal
TRP05907,1,0.1495341151822453,Normal
TRP05908,1,0.10379079399880575,Normal
TRP05909,1,0.10384636386344492,Normal
TRP05910,1,0.05055463245944358,Normal
TRP05911,1,0.02353662666996792,Normal
TRP05912,1,0.12924857726741928,Normal
TRP05913,1,0.10018632109207909,Normal
TRP05914,1,0.049034695941053474,Normal
TRP05915,1,0.16797213598768085,Normal
TRP05916,1,0.07267131560430728,Normal
TRP05917,1,0.049769348370959365,Normal
TRP05918,1,0.08130433732376796,Normal
TRP05919,1,0.10918448194594971,Normal
TRP05920,1,0.129329963014034,Normal
TRP05921,1,0.13509240826821883,Normal
TRP05922,1,0.16995765952292097,Normal
TRP05923,-1,-0.058120423806331645,Anomaly
TRP05924,1,0.05123484742811624,Normal
TRP05925,1,0.06730310271742124,Normal
TRP05926,1,0.17181179979998085,Normal
TRP05927,1,0.15355071390332714,Normal
TRP05928,-1,-0.010642781091783404,Anomaly
TRP05929,1,0.0542385002485567,Normal
TRP05930,1,0.1636490420956936,Normal
TRP05931,1,0.10073131415250958,Normal
TRP05932,1,0.12841329420040554,Normal
TRP05933,1,0.08544480352074157,Normal
TRP05934,1,0.07317371110375392,Normal
TRP05935,1,0.08390720204951907,Normal
TRP05936,1,0.07729694908856427,Normal
TRP05937,1,0.05011673605040767,Normal
TRP05938,1,0.1569594815605217,Normal
TRP05939,-1,-0.08906082966764561,Anomaly
TRP05940,1,0.11962470941313497,Normal
TRP05941,1,0.003393995495241442,Normal
TRP05942,1,0.15076348047096455,Normal
TRP05943,1,0.08714987834778498,Normal
TRP05944,-1,-0.016052103350017388,Anomaly
TRP05945,1,0.15733438194168814,Normal
TRP05946,1,0.08510208178062223,Normal
TRP05947,1,0.0928126074676523,Normal
TRP05948,-1,-0.02015378127308365,Anomaly
TRP05949,1,0.05123484742811624,Normal
TRP05950,1,0.10616431895081402,Normal
TRP05951,1,0.09734959287323797,Normal
TRP05952,1,0.15584255034615463,Normal
TRP05953,1,0.10207481718277994,Normal
TRP05954,1,0.14768648830922632,Normal
TRP05955,1,0.11679724173083339,Normal
TRP05956,1,0.10150791016471278,Normal
TRP05957,1,0.11704587364844216,Normal
TRP05958,1,0.1383448967826968,Normal
TRP05959,1,0.18310377136630424,Normal
TRP05960,-1,-0.031452727725114316,Anomaly
TRP05961,1,0.05442445440288246,Normal
TRP05962,1,0.07412420124228114,Normal
TRP05963,1,0.16918540892845463,Normal
TRP05964,1,0.16003155377891332,Normal
TRP05965,1,0.17967315861927985,Normal
TRP05966,1,0.025662491452977387,Normal
TRP05967,1,0.08480343171752386,Normal
TRP05968,1,0.17827130934897012,Normal
TRP05969,1,0.10698434140147944,Normal
TRP05970,1,0.11335128114323473,Normal
TRP05971,1,0.13527596427385602,Normal
TRP05972,1,0.06311107100276003,Normal
TRP05973,1,0.11764890312739923,Normal
TRP05974,1,0.10388545281621941,Normal
TRP05975,1,0.06594932459131109,Normal
TRP05976,1,0.05123484742811624,Normal
TRP05977,1,0.0733704073514011,Normal
TRP05978,1,0.12824989837765854,Normal
TRP05979,1,0.021240133535145422,Normal
TRP05980,1,0.07145638982366675,Normal
TRP05981,1,0.09930496139614547,Normal
TRP05982,1,0.15602922523712365,Normal
TRP05983,1,0.0619419995375573,Normal
TRP05984,1,0.1782582071245603,Normal
TRP05985,1,0.18711351375536095,Normal
TRP05986,1,0.1575044961922375,Normal
TRP05987,1,0.08041614173589534,Normal
TRP05988,1,0.16903386080228988,Normal
TRP05989,1,0.11122156284748508,Normal
TRP05990,1,0.039661869902745894,Normal
TRP05991,1,0.10785752754173283,Normal
TRP05992,1,0.026734896163019606,Normal
TRP05993,1,0.17224550957063844,Normal
TRP05994,1,0.08390626949419755,Normal
TRP05995,1,0.018016588808151712,Normal
TRP05996,1,0.051321353305291195,Normal
TRP05997,1,0.09218936860681487,Normal
TRP05998,1,0.022549420588801716,Normal
TRP05999,1,0.15179425065060337,Normal
TRP06000,1,0.10641454803131462,Normal
TRP06001,1,0.09085768026994379,Normal
TRP06002,1,0.18080814114306798,Normal
TRP06003,1,0.10016047216605578,Normal
TRP06004,1,0.1591780653085093,Normal
TRP06005,1,0.09021592087741881,Normal
TRP06006,1,0.1456403544158179,Normal
TRP06007,1,0.06762040565409311,Normal
TRP06008,1,0.0767898677584567,Normal
TRP06009,1,0.09895122540951279,Normal
TRP06010,1,0.09238668309862824,Normal
TRP06011,1,0.07729694908856427,Normal
TRP06012,-1,-0.009535969299010016,Anomaly
TRP06013,1,0.13719342625371062,Normal
TRP06014,1,0.07712374525272131,Normal
TRP06015,-1,-0.04126910926333116,Anomaly
TRP06016,1,0.020246507552234116,Normal
TRP06017,1,0.1371460624329916,Normal
TRP06018,-1,-0.014989078971488934,Anomaly
TRP06019,1,0.17646095790560734,Normal
TRP06020,1,0.057555765321907204,Normal
TRP06021,1,0.1056388584162386,Normal
TRP06022,1,0.16494271721225978,Normal
TRP06023,1,0.05397325649623508,Normal
TRP06024,1,0.03812269441054039,Normal
TRP06025,1,0.09145833061064673,Normal
TRP06026,1,0.059363707691016177,Normal
TRP06027,1,0.06470646455382811,Normal
TRP06028,1,0.11590177992786649,Normal
TRP06029,1,0.10516292373547892,Normal
TRP06030,1,0.14828122916605557,Normal
TRP06031,-1,-0.0776371764232704,Anomaly
TRP06032,1,0.10028921925119033,Normal
TRP06033,1,0.08572890897958202,Normal
TRP06034,1,0.16345705128535454,Normal
TRP06035,1,0.006959203753287735,Normal
TRP06036,1,0.15769453907813658,Normal
TRP06037,1,0.0494576373404817,Normal
TRP06038,1,0.0763301082614462,Normal
TRP06039,1,0.09925565369297468,Normal
TRP06040,1,0.012726458631768356,Normal
TRP06041,1,0.02900507228648208,Normal
TRP06042,1,0.05394591876775523,Normal
TRP06043,1,0.16352433310125702,Normal
TRP06044,1,0.027592470808729286,Normal
TRP06045,1,0.08446113485744167,Normal
TRP06046,1,0.09167370573327938,Normal
TRP06047,1,0.05123484742811624,Normal
TRP06048,1,0.17244965373162335,Normal
TRP06049,1,0.08921362688244716,Normal
TRP06050,1,0.14861256878586826,Normal
TRP06051,1,0.04058041220191577,Normal
TRP06052,1,0.07371225769296752,Normal
TRP06053,1,0.16050166864463583,Normal
TRP06054,1,0.09002739246705616,Normal
TRP06055,1,0.04296381431593266,Normal
TRP06056,1,0.117228035219415,Normal
TRP06057,1,0.15000945553207323,Normal
TRP06058,1,0.0961777856155549,Normal
TRP06059,1,0.0007826225430472844,Normal
TRP06060,1,0.18012967411581476,Normal
TRP06061,1,0.16833282899477742,Normal
TRP06062,1,0.17860349817020732,Normal
TRP06063,-1,-0.014989078971488934,Anomaly
TRP06064,-1,-0.02124536938303323,Anomaly
TRP06065,1,0.1868761473723124,Normal
TRP06066,1,0.0980071190852258,Normal
TRP06067,1,0.11009097098293308,Normal
TRP06068,1,0.18067922867799213,Normal
TRP06069,1,0.12220538882855636,Normal
TRP06070,1,0.1773993957671342,Normal
TRP06071,1,0.09842579319273409,Normal
TRP06072,1,0.1814253192885784,Normal
TRP06073,1,0.09931086320197563,Normal
TRP06074,1,0.09738291151004258,Normal
TRP06075,1,0.15713779032144098,Normal
TRP06076,1,0.15369055636995876,Normal
TRP06077,1,0.15206225564891013,Normal
TRP06078,1,0.15356738256885677,Normal
TRP06079,1,0.14035138878438896,Normal
TRP06080,1,0.06021581239579077,Normal
TRP06081,1,0.08632529716850507,Normal
TRP06082,1,0.05097873323902502,Normal
TRP06083,1,0.17705062615776668,Normal
TRP06084,1,0.07875283312612902,Normal
TRP06085,1,0.15280427239905342,Normal
TRP06086,1,0.12650148367697023,Normal
TRP06087,1,0.03970974887980261,Normal
TRP06088,-1,-0.0034460050448663626,Anomaly
TRP06089,1,0.15927486924547857,Normal
TRP06090,1,0.17212314400466672,Normal
TRP06091,1,0.10736504676300884,Normal
TRP06092,1,0.030710140990655388,Normal
TRP06093,1,0.14746988163543,Normal
TRP06094,1,0.06517288870107985,Normal
TRP06095,1,0.0920609115139634,Normal
TRP06096,1,0.15555349218063985,Normal
TRP06097,1,0.16398839312244717,Normal
TRP06098,1,0.1656950246128256,Normal
TRP06099,1,0.026840288289509573,Normal
TRP06100,1,0.12347844872800345,Normal
TRP06101,1,0.06570941317382673,Normal
TRP06102,1,0.04011625649648887,Normal
TRP06103,1,0.1294925885898704,Normal
TRP06104,1,0.14405785146822825,Normal
TRP06105,1,0.1771324329592464,Normal
TRP06106,1,0.09037178976895693,Normal
TRP06107,1,0.16940325061431666,Normal
TRP06108,1,0.07466133613569226,Normal
TRP06109,1,0.17078557839422093,Normal
TRP06110,1,0.08124046408872648,Normal
TRP06111,1,0.15135422514464786,Normal
TRP06112,1,0.09995444456431274,Normal
TRP06113,1,0.1373731835606753,Normal
TRP06114,1,0.13940061352880845,Normal
TRP06115,1,0.14436340838785316,Normal
TRP06116,1,0.17968760873843004,Normal
TRP06117,1,0.14695319091250503,Normal
TRP06118,1,0.08681744026918103,Normal
TRP06119,1,0.1599395214022687,Normal
TRP06120,1,0.11212227783470635,Normal
TRP06121,1,0.10176315583428641,Normal
TRP06122,1,0.1552200954235986,Normal
TRP06123,1,0.026577493074899206,Normal
TRP06124,1,0.03553021456189209,Normal
TRP06125,1,0.1296664521487883,Normal
TRP06126,1,0.17713588422853327,Normal
TRP06127,1,0.012051591878897261,Normal
TRP06128,1,0.15874339113219754,Normal
TRP06129,1,0.05123484742811624,Normal
TRP06130,1,0.06867228413711335,Normal
TRP06131,1,0.15978182954886988,Normal
TRP06132,1,0.11770374948092155,Normal
TRP06133,-1,-0.0193684655108608,Anomaly
TRP06134,1,0.10399223721723061,Normal
TRP06135,1,0.17997562424216895,Normal
TRP06136,1,0.003350932837545395,Normal
TRP06137,1,0.05937010375568652,Normal
TRP06138,1,0.14380098868107938,Normal
TRP06139,1,0.12694512749278797,Normal
TRP06140,1,0.17852997308313134,Normal
TRP06141,1,0.1815513732947152,Normal
TRP06142,1,0.15862175442411675,Normal
TRP06143,1,0.15870681629565941,Normal
TRP06144,1,0.06967241463788942,Normal
TRP06145,1,0.1766975465860539,Normal
TRP06146,1,0.17621132261779654,Normal
TRP06147,1,0.010110953321240457,Normal
TRP06148,1,0.07952143909742487,Normal
TRP06149,-1,-0.023375959474716046,Anomaly
TRP06150,1,0.15923580165490542,Normal
TRP06151,1,0.11458874838022504,Normal
TRP06152,1,0.15270366253926332,Normal
TRP06153,1,0.03876668854959886,Normal
TRP06154,-1,-0.012930441563786976,Anomaly
TRP06155,1,0.14131005400977775,Normal
TRP06156,1,0.1731749781079015,Normal
TRP06157,-1,-0.0475480796455684,Anomaly
TRP06158,1,0.15739156434339058,Normal
TRP06159,1,0.07381112404947254,Normal
TRP06160,1,0.08269271408007473,Normal
TRP06161,1,0.054570545221933164,Normal
TRP06162,1,0.02743540241053921,Normal
TRP06163,1,0.09258610681578539,Normal
TRP06164,1,0.09405846451059385,Normal
TRP06165,1,0.17314771753518704,Normal
TRP06166,1,0.05123484742811624,Normal
TRP06167,1,0.17430468870476362,Normal
TRP06168,1,0.1667560543334463,Normal
TRP06169,1,0.13241982687688764,Normal
TRP06170,1,0.16444843654685792,Normal
TRP06171,1,0.17962073666686207,Normal
TRP06172,1,0.09918203264921593,Normal
TRP06173,1,0.045517175975782975,Normal
TRP06174,1,0.10734882846328353,Normal
TRP06175,-1,-0.001772122224040551,Anomaly
TRP06176,1,0.07712374525272131,Normal
TRP06177,1,0.09398390272176382,Normal
TRP06178,1,0.1167138207149333,Normal
TRP06179,1,0.16752898839314717,Normal
TRP06180,1,0.024324681033501827,Normal
TRP06181,1,0.16016531976785903,Normal
TRP06182,-1,-0.03010942012099027,Anomaly
TRP06183,1,0.08574422352094291,Normal
TRP06184,1,0.014412076578096844,Normal
TRP06185,1,0.0730882098677399,Normal
TRP06186,1,0.056503858361955706,Normal
TRP06187,1,0.18027738944866378,Normal
TRP06188,1,0.051321353305291195,Normal
TRP06189,-1,-0.01959708189997167,Anomaly
TRP06190,1,0.098848405044548,Normal
TRP06191,1,0.057555765321907204,Normal
TRP06192,1,0.11038359203428388,Normal
TRP06193,1,0.01598683183937255,Normal
TRP06194,1,0.04940730550904837,Normal
TRP06195,1,0.056919192289266896,Normal
TRP06196,1,0.15025267303943585,Normal
TRP06197,1,0.022873336235473052,Normal
TRP06198,1,0.09479857522493279,Normal
TRP06199,1,0.09884836778555783,Normal
TRP06200,1,0.16801086454667535,Normal
TRP06201,1,0.16797390903754295,Normal
TRP06202,1,0.15362461536545463,Normal
TRP06203,1,0.07047460377646753,Normal
TRP06204,1,0.07179087533364858,Normal
TRP06205,1,0.17714894806853537,Normal
TRP06206,1,0.16086736213925096,Normal
TRP06207,1,0.14769696635396018,Normal
TRP06208,1,0.07150439809067366,Normal
TRP06209,1,0.04704999379271135,Normal
TRP06210,1,0.15960984518451232,Normal
TRP06211,1,0.14561350564203912,Normal
TRP06212,1,0.11727356605606909,Normal
TRP06213,1,0.18220474805268522,Normal
TRP06214,1,0.16916836174284317,Normal
TRP06215,1,0.15348099499771145,Normal
TRP06216,1,0.14033108742409112,Normal
TRP06217,1,0.18141796595419624,Normal
TRP06218,1,0.17121717081284815,Normal
TRP06219,1,0.09419021708753961,Normal
TRP06220,1,0.014292818761726944,Normal
TRP06221,1,0.11957123365293365,Normal
TRP06222,1,0.10991872593315355,Normal
TRP06223,1,0.015579236000729635,Normal
TRP06224,1,0.10461305229141077,Normal
TRP06225,1,0.07558888092571175,Normal
TRP06226,1,0.08501691710678427,Normal
TRP06227,1,0.09176236387692621,Normal
TRP06228,1,0.07410728662695165,Normal
TRP06229,1,0.16113786770188127,Normal
TRP06230,1,0.13989295926482037,Normal
TRP06231,1,0.1116553815326537,Normal
TRP06232,1,0.14019269663003192,Normal
TRP06233,-1,-0.04067660294492226,Anomaly
TRP06234,-1,-0.03701075359575878,Anomaly
TRP06235,1,0.08510208178062223,Normal
TRP06236,1,0.15938051752179871,Normal
TRP06237,1,0.14940658912752397,Normal
TRP06238,1,0.015422801126853236,Normal
TRP06239,1,0.03606748641935775,Normal
TRP06240,1,0.16682124694563683,Normal
TRP06241,1,0.1574482305315429,Normal
TRP06242,1,0.16704290735022348,Normal
TRP06243,1,0.10142212056368838,Normal
TRP06244,1,0.09948644838164389,Normal
TRP06245,1,0.1103256239177659,Normal
TRP06246,1,0.155142522450874,Normal
TRP06247,1,0.12276650352194979,Normal
TRP06248,1,0.17951853080497576,Normal
TRP06249,1,0.09762678383227935,Normal
TRP06250,1,0.1368579441399092,Normal
TRP06251,1,0.12301457977600466,Normal
TRP06252,1,0.13425037797900813,Normal
TRP06253,1,0.0790753649620341,Normal
TRP06254,1,0.12695573464011373,Normal
TRP06255,-1,-0.033435308192027446,Anomaly
TRP06256,1,0.12157765338268733,Normal
TRP06257,1,0.0822475355112508,Normal
TRP06258,1,0.05123484742811624,Normal
TRP06259,-1,-0.005624319317471094,Anomaly
TRP06260,-1,-0.050707042781146905,Anomaly
TRP06261,1,0.16510948520029223,Normal
TRP06262,1,0.06398729860093055,Normal
TRP06263,1,0.04233757186462006,Normal
TRP06264,1,0.11722797888781128,Normal
TRP06265,1,0.017483762128302383,Normal
TRP06266,1,0.1353572094103822,Normal
TRP06267,1,0.17629624306022412,Normal
TRP06268,1,0.08354536934527207,Normal
TRP06269,1,0.15271683249342266,Normal
TRP06270,1,0.12098446978814781,Normal
TRP06271,1,0.10198646548923257,Normal
TRP06272,1,0.18541903777217733,Normal
TRP06273,1,0.1730809291847849,Normal
TRP06274,1,0.12305601862177223,Normal
TRP06275,1,0.0866100247971357,Normal
TRP06276,1,0.14128113702887418,Normal
TRP06277,1,0.13730928255337405,Normal
TRP06278,-1,-0.07138031985972815,Anomaly
TRP06279,1,0.15835385350077563,Normal
TRP06280,1,0.11158536103945105,Normal
TRP06281,1,0.18397160607359003,Normal
TRP06282,1,0.013955021647467314,Normal
TRP06283,-1,-0.042258458339864635,Anomaly
TRP06284,1,0.10304574843809561,Normal
TRP06285,1,0.12382051074630573,Normal
TRP06286,1,0.030218604694244533,Normal
TRP06287,1,0.12208873118039049,Normal
TRP06288,1,0.118614618180724,Normal
TRP06289,1,0.01927519842510439,Normal
TRP06290,1,0.1553786753778379,Normal
TRP06291,1,0.007423320950888379,Normal
TRP06292,1,0.061996164255370134,Normal
TRP06293,1,0.17095065217947603,Normal
TRP06294,1,0.12368847643125458,Normal
TRP06295,1,0.061173960623205126,Normal
TRP06296,1,0.15611882293785712,Normal
TRP06297,1,0.04777654770697548,Normal
TRP06298,1,0.13222298744472388,Normal
TRP06299,1,0.08337289365236411,Normal
TRP06300,1,0.03871699916687188,Normal
TRP06301,1,0.07461053825292374,Normal
TRP06302,1,0.12832951066226528,Normal
TRP06303,1,0.15238614137567086,Normal
TRP06304,1,0.10682399650011859,Normal
TRP06305,1,0.0979852457497532,Normal
TRP06306,1,0.1564176701629375,Normal
TRP06307,1,0.09503493278349984,Normal
TRP06308,1,0.1752480313307619,Normal
TRP06309,1,0.13108924207892814,Normal
TRP06310,1,0.03625966917585455,Normal
TRP06311,1,0.10073712967327281,Normal
TRP06312,1,0.12397444739244357,Normal
TRP06313,1,0.18080645230614328,Normal
TRP06314,-1,-0.008099735524534468,Anomaly
TRP06315,-1,-0.10128759649369179,Anomaly
TRP06316,1,0.17885936838330802,Normal
TRP06317,1,0.16350140631355614,Normal
TRP06318,1,0.14921584874420019,Normal
TRP06319,1,0.1742581422531015,Normal
TRP06320,1,0.09574869781612927,Normal
TRP06321,1,0.08609335738308899,Normal
TRP06322,1,0.0919826050923957,Normal
TRP06323,1,0.16891759593647832,Normal
TRP06324,1,0.12462467688862,Normal
TRP06325,1,0.08534121480333573,Normal
TRP06326,1,0.16369581209779177,Normal
TRP06327,1,0.17130320855793807,Normal
TRP06328,1,0.08187882434083937,Normal
TRP06329,1,0.1281293660770928,Normal
TRP06330,1,0.008631556040259225,Normal
TRP06331,-1,-0.009930699503555962,Anomaly
TRP06332,1,0.14148455113707437,Normal
TRP06333,-1,-0.0011744602978298602,Anomaly
TRP06334,1,0.1517364806466583,Normal
TRP06335,1,0.09797551604034349,Normal
TRP06336,1,0.16780724546670034,Normal
TRP06337,1,0.12934885819905567,Normal
TRP06338,1,0.08811948850654444,Normal
TRP06339,1,0.07628688928889754,Normal
TRP06340,-1,-0.011380215824102535,Anomaly
TRP06341,1,0.052131366155984016,Normal
TRP06342,1,0.12427280265349283,Normal
TRP06343,1,0.09714911523883624,Normal
TRP06344,1,0.17183786367594034,Normal
TRP06345,1,0.18073708563125995,Normal
TRP06346,1,0.0785791634320187,Normal
TRP06347,1,0.17761319357510952,Normal
TRP06348,1,0.08802628121307604,Normal
TRP06349,-1,-0.0029773933058286906,Anomaly
TRP06350,1,0.1299975462618279,Normal
TRP06351,1,0.010205594222900571,Normal
TRP06352,1,0.0753698402855269,Normal
TRP06353,1,0.09532420504535982,Normal
TRP06354,1,0.054301745348466324,Normal
TRP06355,1,0.14977396281097893,Normal
TRP06356,1,0.010670128036704751,Normal
TRP06357,1,0.07163518891260068,Normal
TRP06358,1,0.1787153697339285,Normal
TRP06359,1,0.15891272108209148,Normal
TRP06360,1,0.09826254956696517,Normal
TRP06361,1,0.1280957449414517,Normal
TRP06362,1,0.03271059622666517,Normal
TRP06363,1,0.0914814698268937,Normal
TRP06364,1,0.02826373526199344,Normal
TRP06365,1,0.07077893279195557,Normal
TRP06366,1,0.08183853612586123,Normal
TRP06367,1,0.17255132596384254,Normal
TRP06368,1,0.14143660780054523,Normal
TRP06369,1,0.1510964988571063,Normal
TRP06370,1,0.16949105873841375,Normal
TRP06371,1,0.14704648603460346,Normal
TRP06372,1,0.08998839267694636,Normal
TRP06373,1,0.07533465442102721,Normal
TRP06374,1,0.08895348104806605,Normal
TRP06375,1,0.1217611543456169,Normal
TRP06376,1,0.16873112209054925,Normal
TRP06377,1,0.02946492069949147,Normal
TRP06378,1,0.14969848610086917,Normal
TRP06379,1,0.11384303674884444,Normal
TRP06380,1,0.09621845134637746,Normal
TRP06381,1,0.10515961850928812,Normal
TRP06382,1,0.16291690783913598,Normal
TRP06383,1,0.045582771751030204,Normal
TRP06384,1,0.07070031351828554,Normal
TRP06385,1,0.03212340716197737,Normal
TRP06386,1,0.13921261070621993,Normal
TRP06387,1,0.09413201426140233,Normal
TRP06388,1,0.12335484425628629,Normal
TRP06389,1,0.18297215529542266,Normal
TRP06390,1,0.11729982949361328,Normal
TRP06391,1,0.05123484742811624,Normal
TRP06392,1,0.05123484742811624,Normal
TRP06393,1,0.12115495365248774,Normal
TRP06394,1,0.1726224358783766,Normal
TRP06395,1,0.08510208178062223,Normal
TRP06396,-1,-0.10192195472024845,Anomaly
TRP06397,1,0.141245579055854,Normal
TRP06398,1,0.10725547125618018,Normal
TRP06399,1,0.16721118435674698,Normal
TRP06400,1,0.005583337150297685,Normal
TRP06401,1,0.1844295744197919,Normal
TRP06402,1,0.13249329818460703,Normal
TRP06403,1,0.05311033307695889,Normal
TRP06404,1,0.18098443998035352,Normal
TRP06405,1,0.15209951082421763,Normal
TRP06406,1,0.08988858461688137,Normal
TRP06407,1,0.01939486816792113,Normal
TRP06408,1,0.07602889237077781,Normal
TRP06409,1,0.03782820105368201,Normal
TRP06410,1,0.05308831388563229,Normal
TRP06411,1,0.08390626949419755,Normal
TRP06412,1,0.09451498768984418,Normal
TRP06413,1,0.07150439809067366,Normal
TRP06414,1,0.1663604271362204,Normal
TRP06415,1,0.13668785425252328,Normal
TRP06416,1,0.10128141571261634,Normal
TRP06417,1,0.14973948530201048,Normal
TRP06418,1,0.11378661930688566,Normal
TRP06419,1,0.10293189430208272,Normal
TRP06420,1,0.10016047216605578,Normal
TRP06421,-1,-0.030994724414314168,Anomaly
TRP06422,1,0.14729760301585137,Normal
TRP06423,1,0.16930550606913558,Normal
TRP06424,1,0.02254915883912867,Normal
TRP06425,1,0.05123484742811624,Normal
TRP06426,1,0.1011406840962904,Normal
TRP06427,1,0.15510602166293574,Normal
TRP06428,1,0.17790976276083137,Normal
TRP06429,1,0.16008609813778107,Normal
TRP06430,1,0.1326973492020359,Normal
TRP06431,1,0.17125550442575677,Normal
TRP06432,1,0.10315930059119566,Normal
TRP06433,1,0.17404281769453084,Normal
TRP06434,1,0.15369399844060305,Normal
TRP06435,1,0.005903617349293122,Normal
TRP06436,-1,-0.014994342552528295,Anomaly
TRP06437,1,0.15327871129016046,Normal
TRP06438,1,0.12017545535038548,Normal
TRP06439,1,0.09652714056946171,Normal
TRP06440,1,0.13260921613886334,Normal
TRP06441,1,0.06988473508051996,Normal
TRP06442,1,0.1682523869437711,Normal
TRP06443,1,0.08790525693583112,Normal
TRP06444,1,0.0440150326645925,Normal
TRP06445,1,0.16266076831802156,Normal
TRP06446,1,0.1594623694177279,Normal
TRP06447,1,0.11938216717442574,Normal
TRP06448,1,0.17139163139401892,Normal
TRP06449,1,0.06549168193734856,Normal
TRP06450,1,0.001541547402640564,Normal
TRP06451,-1,-0.036506587918219036,Anomaly
TRP06452,1,0.08583187723433011,Normal
TRP06453,1,0.02722731672503076,Normal
TRP06454,1,0.07430549960309696,Normal
TRP06455,-1,-0.018553210398152387,Anomaly
TRP06456,1,0.14869002903521833,Normal
TRP06457,1,0.17536849536133997,Normal
TRP06458,1,0.16795509078843512,Normal
TRP06459,1,0.16815910148498064,Normal
TRP06460,1,0.051321353305291195,Normal
TRP06461,1,0.1449614121733847,Normal
TRP06462,1,0.15207807533050388,Normal
TRP06463,1,0.09727393662245354,Normal
TRP06464,1,0.18048182943705693,Normal
TRP06465,1,0.07075597798288036,Normal
TRP06466,1,0.10461226418918851,Normal
TRP06467,1,0.114598362698701,Normal
TRP06468,1,0.12572828017265497,Normal
TRP06469,1,0.06616978117419037,Normal
TRP06470,-1,-0.014989078971488934,Anomaly
TRP06471,-1,-0.0245026219706852,Anomaly
TRP06472,1,0.14497818351709352,Normal
TRP06473,1,0.1681702965445177,Normal
TRP06474,1,0.04739267812453862,Normal
TRP06475,1,0.12887524589345795,Normal
TRP06476,1,0.181733674111418,Normal
TRP06477,1,0.1727438342516382,Normal
TRP06478,1,0.05575713816893013,Normal
TRP06479,1,0.1630653435895072,Normal
TRP06480,1,0.07305605080657918,Normal
TRP06481,1,0.030708197884601662,Normal
TRP06482,1,0.005513821610724556,Normal
TRP06483,1,0.16640025667915742,Normal
TRP06484,1,0.15639467042732558,Normal
TRP06485,1,0.08480998913572446,Normal
TRP06486,1,0.14216858070716676,Normal
TRP06487,1,0.10532121995178778,Normal
TRP06488,-1,-0.008451796925477373,Anomaly
TRP06489,1,0.14842093454331406,Normal
TRP06490,-1,-0.05470905521322578,Anomaly
TRP06491,1,0.059767327240767276,Normal
TRP06492,1,0.018302819609982812,Normal
TRP06493,1,0.039609185041975414,Normal
TRP06494,-1,-0.040595340702726856,Anomaly
TRP06495,1,0.0619419995375573,Normal
TRP06496,1,0.08061407923580222,Normal
TRP06497,1,0.051321353305291195,Normal
TRP06498,-1,-0.041207432285604084,Anomaly
TRP06499,1,0.18833720944815802,Normal
TRP06500,1,0.030114718539995478,Normal
TRP06501,1,0.07194879872346038,Normal
TRP06502,1,0.11610661083815643,Normal
TRP06503,1,0.08192018358299558,Normal
TRP06504,1,0.050718685449557155,Normal
TRP06505,1,0.09921677592703637,Normal
TRP06506,1,0.08797279188703777,Normal
TRP06507,1,0.16806222772130364,Normal
TRP06508,-1,-0.029974119482892414,Anomaly
TRP06509,1,0.0982339209702846,Normal
TRP06510,1,0.14680890867084218,Normal
TRP06511,1,0.13637746377057303,Normal
TRP06512,1,0.09666523473191424,Normal
TRP06513,1,0.07628688928889754,Normal
TRP06514,1,0.07471558538789436,Normal
TRP06515,1,0.08588808034918988,Normal
TRP06516,1,0.16765595961695212,Normal
TRP06517,1,0.08820212451398185,Normal
TRP06518,1,0.0988024810112168,Normal
TRP06519,1,0.11864262000806647,Normal
TRP06520,1,0.020021988421924375,Normal
TRP06521,1,0.09258610681578539,Normal
TRP06522,-1,-0.06728992745021067,Anomaly
TRP06523,1,0.17713034352727847,Normal
TRP06524,1,0.09419746474943069,Normal
TRP06525,1,0.06311107100276003,Normal
TRP06526,1,0.1603394665582229,Normal
TRP06527,1,0.1752522031887126,Normal
TRP06528,1,0.14161599917150886,Normal
TRP06529,-1,-0.035241706933778594,Anomaly
TRP06530,1,0.16602051678733698,Normal
TRP06531,1,0.07828043761357961,Normal
TRP06532,1,0.09546836589843571,Normal
TRP06533,1,0.1181381028931961,Normal
TRP06534,1,0.15661350140485764,Normal
TRP06535,1,0.07610213057570653,Normal
TRP06536,1,0.16957344708556144,Normal
TRP06537,-1,-0.02094851860686464,Anomaly
TRP06538,1,0.08905839001708732,Normal
TRP06539,1,0.16348608823703592,Normal
TRP06540,1,0.08493802434008396,Normal
TRP06541,1,0.17389510489554877,Normal
TRP06542,1,0.108507454077726,Normal
TRP06543,1,0.09898979853424728,Normal
TRP06544,1,0.17576795593229477,Normal
TRP06545,1,0.16733420644396563,Normal
TRP06546,1,0.08261881927228504,Normal
TRP06547,1,0.11898885039214924,Normal
TRP06548,1,0.10916769146437272,Normal
TRP06549,1,0.10908759500243531,Normal
TRP06550,1,0.12007667970135144,Normal
TRP06551,1,0.051436131198071555,Normal
TRP06552,1,0.117386896485633,Normal
TRP06553,1,0.0433123038332196,Normal
TRP06554,1,0.0560542990236399,Normal
TRP06555,1,0.05123484742811624,Normal
TRP06556,1,0.058006743184094045,Normal
TRP06557,1,0.04206177705576275,Normal
TRP06558,1,0.07483294752972991,Normal
TRP06559,1,0.12712883516548723,Normal
TRP06560,1,0.1599049363577476,Normal
TRP06561,1,0.0783960739882052,Normal
TRP06562,1,0.12614642135065085,Normal
TRP06563,1,0.037937150825956945,Normal
TRP06564,1,0.15864417972804024,Normal
TRP06565,1,0.07080899022007736,Normal
TRP06566,1,0.07712374525272131,Normal
TRP06567,-1,-0.0017425243709311422,Anomaly
TRP06568,1,0.04520745433012241,Normal
TRP06569,1,0.10280665267881778,Normal
TRP06570,1,0.1451662450560255,Normal
TRP06571,1,0.0807881734297834,Normal
TRP06572,1,0.09375236227762762,Normal
TRP06573,1,0.1828544619406256,Normal
TRP06574,1,0.13407235061432315,Normal
TRP06575,1,0.11660511863722328,Normal
TRP06576,1,0.09895783741385611,Normal
TRP06577,1,0.14106271401627996,Normal
TRP06578,1,0.1202335214796878,Normal
TRP06579,1,0.09509476160633751,Normal
TRP06580,1,0.10805590144191157,Normal
TRP06581,1,0.09883938549764554,Normal
TRP06582,1,0.146533626848173,Normal
TRP06583,1,0.16315964591223864,Normal
TRP06584,1,0.08407284183131447,Normal
TRP06585,1,0.1822080902785807,Normal
TRP06586,1,0.08629184582788857,Normal
TRP06587,1,0.11882530388850254,Normal
TRP06588,1,0.07786389729914905,Normal
TRP06589,-1,-0.06388900263035724,Anomaly
TRP06590,1,0.0472674811589503,Normal
TRP06591,1,0.06467959894770914,Normal
TRP06592,1,0.07727595749971627,Normal
TRP06593,1,0.1624688242585196,Normal
TRP06594,1,0.038480020433607987,Normal
TRP06595,1,0.16905183428802179,Normal
TRP06596,1,0.17231946253141056,Normal
TRP06597,1,0.12770237875725,Normal
TRP06598,1,0.14088833145382934,Normal
TRP06599,1,0.18159970434976502,Normal
TRP06600,1,0.04619672247477624,Normal
TRP06601,1,0.05123484742811624,Normal
TRP06602,1,0.025573296484658226,Normal
TRP06603,1,0.10669273976522542,Normal
TRP06604,1,0.1803521361067868,Normal
TRP06605,1,0.07471558538789436,Normal
TRP06606,1,0.12821060502512993,Normal
TRP06607,1,0.17201230143182838,Normal
TRP06608,1,0.011627498270432635,Normal
TRP06609,1,0.010226584309882769,Normal
TRP06610,1,0.16954656181691302,Normal
TRP06611,1,0.1862938132225595,Normal
TRP06612,1,0.15466763686284407,Normal
TRP06613,1,0.15326819532036773,Normal
TRP06614,1,0.16393750801252338,Normal
TRP06615,1,0.03449080742884181,Normal
TRP06616,1,0.10144704929144105,Normal
TRP06617,1,0.12583935670761798,Normal
TRP06618,1,0.0974666316162468,Normal
TRP06619,1,0.07206188506775912,Normal
TRP06620,1,0.08880655930622594,Normal
TRP06621,1,0.1327272552550549,Normal
TRP06622,1,0.05399399443727093,Normal
TRP06623,1,0.09556846900100224,Normal
TRP06624,1,0.09755734765280127,Normal
TRP06625,1,0.08609335738308899,Normal
TRP06626,1,0.05123484742811624,Normal
TRP06627,1,0.17258693488815718,Normal
TRP06628,1,0.033596666672290665,Normal
TRP06629,1,0.11996324237109612,Normal
TRP06630,1,0.03832267689610902,Normal
TRP06631,1,0.11884334362070104,Normal
TRP06632,1,0.05222852841787162,Normal
TRP06633,1,0.15233613402264218,Normal
TRP06634,1,0.17260302241275166,Normal
TRP06635,-1,-0.02725350670898896,Anomaly
TRP06636,1,0.16706570811173643,Normal
TRP06637,1,0.052707824497270406,Normal
TRP06638,1,0.09232574759211554,Normal
TRP06639,1,0.10158577256666013,Normal
TRP06640,1,0.02946492069949147,Normal
TRP06641,1,0.07412420124228114,Normal
TRP06642,1,0.07701155598714748,Normal
TRP06643,1,0.15423240376598568,Normal
TRP06644,1,0.1787959075222969,Normal
TRP06645,1,0.00185931871282774,Normal
TRP06646,1,0.09652946072833263,Normal
TRP06647,1,0.09749453441474343,Normal
TRP06648,1,0.10395568435432034,Normal
TRP06649,1,0.09812601791072628,Normal
TRP06650,1,0.1488011361717626,Normal
TRP06651,1,0.1401596474050537,Normal
TRP06652,1,0.15191427292566956,Normal
TRP06653,1,0.0725532239652803,Normal
TRP06654,1,0.17803309811723317,Normal
TRP06655,-1,-0.025707688972354092,Anomaly
TRP06656,1,0.07023052829737109,Normal
TRP06657,1,0.15008812497740243,Normal
TRP06658,1,0.09365476231568504,Normal
TRP06659,1,0.14260880870606596,Normal
TRP06660,1,0.05123484742811624,Normal
TRP06661,1,0.023693080168512348,Normal
TRP06662,1,0.08965166784014011,Normal
TRP06663,1,0.1517761308163822,Normal
TRP06664,1,0.11670339283913522,Normal
TRP06665,1,0.12588264796100412,Normal
TRP06666,1,0.05123484742811624,Normal
TRP06667,1,0.06947331455367822,Normal
TRP06668,1,0.13347652082840739,Normal
TRP06669,1,0.1511921411354769,Normal
TRP06670,-1,-0.01612121616716622,Anomaly
TRP06671,1,0.12107966609847948,Normal
TRP06672,1,0.12395195024811595,Normal
TRP06673,1,0.06403522269760187,Normal
TRP06674,1,0.11718876722325455,Normal
TRP06675,1,0.18025006944319655,Normal
TRP06676,1,0.026734896163019606,Normal
TRP06677,-1,-0.012930441563786976,Anomaly
TRP06678,1,0.01708167480106071,Normal
TRP06679,1,0.0031815849128024043,Normal
TRP06680,1,0.13143803487554734,Normal
TRP06681,1,0.09009836607658445,Normal
TRP06682,1,0.16222512277549478,Normal
TRP06683,1,0.18430438687850065,Normal
TRP06684,1,0.11060791963974453,Normal
TRP06685,1,0.1202656822622401,Normal
TRP06686,1,0.10509900830178087,Normal
TRP06687,1,0.003128204025231396,Normal
TRP06688,1,0.1514395377039528,Normal
TRP06689,1,0.08211933925944126,Normal
TRP06690,1,0.06807906568816813,Normal
TRP06691,1,0.0569227792973549,Normal
TRP06692,1,0.12908491020698099,Normal
TRP06693,-1,-0.008263202430571881,Anomaly
TRP06694,1,0.16211285460173996,Normal
TRP06695,1,0.15965480485017902,Normal
TRP06696,1,0.10976002213072117,Normal
TRP06697,1,0.13424484767377703,Normal
TRP06698,1,0.09714911523883624,Normal
TRP06699,1,0.09533845714939082,Normal
TRP06700,1,0.1595165285853426,Normal
TRP06701,1,0.15577543395471477,Normal
TRP06702,1,0.01939486816792113,Normal
TRP06703,1,0.14693470639741224,Normal
TRP06704,1,0.16978551832230643,Normal
TRP06705,1,0.004743674475473081,Normal
TRP06706,1,0.13097018204586147,Normal
TRP06707,1,0.18281652054419595,Normal
TRP06708,1,0.06981813096055667,Normal
TRP06709,1,0.17490856480098477,Normal
TRP06710,1,0.08261881927228504,Normal
TRP06711,1,0.09574869781612927,Normal
TRP06712,1,0.08390626949419755,Normal
TRP06713,-1,-0.018248572379492622,Anomaly
TRP06714,1,0.15586328510286046,Normal
TRP06715,1,0.11766604588644375,Normal
TRP06716,1,0.17203560073881508,Normal
TRP06717,1,0.16682319408686963,Normal
TRP06718,1,0.18056279441158696,Normal
TRP06719,1,0.07952143909742487,Normal
TRP06720,1,0.09350597659547444,Normal
TRP06721,1,0.02459592483334394,Normal
TRP06722,1,0.15149227685532302,Normal
TRP06723,1,0.06021581239579077,Normal
TRP06724,1,0.1657471956821529,Normal
TRP06725,1,0.02677104722015977,Normal
TRP06726,1,0.13904399130393508,Normal
TRP06727,1,0.11317616995968532,Normal
TRP06728,1,0.14543234592219778,Normal
TRP06729,1,0.10711474176042557,Normal
TRP06730,1,0.16386823439432363,Normal
TRP06731,1,0.16600199667414856,Normal
TRP06732,1,0.051321353305291195,Normal
TRP06733,1,0.09125665715958076,Normal
TRP06734,1,0.09764453682277147,Normal
TRP06735,1,0.05097873323902502,Normal
TRP06736,1,0.15513380627448065,Normal
TRP06737,1,0.11692001327449647,Normal
TRP06738,1,0.09824294507591796,Normal
TRP06739,1,0.025573296484658226,Normal
TRP06740,1,0.07619527338890891,Normal
TRP06741,1,0.07471558538789436,Normal
TRP06742,1,0.16392301690401845,Normal
TRP06743,1,0.15938015102877356,Normal
TRP06744,-1,-0.053144831627194966,Anomaly
TRP06745,1,0.09287730968372604,Normal
TRP06746,1,0.12046492640523615,Normal
TRP06747,1,0.13308307789962814,Normal
TRP06748,1,0.022047027807066244,Normal
TRP06749,1,0.07558888092571175,Normal
TRP06750,1,0.11289017800273293,Normal
TRP06751,1,0.02417232132844338,Normal
TRP06752,1,0.06238260498961401,Normal
TRP06753,1,0.11529648201083381,Normal
TRP06754,1,0.11047774672877164,Normal
TRP06755,1,0.15951941341738207,Normal
TRP06756,1,0.09931308258972449,Normal
TRP06757,1,0.10233365980877107,Normal
TRP06758,1,0.17779718513525605,Normal
TRP06759,1,0.18294000694201346,Normal
TRP06760,1,0.09829029375918119,Normal
TRP06761,1,0.07316912684325994,Normal
TRP06762,1,0.06117330242293362,Normal
TRP06763,1,0.14923941990942924,Normal
TRP06764,1,0.09948644838164389,Normal
TRP06765,1,0.1215665024367914,Normal
TRP06766,1,0.17499275775477496,Normal
TRP06767,1,0.16548735907381912,Normal
TRP06768,1,0.18183061796951389,Normal
TRP06769,1,0.17253733049834585,Normal
TRP06770,1,0.1539703646775869,Normal
TRP06771,1,0.06552459406141953,Normal
TRP06772,-1,-0.00216849894388238,Anomaly
TRP06773,1,0.15036598738805274,Normal
TRP06774,1,0.1281380696352551,Normal
TRP06775,1,0.0884916691646554,Normal
TRP06776,1,0.13691481754819407,Normal
TRP06777,1,0.135711412870894,Normal
TRP06778,1,0.16842310970476282,Normal
TRP06779,1,0.058006743184094045,Normal
TRP06780,1,0.07079177011155047,Normal
TRP06781,1,0.07347742234705779,Normal
TRP06782,1,0.10998210293779387,Normal
TRP06783,1,0.15172653512314455,Normal
TRP06784,1,0.18311644378813824,Normal
TRP06785,1,0.17436554143165967,Normal
TRP06786,1,0.10170162096097984,Normal
TRP06787,1,0.015481953949833316,Normal
TRP06788,1,0.011828454554627887,Normal
TRP06789,1,0.14068310279086382,Normal
TRP06790,1,0.1826576122270076,Normal
TRP06791,1,0.16659234077105023,Normal
TRP06792,1,0.02509780184661148,Normal
TRP06793,-1,-0.10150009127752557,Anomaly
TRP06794,1,0.16196269845878825,Normal
TRP06795,1,0.08722130508221326,Normal
TRP06796,1,0.09726864297838927,Normal
TRP06797,1,0.09562314665348531,Normal
TRP06798,1,0.16201163739817837,Normal
TRP06799,1,0.18160305798956722,Normal
TRP06800,1,0.14879660583552434,Normal
TRP06801,1,0.04650432823573669,Normal
TRP06802,-1,-0.017063447699562806,Anomaly
TRP06803,1,0.1620200548692532,Normal
TRP06804,1,0.17401485365771652,Normal
TRP06805,1,0.07561158266822526,Normal
TRP06806,1,0.10277304215857291,Normal
TRP06807,1,0.05123484742811624,Normal
TRP06808,1,0.04744834299087897,Normal
TRP06809,-1,-0.0933151403557877,Anomaly
TRP06810,1,0.1753453280194518,Normal
TRP06811,1,0.024890296131006573,Normal
TRP06812,1,0.12885841441776813,Normal
TRP06813,1,0.07766024114727099,Normal
TRP06814,1,0.16220466783732485,Normal
TRP06815,1,0.11400205794184004,Normal
TRP06816,1,0.0684899632311946,Normal
TRP06817,1,0.04505775984799487,Normal
TRP06818,1,0.16243894141402915,Normal
TRP06819,1,0.11250287455937019,Normal
TRP06820,1,0.13646212356524584,Normal
TRP06821,1,0.1724594643099862,Normal
TRP06822,1,0.10309342966001922,Normal
TRP06823,1,0.17345473437129072,Normal
TRP06824,1,0.08713980153187645,Normal
TRP06825,-1,-0.07910004014685956,Anomaly
TRP06826,-1,-0.020030115661793246,Anomaly
TRP06827,1,0.09556304940827542,Normal
TRP06828,1,0.014099154671369019,Normal
TRP06829,1,0.18065329590839535,Normal
TRP06830,1,0.07182203790063346,Normal
TRP06831,1,0.15177664689176845,Normal
TRP06832,1,0.16858978474183772,Normal
TRP06833,1,0.10106708939071468,Normal
TRP06834,1,0.08615652092086479,Normal
TRP06835,1,0.17593469401252915,Normal
TRP06836,1,0.1661271643160071,Normal
TRP06837,1,0.10032602722784778,Normal
TRP06838,1,0.17698500701791842,Normal
TRP06839,1,0.087433130702875,Normal
TRP06840,1,0.07182203790063346,Normal
TRP06841,1,0.18462721912455193,Normal
TRP06842,1,0.1648341195986779,Normal
TRP06843,1,0.051436131198071555,Normal
TRP06844,1,0.1514302069887576,Normal
TRP06845,1,0.17528455979709595,Normal
TRP06846,1,0.14653820353062852,Normal
TRP06847,1,0.17997413245533023,Normal
TRP06848,1,0.17551427784337886,Normal
TRP06849,1,0.15462466110463297,Normal
TRP06850,1,0.059363707691016177,Normal
TRP06851,1,0.1096792332093639,Normal
TRP06852,1,0.06867228413711335,Normal
TRP06853,1,0.0924567597759881,Normal
TRP06854,1,0.03483216794675237,Normal
TRP06855,1,0.09249214638513725,Normal
TRP06856,-1,-0.012930441563786976,Anomaly
TRP06857,-1,-0.10173585566476084,Anomaly
TRP06858,1,0.03274587629544368,Normal
TRP06859,1,0.10131044663972877,Normal
TRP06860,1,0.07222811222491987,Normal
TRP06861,1,0.06793961262291681,Normal
TRP06862,1,0.10170162096097984,Normal
TRP06863,1,0.15758813768610463,Normal
TRP06864,1,0.05108231870448243,Normal
TRP06865,1,0.09458045257574327,Normal
TRP06866,1,0.14613876513830204,Normal
TRP06867,1,0.14598382603552135,Normal
TRP06868,1,0.07500418127259323,Normal
TRP06869,1,0.10168489473231807,Normal
TRP06870,1,0.1455426568021504,Normal
TRP06871,-1,-0.010698289237521474,Anomaly
TRP06872,1,0.12455431539761719,Normal
TRP06873,1,0.15545760381254276,Normal
TRP06874,1,0.14273379110960066,Normal
TRP06875,1,0.15588335836427752,Normal
TRP06876,1,0.09901335328559113,Normal
TRP06877,1,0.14288900359680046,Normal
TRP06878,1,0.1562078684421651,Normal
TRP06879,1,0.07023052829737109,Normal
TRP06880,1,0.1252733531928774,Normal
TRP06881,1,0.10740898783267205,Normal
TRP06882,-1,-0.05997953418428248,Anomaly
TRP06883,1,0.0979852457497532,Normal
TRP06884,1,0.1444436008633846,Normal
TRP06885,1,0.09775650830610932,Normal
TRP06886,1,0.09738291151004258,Normal
TRP06887,1,0.13097787139675826,Normal
TRP06888,1,0.07793870823545251,Normal
TRP06889,1,0.1745889374413197,Normal
TRP06890,1,0.07817688944432938,Normal
TRP06891,1,0.1400333960524805,Normal
TRP06892,1,0.14918266346195908,Normal
TRP06893,1,0.1731086996878221,Normal
TRP06894,1,0.1295258259710344,Normal
TRP06895,1,0.16316569380056584,Normal
TRP06896,1,0.07558888092571175,Normal
TRP06897,1,0.17833769739901573,Normal
TRP06898,1,0.053641087675391885,Normal
TRP06899,1,0.0943165637321472,Normal
TRP06900,1,0.15253816926779756,Normal
TRP06901,-1,-0.002207319489827886,Anomaly
TRP06902,1,0.037937150825956945,Normal
TRP06903,1,0.06527091832491871,Normal
TRP06904,1,0.05306184393980107,Normal
TRP06905,1,0.1823633725863647,Normal
TRP06906,1,0.06626481265915296,Normal
TRP06907,1,0.039661869902745894,Normal
TRP06908,1,0.17283899388168572,Normal
TRP06909,1,0.11971299985541739,Normal
TRP06910,1,0.044853304963107354,Normal
TRP06911,1,0.06975806739371249,Normal
TRP06912,1,0.15063510318268636,Normal
TRP06913,1,0.16747253975747117,Normal
TRP06914,1,0.08785364689990993,Normal
TRP06915,-1,-0.011992949226553473,Anomaly
TRP06916,1,0.001947201329005721,Normal
TRP06917,1,0.08480343171752386,Normal
TRP06918,1,0.16117551437300998,Normal
TRP06919,1,0.1389248619062876,Normal
TRP06920,1,0.1155786551577333,Normal
TRP06921,-1,-0.03250493885529393,Anomaly
TRP06922,1,0.03509488737594324,Normal
TRP06923,1,0.0363868513266169,Normal
TRP06924,1,0.12287867911135547,Normal
TRP06925,1,0.16980454084671998,Normal
TRP06926,1,0.05123484742811624,Normal
TRP06927,1,0.09562024811978453,Normal
TRP06928,1,0.03232400164945881,Normal
TRP06929,1,0.07978825076911078,Normal
TRP06930,1,0.09906604440356281,Normal
TRP06931,1,0.038110470415088527,Normal
TRP06932,1,0.05147683024638905,Normal
TRP06933,1,0.05768824787493532,Normal
TRP06934,1,0.06385416482664019,Normal
TRP06935,1,0.07412420124228114,Normal
TRP06936,-1,-0.009037262001003854,Anomaly
TRP06937,1,0.17043097787881645,Normal
TRP06938,1,0.01649380114180299,Normal
TRP06939,1,0.08894277669387973,Normal
TRP06940,1,0.023940099403048754,Normal
TRP06941,1,0.18138732390400358,Normal
TRP06942,1,0.14271625767833995,Normal
TRP06943,1,0.18963859991315124,Normal
TRP06944,1,0.01939486816792113,Normal
TRP06945,1,0.11053420793718344,Normal
TRP06946,1,0.08727156777405476,Normal
TRP06947,1,0.15648193412418165,Normal
TRP06948,1,0.11853088367400216,Normal
TRP06949,1,0.050490057076718164,Normal
TRP06950,1,0.16103308932825683,Normal
TRP06951,1,0.10016047216605578,Normal
TRP06952,1,0.1265899394958221,Normal
TRP06953,1,0.02856033190218965,Normal
TRP06954,1,0.11078930815436155,Normal
TRP06955,1,0.056389677536929694,Normal
TRP06956,1,0.13915227758933812,Normal
TRP06957,1,0.06311107100276003,Normal
TRP06958,1,0.024890296131006573,Normal
TRP06959,1,0.1231347739535461,Normal
TRP06960,1,0.16254148063167667,Normal
TRP06961,1,0.11504937627206108,Normal
TRP06962,1,0.17336686644491628,Normal
TRP06963,1,0.12547924170825703,Normal
TRP06964,1,0.1725794417059885,Normal
TRP06965,1,0.15100725404642173,Normal
TRP06966,1,0.01572272522737239,Normal
TRP06967,1,0.09919254395923788,Normal
TRP06968,1,0.1211859085728389,Normal
TRP06969,1,0.11147728804524526,Normal
TRP06970,1,0.09683532321476684,Normal
TRP06971,1,0.14886039127808748,Normal
TRP06972,1,0.09843287250313848,Normal
TRP06973,1,0.18337107446682038,Normal
TRP06974,1,0.14764833674734418,Normal
TRP06975,1,0.1406711477756059,Normal
TRP06976,1,0.0717539141255793,Normal
TRP06977,1,0.1609369951932646,Normal
TRP06978,1,0.07180581371517791,Normal
TRP06979,1,0.0874105765154739,Normal
TRP06980,1,0.14569835083126853,Normal
TRP06981,1,0.06668409049650381,Normal
TRP06982,1,0.12820537402383053,Normal
TRP06983,1,0.06796763454319188,Normal
TRP06984,1,0.13588976062005892,Normal
TRP06985,1,0.019346088156692365,Normal
TRP06986,1,0.15346533228492787,Normal
TRP06987,1,0.04971993082506343,Normal
TRP06988,1,0.05739129788505515,Normal
TRP06989,1,0.15422494274492976,Normal
TRP06990,1,0.1590578354859047,Normal
TRP06991,1,0.13526274014791434,Normal
TRP06992,1,0.1585618831358161,Normal
TRP06993,1,0.15613166786186905,Normal
TRP06994,1,0.10826906060865926,Normal
TRP06995,1,0.08853025242115253,Normal
TRP06996,1,0.17354294969352901,Normal
TRP06997,-1,-0.016421127286448067,Anomaly
TRP06998,1,0.14445262500692024,Normal
TRP06999,1,0.12988871308579641,Normal
TRP07000,1,0.18047630329304176,Normal
TRP07001,1,0.14649400222232828,Normal
TRP07002,1,0.16899605804440487,Normal
TRP07003,1,0.06042860359137203,Normal
TRP07004,1,0.09677584335167172,Normal
TRP07005,-1,-0.03747062393835321,Anomaly
TRP07006,1,0.16479057447478207,Normal
TRP07007,1,0.12033104638010028,Normal
TRP07008,1,0.1721446767738185,Normal
TRP07009,1,0.18381618138486627,Normal
TRP07010,1,0.10427385261794542,Normal
TRP07011,1,0.14717910291679903,Normal
TRP07012,1,0.0805273652840362,Normal
TRP07013,1,0.17651423554308115,Normal
TRP07014,1,0.1796793737771581,Normal
TRP07015,1,0.08713980153187645,Normal
TRP07016,1,0.06944956257280333,Normal
TRP07017,1,0.09714911523883624,Normal
TRP07018,1,0.1153776713027237,Normal
TRP07019,1,0.14564099552662246,Normal
TRP07020,1,0.013429696838442307,Normal
TRP07021,1,0.05123484742811624,Normal
TRP07022,1,0.11808551039526333,Normal
TRP07023,1,0.03774975757625676,Normal
TRP07024,1,0.09012954854308369,Normal
TRP07025,1,0.1416314715716009,Normal
TRP07026,1,0.021822157170027556,Normal
TRP07027,1,0.1186964925694986,Normal
TRP07028,1,0.06754650047152877,Normal
TRP07029,1,0.1756560370967964,Normal
TRP07030,1,0.18100377416948216,Normal
TRP07031,-1,-0.012930441563786976,Anomaly
TRP07032,1,0.11857814793644106,Normal
TRP07033,1,0.18356446985035513,Normal
TRP07034,1,0.08626993968809182,Normal
TRP07035,1,0.0932109241005255,Normal
TRP07036,1,0.16341266893537515,Normal
TRP07037,1,0.1731510010602917,Normal
TRP07038,1,0.07149888534549398,Normal
TRP07039,-1,-0.05402731149162143,Anomaly
TRP07040,1,0.17651588080035152,Normal
TRP07041,1,0.02946492069949147,Normal
TRP07042,1,0.10009620786702189,Normal
TRP07043,1,0.09167762106141258,Normal
TRP07044,1,0.1326951214312181,Normal
TRP07045,1,0.08615795845017632,Normal
TRP07046,1,0.15740434131266373,Normal
TRP07047,1,0.16952461760535598,Normal
TRP07048,1,0.007857267432278991,Normal
TRP07049,1,0.1288684694791517,Normal
TRP07050,1,0.032676429821062336,Normal
TRP07051,1,0.1189984448938265,Normal
TRP07052,1,0.1437751360577615,Normal
TRP07053,1,0.12584374671321102,Normal
TRP07054,1,0.08626209135386476,Normal
TRP07055,1,0.1450866353904589,Normal
TRP07056,1,0.1817893238432018,Normal
TRP07057,1,0.01939486816792113,Normal
TRP07058,1,0.17266367041860553,Normal
TRP07059,1,0.11050954764411941,Normal
TRP07060,-1,-0.0030143357142264904,Anomaly
TRP07061,1,0.023437881629427504,Normal
TRP07062,1,0.10177365443997827,Normal
TRP07063,1,0.08652130065357316,Normal
TRP07064,1,0.17099324298519375,Normal
TRP07065,1,0.05123484742811624,Normal
TRP07066,1,0.16694708398062502,Normal
TRP07067,-1,-0.022023899600028374,Anomaly
TRP07068,1,0.016875028908915013,Normal
TRP07069,1,0.07839329833750369,Normal
TRP07070,1,0.13649723282750592,Normal
TRP07071,1,0.0608692886267207,Normal
TRP07072,1,0.1716480926146114,Normal
TRP07073,1,0.06090175376182505,Normal
TRP07074,1,0.08609335738308899,Normal
TRP07075,1,0.15265109040753289,Normal
TRP07076,1,0.11236545512148888,Normal
TRP07077,1,0.17916391173691754,Normal
TRP07078,1,0.16847324744213565,Normal
TRP07079,1,0.03144564735255717,Normal
TRP07080,1,0.17420461584105007,Normal
TRP07081,1,0.0917727194917955,Normal
TRP07082,1,0.09439661315170644,Normal
TRP07083,1,0.11967341365991091,Normal
TRP07084,1,0.0840033182157301,Normal
TRP07085,1,0.18294345595336092,Normal
TRP07086,1,0.04884027483306708,Normal
TRP07087,1,0.1800362885328854,Normal
TRP07088,1,0.1687346017573586,Normal
TRP07089,1,0.06049301787382888,Normal
TRP07090,1,0.08987576003401221,Normal
TRP07091,1,0.13701565997726362,Normal
TRP07092,1,0.12484948791830691,Normal
TRP07093,1,0.17389538418725942,Normal
TRP07094,1,0.15499574255414816,Normal
TRP07095,1,0.07754638461213881,Normal
TRP07096,1,0.14223560260770846,Normal
TRP07097,1,0.11381014778898801,Normal
TRP07098,1,0.07007825147657576,Normal
TRP07099,1,0.06996888596114526,Normal
TRP07100,1,0.1338402961071966,Normal
TRP07101,1,0.18151513462381486,Normal
TRP07102,1,0.05620985561585856,Normal
TRP07103,1,0.09510724304372858,Normal
TRP07104,1,0.012308047238473119,Normal
TRP07105,1,0.16380783330808318,Normal
TRP07106,1,0.010566818009704604,Normal
TRP07107,1,0.09842579319273409,Normal
TRP07108,1,0.10822326191605958,Normal
TRP07109,1,0.116227073882188,Normal
TRP07110,1,0.1782265099549677,Normal
TRP07111,1,0.0797032828729537,Normal
TRP07112,1,0.13459960039826246,Normal
TRP07113,-1,-0.08730559700678453,Anomaly
TRP07114,1,0.1636300032809238,Normal
TRP07115,1,0.11930270979894214,Normal
TRP07116,1,0.07471558538789436,Normal
TRP07117,1,0.06280636341655099,Normal
TRP07118,1,0.04396992257688137,Normal
TRP07119,1,0.0494576373404817,Normal
TRP07120,1,0.0630289181652035,Normal
TRP07121,1,0.15790366714376558,Normal
TRP07122,1,0.09274312420307046,Normal
TRP07123,1,0.17318657198795184,Normal
TRP07124,1,0.14496194562121162,Normal
TRP07125,1,0.10941997105025375,Normal
TRP07126,1,0.15389623254348378,Normal
TRP07127,1,0.12231764504975784,Normal
TRP07128,1,0.09969454198416733,Normal
TRP07129,1,0.13291387031030938,Normal
TRP07130,1,0.17573107843079144,Normal
TRP07131,1,0.07321515726948435,Normal
TRP07132,-1,-0.03673634805866555,Anomaly
TRP07133,1,0.10969057102883412,Normal
TRP07134,1,0.17621346543232086,Normal
TRP07135,1,0.08330459281637853,Normal
TRP07136,1,0.1802885156952772,Normal
TRP07137,1,0.12401924817218413,Normal
TRP07138,1,0.05410937922643211,Normal
TRP07139,1,0.13098925390689725,Normal
TRP07140,1,0.05123484742811624,Normal
TRP07141,1,0.18373918263702055,Normal
TRP07142,1,0.1609395215740564,Normal
TRP07143,1,0.12307098503825009,Normal
TRP07144,1,0.18640042764771342,Normal
TRP07145,1,0.08996875678908228,Normal
TRP07146,1,0.162288059106921,Normal
TRP07147,1,0.1756943823256243,Normal
TRP07148,1,0.16419857971810148,Normal
TRP07149,1,0.04277930312138423,Normal
TRP07150,1,0.1269196242513277,Normal
TRP07151,1,0.06804098101894851,Normal
TRP07152,1,0.1226100828702884,Normal
TRP07153,1,0.15319010491729934,Normal
TRP07154,1,0.14925223816463684,Normal
TRP07155,1,0.15738360585838457,Normal
TRP07156,1,0.0388989602436306,Normal
TRP07157,1,0.155113773985518,Normal
TRP07158,1,0.1344697510804751,Normal
TRP07159,1,0.08807686328600023,Normal
TRP07160,1,0.07777234399775262,Normal
TRP07161,1,0.1010500582531918,Normal
TRP07162,1,0.1265001804289118,Normal
TRP07163,1,0.1425213667415326,Normal
TRP07164,1,0.18039814637066898,Normal
TRP07165,1,0.16183182582613564,Normal
TRP07166,1,0.15374138810113053,Normal
TRP07167,1,0.13365575448210643,Normal
TRP07168,1,0.10452250752678277,Normal
TRP07169,1,0.09235706779205172,Normal
TRP07170,1,0.045908506933030946,Normal
TRP07171,1,0.0983279834394371,Normal
TRP07172,1,0.15555531203049477,Normal
TRP07173,1,0.1247327774175419,Normal
TRP07174,1,0.1523381385882498,Normal
TRP07175,1,0.16754009278127546,Normal
TRP07176,-1,-0.010642653836440807,Anomaly
TRP07177,1,0.09479857522493279,Normal
TRP07178,1,0.003643590364272753,Normal
TRP07179,1,0.08750141691914826,Normal
TRP07180,1,0.09357170904713114,Normal
TRP07181,1,0.10932388636643348,Normal
TRP07182,1,0.11614077333764938,Normal
TRP07183,1,0.0842190170197854,Normal
TRP07184,1,0.09556304940827542,Normal
TRP07185,1,0.07157242902505567,Normal
TRP07186,1,0.15480478725279434,Normal
TRP07187,1,0.17572041252030213,Normal
TRP07188,1,0.05358826274784867,Normal
TRP07189,1,0.022549420588801716,Normal
TRP07190,1,0.032305808673180225,Normal
TRP07191,1,0.1465906956097982,Normal
TRP07192,1,0.06403522269760187,Normal
TRP07193,1,0.11996324237109612,Normal
TRP07194,1,0.0795477471593547,Normal
TRP07195,1,0.10032602722784778,Normal
TRP07196,-1,-0.025068089943351524,Anomaly
TRP07197,1,0.09738291151004258,Normal
TRP07198,1,0.1323019160683791,Normal
TRP07199,1,0.12350189827212199,Normal
TRP07200,1,0.15396651868416567,Normal
TRP07201,1,0.06965529404218207,Normal
TRP07202,1,0.1413286351856145,Normal
TRP07203,1,0.04220765432950846,Normal
TRP07204,1,0.016615318260262857,Normal
TRP07205,1,0.1252976530421761,Normal
TRP07206,-1,-0.019341068217556656,Anomaly
TRP07207,1,0.1332562777958735,Normal
TRP07208,1,0.09884064617570593,Normal
TRP07209,1,0.052732596062851966,Normal
TRP07210,1,0.004971133237017922,Normal
TRP07211,1,0.14772204510050585,Normal
TRP07212,1,0.1443759551184095,Normal
TRP07213,1,0.025793544249825606,Normal
TRP07214,1,0.010336538356565672,Normal
TRP07215,1,0.1672198728575368,Normal
TRP07216,1,0.12803371016158682,Normal
TRP07217,1,0.16676422767361182,Normal
TRP07218,1,0.15360950625543318,Normal
TRP07219,1,0.17190433106732322,Normal
TRP07220,1,0.17518679006868065,Normal
TRP07221,1,0.03203406708491674,Normal
TRP07222,1,0.18023308271862998,Normal
TRP07223,1,0.10147258181723529,Normal
TRP07224,1,0.07194879872346038,Normal
TRP07225,1,0.10268927691547147,Normal
TRP07226,-1,-0.01869567947706774,Anomaly
TRP07227,1,0.16368891367838762,Normal
TRP07228,1,0.16057002350852712,Normal
TRP07229,1,0.1659862817962824,Normal
TRP07230,1,0.04379846418483713,Normal
TRP07231,1,0.09837991020651593,Normal
TRP07232,1,0.08375891527086488,Normal
TRP07233,1,0.05123484742811624,Normal
TRP07234,1,0.0035755846262844893,Normal
TRP07235,1,0.15620005767147482,Normal
TRP07236,1,0.14439471296931872,Normal
TRP07237,1,0.18412751601489513,Normal
TRP07238,1,0.14861864444882694,Normal
TRP07239,1,0.1434106412832804,Normal
TRP07240,1,0.1798893946898133,Normal
TRP07241,1,0.1670595458099876,Normal
TRP07242,-1,-0.043464215239148674,Anomaly
TRP07243,1,0.057822572605204625,Normal
TRP07244,1,0.15232302284463994,Normal
TRP07245,1,0.03052216125375662,Normal
TRP07246,1,0.03464521974063306,Normal
TRP07247,1,0.10032602722784778,Normal
TRP07248,1,0.024862176545695225,Normal
TRP07249,1,0.1527739478325233,Normal
TRP07250,1,0.06729045563784886,Normal
TRP07251,1,0.0030107545889094256,Normal
TRP07252,1,0.10918268540698173,Normal
TRP07253,1,0.09718217103615495,Normal
TRP07254,1,0.11909288041877708,Normal
TRP07255,1,0.08251800306416485,Normal
TRP07256,1,0.14212087979668026,Normal
TRP07257,1,0.16256550009073029,Normal
TRP07258,1,0.065986016971193,Normal
TRP07259,1,0.04541117292315411,Normal
TRP07260,1,0.15672656051413214,Normal
TRP07261,1,0.008621267839569957,Normal
TRP07262,1,0.02947763347325194,Normal
TRP07263,1,0.09718217103615495,Normal
TRP07264,1,0.05177780868416215,Normal
TRP07265,1,0.03607916144515666,Normal
TRP07266,1,0.17395276675520072,Normal
TRP07267,1,0.0494576373404817,Normal
TRP07268,1,0.13013817920759563,Normal
TRP07269,1,0.0730356896121519,Normal
TRP07270,-1,-0.014989078971488934,Anomaly
TRP07271,1,0.027897911896882843,Normal
TRP07272,1,0.05391099704253921,Normal
TRP07273,1,0.11253686601750412,Normal
TRP07274,1,0.012315054211429866,Normal
TRP07275,1,0.18128948838524656,Normal
TRP07276,1,0.07151381058778217,Normal
TRP07277,1,0.09771869365525576,Normal
TRP07278,1,0.13199589709410092,Normal
TRP07279,1,0.07952143909742487,Normal
TRP07280,1,0.15154189471979324,Normal
TRP07281,-1,-0.03314273944829771,Anomaly
TRP07282,1,0.12013934190717834,Normal
TRP07283,1,0.17738888813217896,Normal
TRP07284,1,0.17888083155044537,Normal
TRP07285,1,0.1812316533356939,Normal
TRP07286,1,0.1696153303934052,Normal
TRP07287,1,0.18384649155810184,Normal
TRP07288,1,0.17949983013352566,Normal
TRP07289,1,0.13250394189442322,Normal
TRP07290,1,0.10419005436518325,Normal
TRP07291,1,0.09050583659274353,Normal
TRP07292,1,0.15038756624527633,Normal
TRP07293,1,0.13632728425577667,Normal
TRP07294,1,0.12706926906413635,Normal
TRP07295,1,0.08787732871680037,Normal
TRP07296,1,0.07070484199555405,Normal
TRP07297,1,0.16606522194427475,Normal
TRP07298,1,0.1293468077889448,Normal
TRP07299,1,0.1667438598032301,Normal
TRP07300,1,0.050718685449557155,Normal
TRP07301,1,0.1587262134303391,Normal
TRP07302,1,0.13278787885633186,Normal
TRP07303,1,0.14563124175780107,Normal
TRP07304,1,0.11465238397892297,Normal
TRP07305,1,0.1817554019300638,Normal
TRP07306,1,0.16699291991295506,Normal
TRP07307,1,0.03722073894136857,Normal
TRP07308,1,0.09995444456431274,Normal
TRP07309,1,0.11503817672016309,Normal
TRP07310,1,0.13976022123721504,Normal
TRP07311,1,0.11927608374694332,Normal
TRP07312,-1,-0.006077671682480634,Anomaly
TRP07313,1,0.16505881339100226,Normal
TRP07314,1,0.17138867180488515,Normal
TRP07315,1,0.053381379074184054,Normal
TRP07316,1,0.14723508999345986,Normal
TRP07317,1,0.18328654611586137,Normal
TRP07318,1,0.09579383438591782,Normal
TRP07319,1,0.16914543694358708,Normal
TRP07320,1,0.11177125754299272,Normal
TRP07321,1,0.14792967997915435,Normal
TRP07322,1,0.08008828459658413,Normal
TRP07323,1,0.1597565444251971,Normal
TRP07324,1,0.16402991972003578,Normal
TRP07325,1,0.0957592523756931,Normal
TRP07326,1,0.13695660550027938,Normal
TRP07327,1,0.14264166703364772,Normal
TRP07328,1,0.17115449032571384,Normal
TRP07329,1,0.0599787840969781,Normal
TRP07330,1,0.18082328490320615,Normal
TRP07331,1,0.09842579319273409,Normal
TRP07332,1,0.17290437514227142,Normal
TRP07333,1,0.03208897823736534,Normal
TRP07334,1,0.11545803686584111,Normal
TRP07335,1,0.11780775398478266,Normal
TRP07336,1,0.08615652092086479,Normal
TRP07337,1,0.052732596062851966,Normal
TRP07338,-1,-0.007198709977083939,Anomaly
TRP07339,1,0.07150439809067366,Normal
TRP07340,1,0.11166622520752084,Normal
TRP07341,1,0.061118284032236625,Normal
TRP07342,1,0.05123484742811624,Normal
TRP07343,1,0.056389677536929694,Normal
TRP07344,1,0.1717952274372706,Normal
TRP07345,1,0.1538256813712497,Normal
TRP07346,1,0.14854439171366263,Normal
TRP07347,1,0.15960832913374157,Normal
TRP07348,1,0.12584592375399345,Normal
TRP07349,1,0.09636725041388894,Normal
TRP07350,-1,-0.0175680958678468,Anomaly
TRP07351,1,0.15461628267655797,Normal
TRP07352,1,0.07879598114346698,Normal
TRP07353,1,0.15160616616644695,Normal
TRP07354,1,0.06668409049650381,Normal
TRP07355,1,0.14638116946194124,Normal
TRP07356,1,0.0635534531749159,Normal
TRP07357,1,0.03855098839024518,Normal
TRP07358,1,0.10526940992906397,Normal
TRP07359,1,0.12182559008365235,Normal
TRP07360,1,0.07045024998179783,Normal
TRP07361,-1,-0.02622881156203183,Anomaly
TRP07362,1,0.18331959250071544,Normal
TRP07363,1,0.006504935443314874,Normal
TRP07364,1,0.1479593268857674,Normal
TRP07365,1,0.09151117256663666,Normal
TRP07366,1,0.10106708939071468,Normal
TRP07367,1,0.08235260578161274,Normal
TRP07368,1,0.15232942634080432,Normal
TRP07369,1,0.15715817500026347,Normal
TRP07370,1,0.08171742195165854,Normal
TRP07371,1,0.022683245713156275,Normal
TRP07372,1,0.00761198779998673,Normal
TRP07373,1,0.10089848619681463,Normal
TRP07374,1,0.09911119502690907,Normal
TRP07375,1,0.04877897042691892,Normal
TRP07376,1,0.17366867717931445,Normal
TRP07377,1,0.05564638011896228,Normal
TRP07378,1,0.14457333820725915,Normal
TRP07379,1,0.16207919673234605,Normal
TRP07380,1,0.1634982806170064,Normal
TRP07381,1,0.17761900167721628,Normal
TRP07382,1,0.090300609790542,Normal
TRP07383,1,0.09597776787552104,Normal
TRP07384,1,0.09537484657833384,Normal
TRP07385,1,0.039661869902745894,Normal
TRP07386,-1,-0.0745340419733942,Anomaly
TRP07387,1,0.1173455138126186,Normal
TRP07388,1,0.17901548510505294,Normal
TRP07389,1,0.1197732242719114,Normal
TRP07390,1,0.1717961051102338,Normal
TRP07391,1,0.14267725960528077,Normal
TRP07392,-1,-0.061036427124791626,Anomaly
TRP07393,-1,-0.013129458788929349,Anomaly
TRP07394,1,0.040460068478079037,Normal
TRP07395,1,0.16311071292559026,Normal
TRP07396,1,0.05531464364251537,Normal
TRP07397,1,0.08231487478367161,Normal
TRP07398,1,0.17811494663737326,Normal
TRP07399,1,0.13138931312310342,Normal
TRP07400,1,0.17749018411333434,Normal
TRP07401,1,0.10016047216605578,Normal
TRP07402,1,0.18192294422343763,Normal
TRP07403,1,0.07602721843242127,Normal
TRP07404,1,0.08666199400600422,Normal
TRP07405,1,0.07766024114727099,Normal
TRP07406,1,0.057555765321907204,Normal
TRP07407,1,0.06259592564592942,Normal
TRP07408,1,0.12499216598196744,Normal
TRP07409,-1,-0.00502365937809135,Anomaly
TRP07410,1,0.054800737550015355,Normal
TRP07411,1,0.06919872993272436,Normal
TRP07412,1,0.09350597659547444,Normal
TRP07413,1,0.0979852457497532,Normal
TRP07414,1,0.05123484742811624,Normal
TRP07415,1,0.1734669830262186,Normal
TRP07416,1,0.12019642496894267,Normal
TRP07417,1,0.15936518835141383,Normal
TRP07418,1,0.15203584799869668,Normal
TRP07419,1,0.11430316551372699,Normal
TRP07420,1,0.18424036064754323,Normal
TRP07421,-1,-0.01663775565323633,Anomaly
TRP07422,1,0.14084151671984768,Normal
TRP07423,1,0.12493145660112132,Normal
TRP07424,1,0.1074668942881899,Normal
TRP07425,1,0.1161835040292849,Normal
TRP07426,1,0.1718061703188536,Normal
TRP07427,1,0.11924321956473977,Normal
TRP07428,1,0.11609066738162815,Normal
TRP07429,1,0.13912999306074986,Normal
TRP07430,1,0.053390034825075094,Normal
TRP07431,-1,-0.015994927393531144,Anomaly
TRP07432,1,0.0586495183330803,Normal
TRP07433,-1,-0.06676628779332339,Anomaly
TRP07434,1,0.1797686852018463,Normal
TRP07435,1,0.14476538190751942,Normal
TRP07436,1,0.13587667451514385,Normal
TRP07437,1,0.09689578538153115,Normal
TRP07438,1,0.037937150825956945,Normal
TRP07439,1,0.17354363919056293,Normal
TRP07440,1,0.10591219946266922,Normal
TRP07441,1,0.0440150326645925,Normal
TRP07442,-1,-0.002207319489827886,Anomaly
TRP07443,1,0.08950277878528096,Normal
TRP07444,1,0.013424787368318203,Normal
TRP07445,1,0.17576361518248867,Normal
TRP07446,1,0.04151465599345272,Normal
TRP07447,1,0.07677366454903911,Normal
TRP07448,1,0.11920458142306606,Normal
TRP07449,1,0.13603790811827443,Normal
TRP07450,1,0.021612211699035044,Normal
TRP07451,1,0.11988077179874623,Normal
TRP07452,1,0.12823428953720734,Normal
TRP07453,1,0.051321353305291195,Normal
TRP07454,1,0.06363920168321313,Normal
TRP07455,1,0.1701069327735571,Normal
TRP07456,1,0.15044698781032106,Normal
TRP07457,1,0.11434419023704417,Normal
TRP07458,1,0.06311107100276003,Normal
TRP07459,1,0.0020529838580295445,Normal
TRP07460,1,0.12863067104218523,Normal
TRP07461,1,0.04246341618775773,Normal
TRP07462,1,0.09323001913040418,Normal
TRP07463,1,0.16411303245346132,Normal
TRP07464,1,0.04572774851155681,Normal
TRP07465,1,0.16019679668716874,Normal
TRP07466,1,0.16854243024651644,Normal
TRP07467,1,0.14113024647503042,Normal
TRP07468,1,0.1007062855198817,Normal
TRP07469,1,0.18391477901588216,Normal
TRP07470,1,0.1583502956217081,Normal
TRP07471,1,0.12392159500793581,Normal
TRP07472,1,0.10078639157453961,Normal
TRP07473,1,0.11589677482140165,Normal
TRP07474,1,0.16130934247767764,Normal
TRP07475,1,0.09295846824907572,Normal
TRP07476,1,0.1604091135234637,Normal
TRP07477,-1,-0.0008292084291104951,Anomaly
TRP07478,1,0.1666716909341025,Normal
TRP07479,1,0.06784408261596453,Normal
TRP07480,1,0.17538323378849252,Normal
TRP07481,1,0.17271579173284396,Normal
TRP07482,1,0.16788078867449258,Normal
TRP07483,1,0.06370870341440449,Normal
TRP07484,1,0.1760875024042028,Normal
TRP07485,1,0.01209816930634855,Normal
TRP07486,1,0.044279469209489,Normal
TRP07487,1,0.17668675378115173,Normal
TRP07488,1,0.12227456157870864,Normal
TRP07489,1,0.049353895421761385,Normal
TRP07490,1,0.08143052077191681,Normal
TRP07491,1,0.1823002237747316,Normal
TRP07492,1,0.11134319888032929,Normal
TRP07493,1,0.13757585798224664,Normal
TRP07494,1,0.03751292298970943,Normal
TRP07495,1,0.14694272124629387,Normal
TRP07496,-1,-0.014972269232582658,Anomaly
TRP07497,-1,-0.002207319489827886,Anomaly
TRP07498,1,0.16914908891607405,Normal
TRP07499,1,0.1787693249668325,Normal
TRP07500,1,0.07371225769296752,Normal
TRP07501,1,0.05928946496298726,Normal
TRP07502,1,0.17304374878287831,Normal
TRP07503,1,0.09968392695437939,Normal
TRP07504,1,0.16697218584184836,Normal
TRP07505,1,0.1601681308292039,Normal
TRP07506,1,0.1509062614177275,Normal
TRP07507,1,0.167282038745188,Normal
TRP07508,1,0.14061366684658755,Normal
TRP07509,1,0.14766269196120035,Normal
TRP07510,1,0.09231267561049356,Normal
TRP07511,-1,-0.002207319489827886,Anomaly
TRP07512,1,0.10909804281285262,Normal
TRP07513,1,0.18125416590213378,Normal
TRP07514,1,0.05643106503868056,Normal
TRP07515,1,0.05177780868416215,Normal
TRP07516,1,0.14826624029857938,Normal
TRP07517,1,0.10475767276052161,Normal
TRP07518,-1,-0.04662408827773479,Anomaly
TRP07519,1,0.12239370288401041,Normal
TRP07520,1,0.06282166285781798,Normal
TRP07521,1,0.09232574759211554,Normal
TRP07522,1,0.12385979687853454,Normal
TRP07523,1,0.13023845704896997,Normal
TRP07524,-1,-0.02777742288329288,Anomaly
TRP07525,1,0.022097113343482966,Normal
TRP07526,1,0.0828343903446675,Normal
TRP07527,1,0.17730970713079708,Normal
TRP07528,1,0.1414318725643221,Normal
TRP07529,1,0.15943857550733392,Normal
TRP07530,1,0.09812601791072628,Normal
TRP07531,1,0.11893528853556967,Normal
TRP07532,1,0.14781603202599108,Normal
TRP07533,1,0.049647882958371636,Normal
TRP07534,1,0.1651233511830627,Normal
TRP07535,1,0.16167698013542536,Normal
TRP07536,1,0.16532017711633173,Normal
TRP07537,1,0.11859761090296034,Normal
TRP07538,1,0.061658697674432994,Normal
TRP07539,1,0.12125672659723236,Normal
TRP07540,-1,-0.017085194843057372,Anomaly
TRP07541,1,0.10910429286795142,Normal
TRP07542,1,0.06584441482818437,Normal
TRP07543,1,0.1314294897499248,Normal
TRP07544,1,0.07600529421776958,Normal
TRP07545,1,0.11923523233368372,Normal
TRP07546,1,0.03191903832212384,Normal
TRP07547,1,0.1591325880766692,Normal
TRP07548,1,0.04544573669513963,Normal
TRP07549,1,0.05055463245944358,Normal
TRP07550,1,0.11724140766559943,Normal
TRP07551,1,0.15736484044035137,Normal
TRP07552,1,0.05123484742811624,Normal
TRP07553,-1,-0.03726084086366088,Anomaly
TRP07554,1,0.0077775357772913445,Normal
TRP07555,1,0.09680756668716145,Normal
TRP07556,1,0.15473289900304277,Normal
TRP07557,1,0.08480343171752386,Normal
TRP07558,1,0.1010637567981516,Normal
TRP07559,1,0.11563212357324454,Normal
TRP07560,1,0.12000839255498497,Normal
TRP07561,1,0.09338314909542689,Normal
TRP07562,1,0.17344390485310363,Normal
TRP07563,1,0.12909687647000978,Normal
TRP07564,1,0.05391099704253921,Normal
TRP07565,1,0.08714987834778498,Normal
TRP07566,1,0.17461397006271445,Normal
TRP07567,1,0.07922935597515457,Normal
TRP07568,1,0.1398452761193843,Normal
TRP07569,1,0.1633003855250718,Normal
TRP07570,1,0.1087340060265598,Normal
TRP07571,1,0.04057121530771368,Normal
TRP07572,-1,-0.02480890288183435,Anomaly
TRP07573,1,0.16216754317046622,Normal
TRP07574,1,0.1439247703710092,Normal
TRP07575,1,0.07815920604865756,Normal
TRP07576,1,0.05082037348166202,Normal
TRP07577,1,0.15820258307158913,Normal
TRP07578,1,0.07500418127259323,Normal
TRP07579,1,0.046029206105725806,Normal
TRP07580,1,0.09799674790604229,Normal
TRP07581,1,0.12314011419375831,Normal
TRP07582,1,0.1682097013934023,Normal
TRP07583,1,0.0837546014576998,Normal
TRP07584,1,0.090932764385876,Normal
TRP07585,-1,-0.01680088396324997,Anomaly
TRP07586,-1,-0.033433498888412516,Anomaly
TRP07587,1,0.04396992257688137,Normal
TRP07588,1,0.09323001913040418,Normal
TRP07589,1,0.1600075849062209,Normal
TRP07590,1,0.17693361902704285,Normal
TRP07591,1,0.1366231467594407,Normal
TRP07592,1,0.1088903259710246,Normal
TRP07593,1,0.15706502655624366,Normal
TRP07594,1,0.13490388003316084,Normal
TRP07595,1,0.13687517899122492,Normal
TRP07596,1,0.06668409049650381,Normal
TRP07597,1,0.09644767830862538,Normal
TRP07598,1,0.12877447539876913,Normal
TRP07599,1,0.11191601291087006,Normal
TRP07600,1,0.17344249870612433,Normal
TRP07601,1,0.10009620786702189,Normal
TRP07602,1,0.09574869781612927,Normal
TRP07603,1,0.10262794963017358,Normal
TRP07604,1,0.07194879872346038,Normal
TRP07605,1,0.15077601209063168,Normal
TRP07606,1,0.04940730550904837,Normal
TRP07607,1,0.058102015180368616,Normal
TRP07608,1,0.12753974482004415,Normal
TRP07609,1,0.176719806832196,Normal
TRP07610,1,0.16522171657259893,Normal
TRP07611,1,0.024324681033501827,Normal
TRP07612,1,0.02916257788692278,Normal
TRP07613,1,0.05992616162380737,Normal
TRP07614,1,0.15435431182483672,Normal
TRP07615,1,0.13214638311905125,Normal
TRP07616,1,0.1363283801157873,Normal
TRP07617,1,0.18058993011300972,Normal
TRP07618,1,0.10064030322569284,Normal
TRP07619,1,0.09787820864563873,Normal
TRP07620,1,0.10711474176042557,Normal
TRP07621,1,0.15839484100708673,Normal
TRP07622,1,0.17954260493020235,Normal
TRP07623,1,0.0861324346756156,Normal
TRP07624,1,0.04147002301949987,Normal
TRP07625,1,0.17033939033349965,Normal
TRP07626,1,0.0970398291336309,Normal
TRP07627,1,0.10032602722784778,Normal
TRP07628,1,0.14631240559628428,Normal
TRP07629,-1,-0.012930441563786976,Anomaly
TRP07630,1,0.07572285429788483,Normal
TRP07631,1,0.12079208418003307,Normal
TRP07632,1,0.12021897961034789,Normal
TRP07633,1,0.11805460925490874,Normal
TRP07634,1,0.11539773161243194,Normal
TRP07635,1,0.15804569259083906,Normal
TRP07636,1,0.142147116624655,Normal
TRP07637,1,0.13911510532511817,Normal
TRP07638,1,0.16274254995911736,Normal
TRP07639,1,0.1681074906250884,Normal
TRP07640,1,0.0410018178404945,Normal
TRP07641,1,0.07268349519723605,Normal
TRP07642,1,0.12503713063397015,Normal
TRP07643,1,0.030218604694244533,Normal
TRP07644,1,0.10198646548923257,Normal
TRP07645,1,0.1774995600462293,Normal
TRP07646,1,0.1622505347929168,Normal
TRP07647,1,0.0677155332994469,Normal
TRP07648,1,0.08208852160106606,Normal
TRP07649,1,0.07510740140195482,Normal
TRP07650,1,0.1832693886955596,Normal
TRP07651,1,0.15506706960168076,Normal
TRP07652,1,0.08375891527086488,Normal
TRP07653,1,0.046788766484016864,Normal
TRP07654,1,0.09578633266627068,Normal
TRP07655,1,0.06023972102472086,Normal
TRP07656,1,0.08732795123669596,Normal
TRP07657,1,0.09566906966560879,Normal
TRP07658,1,0.06470646455382811,Normal
TRP07659,1,0.0753698402855269,Normal
TRP07660,1,0.10262794963017358,Normal
TRP07661,1,0.17262310986447804,Normal
TRP07662,1,0.17910435238458755,Normal
TRP07663,1,0.06753679729541251,Normal
TRP07664,1,0.14993928992234823,Normal
TRP07665,1,0.11821138238379975,Normal
TRP07666,1,0.017184855261339504,Normal
TRP07667,1,0.055573873711956545,Normal
TRP07668,-1,-0.024862789553265374,Anomaly
TRP07669,1,0.038975906917235625,Normal
TRP07670,1,0.0819767196016119,Normal
TRP07671,1,0.137672456318585,Normal
TRP07672,1,0.05885349714851462,Normal
TRP07673,1,0.05630671492601025,Normal
TRP07674,1,0.1158262800106779,Normal
TRP07675,1,0.1067402920062076,Normal
TRP07676,1,0.12339190843673714,Normal
TRP07677,1,0.14065702130305258,Normal
TRP07678,1,0.18274947183842566,Normal
TRP07679,-1,-0.004518546965369463,Anomaly
TRP07680,1,0.18307233704899406,Normal
TRP07681,1,0.07195663149017062,Normal
TRP07682,1,0.10183240387890691,Normal
TRP07683,1,0.029088406694901092,Normal
TRP07684,1,0.06470646455382811,Normal
TRP07685,1,0.17967355692759301,Normal
TRP07686,1,0.0903985086604373,Normal
TRP07687,1,0.08804478153778389,Normal
TRP07688,1,0.13966908053909055,Normal
TRP07689,1,0.18244441839326753,Normal
TRP07690,1,0.10945931166073691,Normal
TRP07691,1,0.17301998209682407,Normal
TRP07692,-1,-0.014606116533586677,Anomaly
TRP07693,1,0.10214387038892897,Normal
TRP07694,1,0.18567917167115672,Normal
TRP07695,1,0.009680987750699921,Normal
TRP07696,1,0.007321463270469009,Normal
TRP07697,1,0.14916126534767116,Normal
TRP07698,1,0.156811501077869,Normal
TRP07699,1,0.051321353305291195,Normal
TRP07700,1,0.16197907478399753,Normal
TRP07701,-1,-0.01835773776042071,Anomaly
TRP07702,1,0.1520144503321187,Normal
TRP07703,1,0.04357469976527417,Normal
TRP07704,1,0.07576969892981655,Normal
TRP07705,1,0.12492180828986243,Normal
TRP07706,1,0.18558932523614435,Normal
TRP07707,1,0.07457748996842994,Normal
TRP07708,1,0.14215607740073755,Normal
TRP07709,1,0.0912030767065522,Normal
TRP07710,1,0.09035068326061813,Normal
TRP07711,1,0.11756199017771568,Normal
TRP07712,1,0.16090933266176766,Normal
TRP07713,-1,-0.012636603520276846,Anomaly
TRP07714,1,0.1447278484613423,Normal
TRP07715,1,0.163934386508246,Normal
TRP07716,1,0.14047519876814046,Normal
TRP07717,1,0.10820002772534426,Normal
TRP07718,1,0.1554130786059234,Normal
TRP07719,1,0.12378814730813631,Normal
TRP07720,1,0.07421986139633019,Normal
TRP07721,1,0.14730211318561975,Normal
TRP07722,1,0.1414471156679577,Normal
TRP07723,-1,-0.024809874272428867,Anomaly
TRP07724,1,0.1626423156628522,Normal
TRP07725,1,0.014105470737605152,Normal
TRP07726,1,0.05217443115811715,Normal
TRP07727,1,0.174848973655585,Normal
TRP07728,1,0.05123484742811624,Normal
TRP07729,1,0.16225666330080696,Normal
TRP07730,1,0.1310077331210378,Normal
TRP07731,1,0.09532407446510516,Normal
TRP07732,1,0.051321353305291195,Normal
TRP07733,1,0.1795931900145899,Normal
TRP07734,1,0.05282882930382071,Normal
TRP07735,1,0.05072824461731007,Normal
TRP07736,1,0.001333174899914913,Normal
TRP07737,1,0.08785560036580842,Normal
TRP07738,1,0.1142000744364633,Normal
TRP07739,1,0.01397244649889362,Normal
TRP07740,1,0.08861889420988717,Normal
TRP07741,1,0.13945090164343477,Normal
TRP07742,1,0.18358374306022784,Normal
TRP07743,1,0.05931208700818991,Normal
TRP07744,1,0.004333675550236671,Normal
TRP07745,1,0.1548544141096554,Normal
TRP07746,1,0.14687754002950149,Normal
TRP07747,1,0.0791468438867271,Normal
TRP07748,1,0.17891915712611572,Normal
TRP07749,1,0.006367995511266655,Normal
TRP07750,1,0.09658573815596583,Normal
TRP07751,1,0.1069007388521927,Normal
TRP07752,1,0.051321353305291195,Normal
TRP07753,1,0.1316267847656708,Normal
TRP07754,1,0.1449732495579089,Normal
TRP07755,1,0.1614038868339463,Normal
TRP07756,1,0.14724281197548478,Normal
TRP07757,1,0.05420470179304415,Normal
TRP07758,-1,-0.00874993224783105,Anomaly
TRP07759,1,0.11646800488450187,Normal
TRP07760,1,0.03247075414492018,Normal
TRP07761,1,0.08873512630044439,Normal
TRP07762,1,0.04108844749080465,Normal
TRP07763,1,0.1744536521027626,Normal
TRP07764,1,0.06824609390494396,Normal
TRP07765,1,0.04823977811617863,Normal
TRP07766,1,0.09444373118071464,Normal
TRP07767,1,0.12946920797423617,Normal
TRP07768,1,0.07275351377531558,Normal
TRP07769,1,0.06668409049650381,Normal
TRP07770,1,0.10655008705449504,Normal
TRP07771,1,0.1825991811728463,Normal
TRP07772,1,0.09104971519041,Normal
TRP07773,1,0.14121797761912475,Normal
TRP07774,1,0.08311558171734007,Normal
TRP07775,1,0.0885867162619301,Normal
TRP07776,1,0.08533409700374778,Normal
TRP07777,1,0.09357392830293393,Normal
TRP07778,1,0.14689095494503152,Normal
TRP07779,1,0.1658354058376883,Normal
TRP07780,1,0.16167106980948326,Normal
TRP07781,1,0.08615652092086479,Normal
TRP07782,1,0.15600882602419275,Normal
TRP07783,-1,-0.01077477129966975,Anomaly
TRP07784,1,0.1544253885186755,Normal
TRP07785,1,0.15746181653129776,Normal
TRP07786,1,0.15671009038928818,Normal
TRP07787,1,0.046029206105725806,Normal
TRP07788,1,0.01921157856654121,Normal
TRP07789,1,0.09414416709230872,Normal
TRP07790,1,0.06509298014186882,Normal
TRP07791,1,0.038980917310638685,Normal
TRP07792,1,0.024754516228806756,Normal
TRP07793,1,0.08351594983468957,Normal
TRP07794,1,0.1735179834927711,Normal
TRP07795,-1,-0.00738938226643604,Anomaly
TRP07796,1,0.13261259787690882,Normal
TRP07797,1,0.040841712405371156,Normal
TRP07798,1,0.1685636253364758,Normal
TRP07799,1,0.07226530176566859,Normal
TRP07800,1,0.09357170904713114,Normal
TRP07801,1,0.12423393817277467,Normal
TRP07802,1,0.0809883938165673,Normal
TRP07803,1,0.18352075255364514,Normal
TRP07804,1,0.09621845134637746,Normal
TRP07805,1,0.04382009117132024,Normal
TRP07806,1,0.18410185027620268,Normal
TRP07807,1,0.031090069399841935,Normal
TRP07808,1,0.10475534634930456,Normal
TRP07809,1,0.1081498808105184,Normal
TRP07810,1,0.10534400268251398,Normal
TRP07811,1,0.15161321767606128,Normal
TRP07812,1,0.021510838196843296,Normal
TRP07813,-1,-0.049817341279425054,Anomaly
TRP07814,1,0.0920609115139634,Normal
TRP07815,1,0.17844858954470272,Normal
TRP07816,1,0.10455683388035159,Normal
TRP07817,1,0.07848918143484795,Normal
TRP07818,1,0.17577591050610203,Normal
TRP07819,1,0.03989349470466941,Normal
TRP07820,1,0.09357170904713114,Normal
TRP07821,1,0.061303002922019956,Normal
TRP07822,1,0.06801413501038178,Normal
TRP07823,1,0.0664274686312698,Normal
TRP07824,1,0.18588678814792664,Normal
TRP07825,1,0.10995433266741117,Normal
TRP07826,1,0.17318818740825093,Normal
TRP07827,1,0.16897669244920632,Normal
TRP07828,1,0.17419691681566296,Normal
TRP07829,1,0.10195026270282359,Normal
TRP07830,1,0.057324789799959475,Normal
TRP07831,1,0.14793692628722183,Normal
TRP07832,1,0.18093254382702084,Normal
TRP07833,1,0.06606001728724653,Normal
TRP07834,1,0.10106708939071468,Normal
TRP07835,-1,-0.047946559748168416,Anomaly
TRP07836,1,0.09020549183905191,Normal
TRP07837,1,0.15915856381118293,Normal
TRP07838,1,0.16445369428694345,Normal
TRP07839,1,0.11720627273516171,Normal
TRP07840,1,0.1449271859337486,Normal
TRP07841,1,0.045311036363171686,Normal
TRP07842,1,0.14008959560239737,Normal
TRP07843,1,0.0473054450554643,Normal
TRP07844,1,0.15384429484584505,Normal
TRP07845,1,0.12229371487368762,Normal
TRP07846,1,0.1270175534625016,Normal
TRP07847,1,0.06192512883682366,Normal
TRP07848,1,0.16321387326213743,Normal
TRP07849,-1,-0.004785509974302826,Anomaly
TRP07850,1,0.07163369389517149,Normal
TRP07851,1,0.12440224806325206,Normal
TRP07852,1,0.08615652092086479,Normal
TRP07853,1,0.04469270701959294,Normal
TRP07854,1,0.09933400693411437,Normal
TRP07855,1,0.14995929398554453,Normal
TRP07856,1,0.022283875966803812,Normal
TRP07857,1,0.1285134029406922,Normal
TRP07858,1,0.16588646694353398,Normal
TRP07859,1,0.052510459772002194,Normal
TRP07860,-1,-0.06217226561072997,Anomaly
TRP07861,1,0.057555765321907204,Normal
TRP07862,1,0.1763471372759553,Normal
TRP07863,1,0.09919254395923788,Normal
TRP07864,1,0.11301922936996694,Normal
TRP07865,1,0.16555457766724702,Normal
TRP07866,1,0.14387118397571036,Normal
TRP07867,1,0.09135823759191969,Normal
TRP07868,-1,-0.00958254769299871,Anomaly
TRP07869,1,0.1693278021099548,Normal
TRP07870,1,0.1782002051553716,Normal
TRP07871,1,0.16471866125835954,Normal
TRP07872,-1,-0.011991780006228692,Anomaly
TRP07873,1,0.14371307192441918,Normal
TRP07874,1,0.1461559177595813,Normal
TRP07875,1,0.07546305590765562,Normal
TRP07876,1,0.11436061767595829,Normal
TRP07877,1,0.044299685002690325,Normal
TRP07878,1,0.15361351451977673,Normal
TRP07879,1,0.09331894779725963,Normal
TRP07880,1,0.10506760976352225,Normal
TRP07881,1,0.04831042482364534,Normal
TRP07882,1,0.12680146725607522,Normal
TRP07883,1,0.09090260416869245,Normal
TRP07884,1,0.15904789323564422,Normal
TRP07885,1,0.18171623044162444,Normal
TRP07886,1,0.10964540558566926,Normal
TRP07887,1,0.12848920244840378,Normal
TRP07888,1,0.09011087234853804,Normal
TRP07889,1,0.18089116129744198,Normal
TRP07890,1,0.046029206105725806,Normal
TRP07891,1,0.07226248130618573,Normal
TRP07892,1,0.05959517830005123,Normal
TRP07893,1,0.14394925484418103,Normal
TRP07894,1,0.103803813557518,Normal
TRP07895,1,0.09357170904713114,Normal
TRP07896,1,0.09564291126342012,Normal
TRP07897,1,0.049625576561370455,Normal
TRP07898,-1,-0.02654301195037645,Anomaly
TRP07899,1,0.15036991124967092,Normal
TRP07900,1,0.031613056706851106,Normal
TRP07901,1,0.05587105791010738,Normal
TRP07902,-1,-0.013420721124996038,Anomaly
TRP07903,1,0.08715325154238085,Normal
TRP07904,1,0.10978298618115767,Normal
TRP07905,1,0.0789868535004693,Normal
TRP07906,1,0.06636032030916106,Normal
TRP07907,1,0.0901743424028355,Normal
TRP07908,1,0.08615652092086479,Normal
TRP07909,1,0.10500013668779384,Normal
TRP07910,1,0.08825450660868861,Normal
TRP07911,1,0.17443832349513289,Normal
TRP07912,1,0.09125665715958076,Normal
TRP07913,1,0.0386987754209871,Normal
TRP07914,1,0.11485678124560683,Normal
TRP07915,1,0.08375891527086488,Normal
TRP07916,1,0.03229417445820948,Normal
TRP07917,1,0.09532420504535982,Normal
TRP07918,1,0.17665020848772917,Normal
TRP07919,1,0.11807930674934641,Normal
TRP07920,1,0.12969831360492245,Normal
TRP07921,1,0.06311107100276003,Normal
TRP07922,1,0.09574869781612927,Normal
TRP07923,-1,-0.01248351449297569,Anomaly
TRP07924,1,0.06867228413711335,Normal
TRP07925,1,0.1093969924977703,Normal
TRP07926,1,0.09357170904713114,Normal
TRP07927,1,0.09425841629522791,Normal
TRP07928,1,0.17942446656997646,Normal
TRP07929,1,0.020550772748690438,Normal
TRP07930,1,0.07337070120415312,Normal
TRP07931,1,0.05820337322956082,Normal
TRP07932,1,0.09727393662245354,Normal
TRP07933,1,0.06903773355435738,Normal
TRP07934,1,0.1748073427649388,Normal
TRP07935,1,0.08248420143728669,Normal
TRP07936,1,0.053408475540624334,Normal
TRP07937,1,0.11959980341373133,Normal
TRP07938,1,0.10833721759282428,Normal
TRP07939,1,0.1416949179489938,Normal
TRP07940,1,0.1648904834323605,Normal
TRP07941,1,0.17958170454806655,Normal
TRP07942,-1,-0.04820276481229058,Anomaly
TRP07943,1,0.15349383664831928,Normal
TRP07944,1,0.1255731602916646,Normal
TRP07945,1,0.14346322971037917,Normal
TRP07946,1,0.1721301732770154,Normal
TRP07947,1,0.0986396591032574,Normal
TRP07948,1,0.14219443288171807,Normal
TRP07949,1,0.03192918510562215,Normal
TRP07950,1,0.13942070639453852,Normal
TRP07951,1,0.11592707121977458,Normal
TRP07952,1,0.12109525632175605,Normal
TRP07953,1,0.09841482832535253,Normal
TRP07954,1,0.08297174259738943,Normal
TRP07955,-1,-0.032643613926570336,Anomaly
TRP07956,1,0.0986974542386187,Normal
TRP07957,1,0.09968392695437939,Normal
TRP07958,1,0.17876218564059687,Normal
TRP07959,1,0.10080610369816845,Normal
TRP07960,1,0.14740849360250863,Normal
TRP07961,1,0.12110457513209039,Normal
TRP07962,1,0.13638590245524868,Normal
TRP07963,1,0.11616890098236893,Normal
TRP07964,1,0.08613484090398371,Normal
TRP07965,-1,-0.015346557400212513,Anomaly
TRP07966,1,0.1554583967965582,Normal
TRP07967,1,0.1495624559034912,Normal
TRP07968,-1,-0.008771399167657568,Anomaly
TRP07969,1,0.18020970720658075,Normal
TRP07970,1,0.0619419995375573,Normal
TRP07971,1,0.11483833921289849,Normal
TRP07972,1,0.12931378939270527,Normal
TRP07973,1,0.13687072347672607,Normal
TRP07974,1,0.06664447842663657,Normal
TRP07975,1,0.14873548118170954,Normal
TRP07976,1,0.1695074594270763,Normal
TRP07977,1,0.11633124406354317,Normal
TRP07978,1,0.14574369325470038,Normal
TRP07979,1,0.18185209748357495,Normal
TRP07980,1,0.06480701492700058,Normal
TRP07981,1,0.04515383689515873,Normal
TRP07982,1,0.11543201528664404,Normal
TRP07983,1,0.0739293639424966,Normal
TRP07984,1,0.149971140872442,Normal
TRP07985,1,0.16896175476825814,Normal
TRP07986,1,0.1439611931735672,Normal
TRP07987,1,0.11764257149128043,Normal
TRP07988,1,0.18433744365790278,Normal
TRP07989,1,0.05123484742811624,Normal
TRP07990,1,0.18261294271247142,Normal
TRP07991,-1,-0.018635007657883396,Anomaly
TRP07992,1,0.037937150825956945,Normal
TRP07993,1,0.18135014343881817,Normal
TRP07994,1,0.05069842006561365,Normal
TRP07995,-1,-0.021035407069408207,Anomaly
TRP07996,1,0.14050815770793734,Normal
TRP07997,1,0.07397619722313276,Normal
TRP07998,1,0.15427110082187284,Normal
TRP07999,1,0.17324295658238187,Normal
TRP08000,1,0.05123484742811624,Normal
TRP08001,1,0.09996718717078368,Normal
TRP08002,1,0.17493407836943892,Normal
TRP08003,1,0.041839472541964406,Normal
TRP08004,1,0.17273169475114747,Normal
TRP08005,1,0.09738291151004258,Normal
TRP08006,1,0.07099059616310299,Normal
TRP08007,1,0.18460131325646334,Normal
TRP08008,1,0.15924941302037565,Normal
TRP08009,1,0.09056135080449734,Normal
TRP08010,1,0.10032602722784778,Normal
TRP08011,1,0.09934417428694986,Normal
TRP08012,1,0.11800938007030715,Normal
TRP08013,1,0.1603136290348951,Normal
TRP08014,1,0.0980071190852258,Normal
TRP08015,1,0.11532039246290882,Normal
TRP08016,1,0.15803131839397255,Normal
TRP08017,1,0.09218936860681487,Normal
TRP08018,1,0.10062479793764562,Normal
TRP08019,1,0.1714860839961601,Normal
TRP08020,1,0.08266024512836145,Normal
TRP08021,1,0.15148112976665068,Normal
TRP08022,1,0.05721177031900637,Normal
TRP08023,1,0.092268413252931,Normal
TRP08024,1,0.04695761079926242,Normal
TRP08025,1,0.052488196854560076,Normal
TRP08026,1,0.07256565487018796,Normal
TRP08027,1,0.1711898240478304,Normal
TRP08028,1,0.06549168193734856,Normal
TRP08029,1,0.006749356290563391,Normal
TRP08030,1,0.13642928591629455,Normal
TRP08031,1,0.051321353305291195,Normal
TRP08032,1,0.07596908942235875,Normal
TRP08033,1,0.11770975806125294,Normal
TRP08034,1,0.15715027006257942,Normal
TRP08035,1,0.1724576290501882,Normal
TRP08036,1,0.13350734668644665,Normal
TRP08037,1,0.11706560750382822,Normal
TRP08038,1,0.16964337530053258,Normal
TRP08039,1,0.07735227146321616,Normal
TRP08040,1,0.1673451838146478,Normal
TRP08041,1,0.04900979839413233,Normal
TRP08042,1,0.15830004891296312,Normal
TRP08043,1,0.11862276165409924,Normal
TRP08044,1,0.0508131115702708,Normal
TRP08045,1,0.07457141421757563,Normal
TRP08046,1,0.10905430998786098,Normal
TRP08047,1,0.07662873102805823,Normal
TRP08048,1,0.11611787810684959,Normal
TRP08049,1,0.11584101051568774,Normal
TRP08050,1,0.10012263268176208,Normal
TRP08051,1,0.17289630162566672,Normal
TRP08052,1,0.10836725493655314,Normal
TRP08053,1,0.15057402680595028,Normal
TRP08054,1,0.010036983455413373,Normal
TRP08055,1,0.05055463245944358,Normal
TRP08056,1,0.16321029068915338,Normal
TRP08057,1,0.09412972077926107,Normal
TRP08058,1,0.18070368598031555,Normal
TRP08059,1,0.12220088581544941,Normal
TRP08060,1,0.15247631276886747,Normal
TRP08061,1,0.11758133245989288,Normal
TRP08062,-1,-0.008536566392131628,Anomaly
TRP08063,1,0.003573353716802119,Normal
TRP08064,1,0.05644978790348598,Normal
TRP08065,1,0.04536494536024327,Normal
TRP08066,1,0.1634034769524632,Normal
TRP08067,1,0.07050258026783418,Normal
TRP08068,-1,-0.012930441563786976,Anomaly
TRP08069,1,0.10459176021638861,Normal
TRP08070,1,0.12129017989438484,Normal
TRP08071,1,0.14745998021194429,Normal
TRP08072,1,0.1781754021788977,Normal
TRP08073,1,0.05123484742811624,Normal
TRP08074,1,0.08923701206715767,Normal
TRP08075,1,0.042042580868562496,Normal
TRP08076,1,0.18128019537298645,Normal
TRP08077,1,0.183446574661365,Normal
TRP08078,1,0.17646999320995604,Normal
TRP08079,1,0.04641958652255329,Normal
TRP08080,1,0.09350597659547444,Normal
TRP08081,1,0.13528172288287993,Normal
TRP08082,1,0.09258610681578539,Normal
TRP08083,1,0.1487892236289854,Normal
TRP08084,1,0.11188562948999331,Normal
TRP08085,1,0.17107405246843943,Normal
TRP08086,1,0.04201705198002237,Normal
TRP08087,1,0.1707922194987594,Normal
TRP08088,1,0.06999487631997792,Normal
TRP08089,1,0.03881762710414716,Normal
TRP08090,1,0.12135044711748322,Normal
TRP08091,1,0.1512976581579184,Normal
TRP08092,1,0.04055891562046121,Normal
TRP08093,1,0.11786522767075525,Normal
TRP08094,1,0.0546440228532834,Normal
TRP08095,1,0.12967512911628964,Normal
TRP08096,1,0.12215191264332326,Normal
TRP08097,-1,-0.002246083039111335,Anomaly
TRP08098,1,0.1045547697181698,Normal
TRP08099,1,0.10827686630602468,Normal
TRP08100,1,0.17063574101631113,Normal
TRP08101,-1,-0.01922915652895074,Anomaly
TRP08102,1,0.027455830000443382,Normal
TRP08103,1,0.0920609115139634,Normal
TRP08104,1,0.04406238540405549,Normal
TRP08105,1,0.05231674518443574,Normal
TRP08106,1,0.17809859709410947,Normal
TRP08107,1,0.0494576373404817,Normal
TRP08108,1,0.05134375118247314,Normal
TRP08109,1,0.07145958872401847,Normal
TRP08110,1,0.09343107816592633,Normal
TRP08111,1,0.15624548670442406,Normal
TRP08112,1,0.003551009411525974,Normal
TRP08113,1,0.10703959703603522,Normal
TRP08114,1,0.09152591942468685,Normal
TRP08115,1,0.1056669940664609,Normal
TRP08116,1,0.04090876570189372,Normal
TRP08117,1,0.07397619722313276,Normal
TRP08118,1,0.008236243056605197,Normal
TRP08119,1,0.18471657729503943,Normal
TRP08120,1,0.1443436075869286,Normal
TRP08121,1,0.12365477374160638,Normal
TRP08122,1,0.15835025193581387,Normal
TRP08123,1,0.15591368953003337,Normal
TRP08124,1,0.11173591349095313,Normal
TRP08125,1,0.12853264298388656,Normal
TRP08126,1,0.18022267796647878,Normal
TRP08127,1,0.07507152915502968,Normal
TRP08128,1,0.14632597526564978,Normal
TRP08129,1,0.16511974190306627,Normal
TRP08130,1,0.07340807702990593,Normal
TRP08131,1,0.07875283312612902,Normal
TRP08132,1,0.1494543813324909,Normal
TRP08133,1,0.18060412968100936,Normal
TRP08134,1,0.08365264284483703,Normal
TRP08135,1,0.1308756443840018,Normal
TRP08136,1,0.15923562697448213,Normal
TRP08137,1,0.11726499663362816,Normal
TRP08138,1,0.17010586779994763,Normal
TRP08139,1,0.056844049574978905,Normal
TRP08140,1,0.08732795123669596,Normal
TRP08141,1,0.12258764654028032,Normal
TRP08142,1,0.10237351603554534,Normal
TRP08143,1,0.10154379058088481,Normal
TRP08144,1,0.0717539141255793,Normal
TRP08145,1,0.07385527877371179,Normal
TRP08146,1,0.1677071623698997,Normal
TRP08147,1,0.1424837815262488,Normal
TRP08148,1,0.1810391590018509,Normal
TRP08149,1,0.046029206105725806,Normal
TRP08150,1,0.16954053309221306,Normal
TRP08151,1,0.04233757186462006,Normal
TRP08152,1,0.1283195366492022,Normal
TRP08153,1,0.17505773431682364,Normal
TRP08154,1,0.046029206105725806,Normal
TRP08155,1,0.10578535307408526,Normal
TRP08156,-1,-0.02489084336902836,Anomaly
TRP08157,1,0.1351717592212327,Normal
TRP08158,1,0.06804691722825817,Normal
TRP08159,-1,-0.002207319489827886,Anomaly
TRP08160,-1,-0.08949821581099981,Anomaly
TRP08161,1,0.18040477958973772,Normal
TRP08162,1,0.10797848819837697,Normal
TRP08163,1,0.13319650634313623,Normal
TRP08164,1,0.17003485333398533,Normal
TRP08165,1,0.06987511989508555,Normal
TRP08166,1,0.10274555405556374,Normal
TRP08167,1,0.10209050022028465,Normal
TRP08168,1,0.15454174374303908,Normal
TRP08169,1,0.039661869902745894,Normal
TRP08170,1,0.05885419225704003,Normal
TRP08171,1,0.09562935352554014,Normal
TRP08172,1,0.18817142134385445,Normal
TRP08173,1,0.049645065606160665,Normal
TRP08174,1,0.0748790566284897,Normal
TRP08175,1,0.04937159080236375,Normal
TRP08176,1,0.11857459042047758,Normal
TRP08177,1,0.13189444743937345,Normal
TRP08178,1,0.15955015389311272,Normal
TRP08179,1,0.16172715511739566,Normal
TRP08180,-1,-0.011257743765807016,Anomaly
TRP08181,-1,-0.027508162224639476,Anomaly
TRP08182,1,0.17624669853009683,Normal
TRP08183,1,0.17648759453220697,Normal
TRP08184,1,0.17623849407527414,Normal
TRP08185,1,0.04376742960853364,Normal
TRP08186,1,0.18185295642409377,Normal
TRP08187,1,0.03423795550066455,Normal
TRP08188,1,0.1703033046396798,Normal
TRP08189,-1,-0.009066466946640817,Anomaly
TRP08190,1,0.009680987750699921,Normal
TRP08191,1,0.09812601791072628,Normal
TRP08192,1,0.07885885559772776,Normal
TRP08193,1,0.15137989956067072,Normal
TRP08194,1,0.1756614212998211,Normal
TRP08195,1,0.1531220414145843,Normal
TRP08196,1,0.1343144872424692,Normal
TRP08197,1,0.05123484742811624,Normal
TRP08198,1,0.17015704186187441,Normal
TRP08199,1,0.17721452989133912,Normal
TRP08200,1,0.15059202625645157,Normal
TRP08201,1,0.10183240387890691,Normal
TRP08202,1,0.16868288269261206,Normal
TRP08203,1,0.009680987750699921,Normal
TRP08204,1,0.16626019517781854,Normal
TRP08205,1,0.03274587629544368,Normal
TRP08206,1,0.17750888655698266,Normal
TRP08207,1,0.17930457479509887,Normal
TRP08208,1,0.18067935137036517,Normal
TRP08209,1,0.08390720204951907,Normal
TRP08210,1,0.13300199500413035,Normal
TRP08211,1,0.006649205014099824,Normal
TRP08212,1,0.04588917764549505,Normal
TRP08213,1,0.15175775455086987,Normal
TRP08214,1,0.1328483861098641,Normal
TRP08215,1,0.11975592747296432,Normal
TRP08216,1,0.07373037516150027,Normal
TRP08217,1,0.12869074935377262,Normal
TRP08218,1,0.05686493226202638,Normal
TRP08219,1,0.0924567597759881,Normal
TRP08220,1,0.1561717099996992,Normal
TRP08221,1,0.05055463245944358,Normal
TRP08222,1,0.0660037489822084,Normal
TRP08223,1,0.08830563729061863,Normal
TRP08224,1,0.1399851904495869,Normal
TRP08225,1,0.07023052829737109,Normal
TRP08226,1,0.1636053372243323,Normal
TRP08227,1,0.16715562069332424,Normal
TRP08228,1,0.1565014701483307,Normal
TRP08229,1,0.1814522935205493,Normal
TRP08230,1,0.1797876677655253,Normal
TRP08231,1,0.14261022619412694,Normal
TRP08232,1,0.06092093013788469,Normal
TRP08233,1,0.07150439809067366,Normal
TRP08234,1,0.15456779625277706,Normal
TRP08235,1,0.11498260549783257,Normal
TRP08236,1,0.1029087624327854,Normal
TRP08237,1,0.0388989602436306,Normal
TRP08238,1,0.12728041091794878,Normal
TRP08239,1,0.10166537789608238,Normal
TRP08240,1,0.030615252770497037,Normal
TRP08241,1,0.0988184976711366,Normal
TRP08242,1,0.11482144469192113,Normal
TRP08243,1,0.12827625708505985,Normal
TRP08244,1,0.16470219884293175,Normal
TRP08245,1,0.17337512886267098,Normal
TRP08246,1,0.08452358561546153,Normal
TRP08247,1,0.07624989906360896,Normal
TRP08248,1,0.03537374342283217,Normal
TRP08249,1,0.15461237082665152,Normal
TRP08250,1,0.003030322591011214,Normal
TRP08251,1,0.0845621794304331,Normal
TRP08252,1,0.059376041760476506,Normal
TRP08253,1,0.11224358077981478,Normal
TRP08254,1,0.10183240387890691,Normal
TRP08255,1,0.1649024162758791,Normal
TRP08256,1,0.12072219617966123,Normal
TRP08257,-1,-0.008727017304204665,Anomaly
TRP08258,1,0.11017139944311594,Normal
TRP08259,1,0.1547332723985863,Normal
TRP08260,1,0.18572221004478556,Normal
TRP08261,1,0.17223197163799875,Normal
TRP08262,1,0.153179528923016,Normal
TRP08263,1,0.08825450660868861,Normal
TRP08264,1,0.05097873323902502,Normal
TRP08265,1,0.024788118099134837,Normal
TRP08266,1,0.12440224806325206,Normal
TRP08267,1,0.14086211489970368,Normal
TRP08268,1,0.1553930601922292,Normal
TRP08269,1,0.006012215432288026,Normal
TRP08270,-1,-0.0044376534840220305,Anomaly
TRP08271,1,0.021367153755868284,Normal
TRP08272,1,0.15863148264276927,Normal
TRP08273,1,0.16600550378266316,Normal
TRP08274,1,0.12715739000857212,Normal
TRP08275,1,0.11595505121279231,Normal
TRP08276,1,0.156510643059515,Normal
TRP08277,1,0.1817365942490886,Normal
TRP08278,1,0.1493957101000466,Normal
TRP08279,1,0.1722737728472658,Normal
TRP08280,1,0.06668409049650381,Normal
TRP08281,1,0.12702758658112362,Normal
TRP08282,1,0.1112772117134258,Normal
TRP08283,-1,-0.06095872116915224,Anomaly
TRP08284,1,0.15235845475336368,Normal
TRP08285,1,0.115937781652452,Normal
TRP08286,1,0.049662353402553205,Normal
TRP08287,1,0.17887638006772516,Normal
TRP08288,1,0.0599787840969781,Normal
TRP08289,1,0.13436835731452423,Normal
TRP08290,1,0.047532674438620304,Normal
TRP08291,1,0.015713979805642486,Normal
TRP08292,1,0.1420161694641346,Normal
TRP08293,1,0.11547230775166856,Normal
TRP08294,1,0.14477567679733339,Normal
TRP08295,1,0.16367833871022924,Normal
TRP08296,1,0.17388069922499172,Normal
TRP08297,1,0.1588944987064782,Normal
TRP08298,1,0.05069842006561365,Normal
TRP08299,1,0.12248013773944882,Normal
TRP08300,1,0.12876531518789824,Normal
TRP08301,1,0.10684791068618021,Normal
TRP08302,1,0.18199323923664718,Normal
TRP08303,1,0.07672586649758795,Normal
TRP08304,-1,-0.019097286570564642,Anomaly
TRP08305,1,0.14517444140252328,Normal
TRP08306,1,0.09153810119819511,Normal
TRP08307,1,0.1685098329739681,Normal
TRP08308,1,0.021240133535145422,Normal
TRP08309,1,0.15051485763038897,Normal
TRP08310,1,0.10388943302061782,Normal
TRP08311,1,0.03889352416722558,Normal
TRP08312,1,0.04565191371323507,Normal
TRP08313,1,0.1432455190510356,Normal
TRP08314,-1,-0.01484122535996879,Anomaly
TRP08315,1,0.18205070911683102,Normal
TRP08316,1,0.07203658743753794,Normal
TRP08317,1,0.12639917253064986,Normal
TRP08318,1,0.089085255162136,Normal
TRP08319,1,0.1629019469098626,Normal
TRP08320,1,0.09553307847160702,Normal
TRP08321,1,0.1076857348135814,Normal
TRP08322,1,0.10394829971431058,Normal
TRP08323,1,0.07570433147139294,Normal
TRP08324,1,0.10865518135787516,Normal
TRP08325,1,0.06179069122886105,Normal
TRP08326,1,0.1522488381487902,Normal
TRP08327,1,0.14181965729126328,Normal
TRP08328,1,0.1653725192791251,Normal
TRP08329,1,0.15609291503968398,Normal
TRP08330,1,0.054331748534442226,Normal
TRP08331,1,0.1790850909649797,Normal
TRP08332,1,0.15306478999048823,Normal
TRP08333,1,0.06289405224416866,Normal
TRP08334,1,0.15957234389085745,Normal
TRP08335,1,0.045908506933030946,Normal
TRP08336,1,0.07267131560430728,Normal
TRP08337,1,0.03557656762441608,Normal
TRP08338,1,0.15524964421023396,Normal
TRP08339,1,0.16183431718656782,Normal
TRP08340,1,0.10971971989088003,Normal
TRP08341,1,0.1106527325047883,Normal
TRP08342,1,0.0980071190852258,Normal
TRP08343,1,0.17221573458735057,Normal
TRP08344,1,0.046775890059900904,Normal
TRP08345,1,0.03893035068762818,Normal
TRP08346,1,0.11893913092119379,Normal
TRP08347,1,0.16944697050749885,Normal
TRP08348,1,0.0985768780688393,Normal
TRP08349,1,0.1664508706065867,Normal
TRP08350,1,0.15351175778508003,Normal
TRP08351,1,0.08825450660868861,Normal
TRP08352,1,0.17491171491460833,Normal
TRP08353,1,0.09314785450623236,Normal
TRP08354,1,0.06195048518713586,Normal
TRP08355,1,0.13349079405063863,Normal
TRP08356,1,0.08156099782586557,Normal
TRP08357,1,0.1544847654438773,Normal
TRP08358,1,0.04149717268452491,Normal
TRP08359,1,0.10153805131838217,Normal
TRP08360,1,0.17580854837521148,Normal
TRP08361,1,0.04776170881391706,Normal
TRP08362,1,0.09538770498007443,Normal
TRP08363,1,0.05940354266078496,Normal
TRP08364,1,0.07558888092571175,Normal
TRP08365,1,0.1000004330559835,Normal
TRP08366,1,0.10169888586912407,Normal
TRP08367,1,0.033669162800825436,Normal
TRP08368,1,0.14125186397510409,Normal
TRP08369,1,0.014605804008679502,Normal
TRP08370,1,0.09996718717078368,Normal
TRP08371,1,0.13833742643354008,Normal
TRP08372,1,0.0018732816720273826,Normal
TRP08373,1,0.15790637067910224,Normal
TRP08374,1,0.0386987754209871,Normal
TRP08375,1,0.10319291343469944,Normal
TRP08376,1,0.16751038499989335,Normal
TRP08377,1,0.06991955513283898,Normal
TRP08378,1,0.009301942445195333,Normal
TRP08379,1,0.1869421043163773,Normal
TRP08380,1,0.14664991401345379,Normal
TRP08381,1,0.08681942617967586,Normal
TRP08382,1,0.09255950258204804,Normal
TRP08383,1,0.09941957488957742,Normal
TRP08384,1,0.08398382646045188,Normal
TRP08385,1,0.15593268419999462,Normal
TRP08386,1,0.14166795451225717,Normal
TRP08387,1,0.1671916003713933,Normal
TRP08388,1,0.17999686866331388,Normal
TRP08389,1,0.1617823869749766,Normal
TRP08390,1,0.05442445440288246,Normal
TRP08391,1,0.058724233470564435,Normal
TRP08392,1,0.09479857522493279,Normal
TRP08393,1,0.1196440076145,Normal
TRP08394,1,0.07493783924070041,Normal
TRP08395,1,0.12581068045168065,Normal
TRP08396,1,0.06726256193825908,Normal
TRP08397,1,0.04534046543089554,Normal
TRP08398,1,0.18312816526038783,Normal
TRP08399,1,0.15980994561762873,Normal
TRP08400,1,0.17543716216642952,Normal
TRP08401,1,0.05123484742811624,Normal
TRP08402,1,0.14235498973370292,Normal
TRP08403,1,0.1636202862591588,Normal
TRP08404,1,0.08626993968809182,Normal
TRP08405,1,0.12060304140708455,Normal
TRP08406,1,0.06817618711477469,Normal
TRP08407,1,0.1061879790250363,Normal
TRP08408,1,0.07150439809067366,Normal
TRP08409,1,0.17234368519680532,Normal
TRP08410,1,0.0739197916648926,Normal
TRP08411,1,0.15382320496513557,Normal
TRP08412,1,0.06686255637491878,Normal
TRP08413,1,0.0723994062968838,Normal
TRP08414,1,0.17144423164667888,Normal
TRP08415,1,0.17709827925530636,Normal
TRP08416,1,0.1617921176288586,Normal
TRP08417,1,0.08364591184585368,Normal
TRP08418,1,0.12167477916165398,Normal
TRP08419,1,0.13023513991684882,Normal
TRP08420,1,0.03905334293521656,Normal
TRP08421,1,0.16956184021949827,Normal
TRP08422,1,0.1641084033600519,Normal
TRP08423,1,0.17656451691606612,Normal
TRP08424,-1,-0.014650170068369328,Anomaly
TRP08425,1,0.1659367328863472,Normal
TRP08426,1,0.1052622387505115,Normal
TRP08427,1,0.11048482629773232,Normal
TRP08428,1,0.15936195721695445,Normal
TRP08429,1,0.1168910308415847,Normal
TRP08430,1,0.17962979118219263,Normal
TRP08431,1,0.1356058726626081,Normal
TRP08432,1,0.05107409492607662,Normal
TRP08433,1,0.17805181460453956,Normal
TRP08434,1,0.023693791455343782,Normal
TRP08435,1,0.14957129017260312,Normal
TRP08436,-1,-0.0007578897426280262,Anomaly
TRP08437,1,0.151055554486468,Normal
TRP08438,1,0.1390017598009159,Normal
TRP08439,1,0.16707592454548803,Normal
TRP08440,1,0.042605491560723574,Normal
TRP08441,1,0.07640886456811641,Normal
TRP08442,1,0.0904399436928906,Normal
TRP08443,1,0.10344825589100543,Normal
TRP08444,-1,-0.069993170714448,Anomaly
TRP08445,1,0.12820182018889453,Normal
TRP08446,1,0.09756289873907426,Normal
TRP08447,1,0.1785701224562925,Normal
TRP08448,1,0.12022055739068288,Normal
TRP08449,1,0.06470646455382811,Normal
TRP08450,1,0.09868299370082351,Normal
TRP08451,-1,-0.05132359692001509,Anomaly
TRP08452,1,0.14289686092003917,Normal
TRP08453,1,0.055121836468322916,Normal
TRP08454,1,0.022810501576161712,Normal
TRP08455,1,0.07186073042781171,Normal
TRP08456,1,0.09895783741385611,Normal
TRP08457,1,0.1785384861529713,Normal
TRP08458,1,0.03649629278659405,Normal
TRP08459,1,0.15121319738257571,Normal
TRP08460,1,0.17914151542998935,Normal
TRP08461,1,0.09350597659547444,Normal
TRP08462,1,0.15067556654480735,Normal
TRP08463,1,0.12548272217414114,Normal
TRP08464,1,0.14620632866611188,Normal
TRP08465,1,0.14716657914348674,Normal
TRP08466,1,0.0717539141255793,Normal
TRP08467,1,0.16082007151791727,Normal
TRP08468,1,0.1591994198745137,Normal
TRP08469,1,0.16333674448386698,Normal
TRP08470,1,0.08756541960685577,Normal
TRP08471,1,0.1608940714293262,Normal
TRP08472,1,0.03519530250814462,Normal
TRP08473,1,0.08825450660868861,Normal
TRP08474,1,0.11772891292093673,Normal
TRP08475,1,0.1281401493182754,Normal
TRP08476,1,0.18317356970878346,Normal
TRP08477,1,0.10935703955132509,Normal
TRP08478,1,0.08382070186105334,Normal
TRP08479,1,0.09375179363492486,Normal
TRP08480,1,0.018983742750688926,Normal
TRP08481,1,0.13743684413080692,Normal
TRP08482,1,0.050267168217606906,Normal
TRP08483,1,0.14169482560014018,Normal
TRP08484,1,0.18159489755413455,Normal
TRP08485,1,0.16320146399650304,Normal
TRP08486,1,0.01251833106721767,Normal
TRP08487,1,0.17000893974629477,Normal
TRP08488,1,0.07766024114727099,Normal
TRP08489,1,0.07412420124228114,Normal
TRP08490,1,0.09931308258972449,Normal
TRP08491,1,0.06432679086520532,Normal
TRP08492,1,0.16860286582709116,Normal
TRP08493,1,0.17644412704499074,Normal
TRP08494,1,0.032188464543400186,Normal
TRP08495,1,0.0996570915396478,Normal
TRP08496,1,0.1698499777437098,Normal
TRP08497,1,0.1670740356909325,Normal
TRP08498,1,0.10206812584625252,Normal
TRP08499,1,0.10106708939071468,Normal
TRP08500,1,0.06824609390494396,Normal
TRP08501,1,0.06981813096055667,Normal
TRP08502,1,0.07182203790063346,Normal
TRP08503,1,0.059767327240767276,Normal
TRP08504,1,0.1670912120186268,Normal
TRP08505,1,0.019791000988797047,Normal
TRP08506,1,0.12619583759879732,Normal
TRP08507,1,0.056684022000055845,Normal
TRP08508,-1,-0.008414717188660048,Anomaly
TRP08509,1,0.1655912443347562,Normal
TRP08510,1,0.15705191794098888,Normal
TRP08511,1,0.060497286971888053,Normal
TRP08512,-1,-0.039795655888077985,Anomaly
TRP08513,1,0.1516674336497359,Normal
TRP08514,1,0.18084204451758396,Normal
TRP08515,1,0.09810601948604664,Normal
TRP08516,1,0.14975476102084356,Normal
TRP08517,1,0.1759956140565505,Normal
TRP08518,1,0.1368920200998146,Normal
TRP08519,1,0.16515001023453374,Normal
TRP08520,-1,-0.06402526783543494,Anomaly
TRP08521,1,0.07611891236441665,Normal
TRP08522,1,0.174565861973433,Normal
TRP08523,1,0.11508291654015068,Normal
TRP08524,1,0.14422959405654523,Normal
TRP08525,1,0.15445755598177208,Normal
TRP08526,1,0.05956596986710616,Normal
TRP08527,1,0.12259390287414923,Normal
TRP08528,1,0.07225834113782992,Normal
TRP08529,1,0.06402319713428961,Normal
TRP08530,1,0.0388989602436306,Normal
TRP08531,1,0.05123484742811624,Normal
TRP08532,1,0.178693351957861,Normal
TRP08533,1,0.12225080937108845,Normal
TRP08534,1,0.1799430943702734,Normal
TRP08535,1,0.13097528981826306,Normal
TRP08536,-1,-0.0010551648159724536,Anomaly
TRP08537,1,0.015355405610609663,Normal
TRP08538,1,0.06708609036066948,Normal
TRP08539,1,0.15712899830085097,Normal
TRP08540,1,0.0027269725603397132,Normal
TRP08541,1,0.06764286101398087,Normal
TRP08542,1,0.18297208244179797,Normal
TRP08543,1,0.17117817705081256,Normal
TRP08544,1,0.09329980401357285,Normal
TRP08545,1,0.16857823667861888,Normal
TRP08546,1,0.1621058411857746,Normal
TRP08547,1,0.15692713764552957,Normal
TRP08548,1,0.05639805735141579,Normal
TRP08549,1,0.14566679526657406,Normal
TRP08550,1,0.09807527630321367,Normal
TRP08551,1,0.1529089956683397,Normal
TRP08552,1,0.16923505376289655,Normal
TRP08553,1,0.15427642354976168,Normal
TRP08554,1,0.08423160237242666,Normal
TRP08555,1,0.03624361822531208,Normal
TRP08556,1,0.10106708939071468,Normal
TRP08557,1,0.17418822287473018,Normal
TRP08558,1,0.17953273193438263,Normal
TRP08559,1,0.1674729564653542,Normal
TRP08560,1,0.1529081016380215,Normal
TRP08561,1,0.18233132711191302,Normal
TRP08562,1,0.12268776273320514,Normal
TRP08563,1,0.17824811643271965,Normal
TRP08564,1,0.10183240387890691,Normal
TRP08565,1,0.036291876985685034,Normal
TRP08566,1,0.13965631229215297,Normal
TRP08567,1,0.12386788980629004,Normal
TRP08568,1,0.07600661964517558,Normal
TRP08569,1,0.04689871015442071,Normal
TRP08570,1,0.17701154437068156,Normal
TRP08571,1,0.10270543678160271,Normal
TRP08572,1,0.027894530351752822,Normal
TRP08573,1,0.14527325546999054,Normal
TRP08574,1,0.1277198583205349,Normal
TRP08575,-1,-0.09763714855890049,Anomaly
TRP08576,1,0.041845362377584294,Normal
TRP08577,1,0.16733424715898443,Normal
TRP08578,1,0.13635116381786794,Normal
TRP08579,1,0.05177780868416215,Normal
TRP08580,1,0.09995444456431274,Normal
TRP08581,1,0.17937147984444463,Normal
TRP08582,1,0.0915107865047815,Normal
TRP08583,1,0.16323304588447263,Normal
TRP08584,1,0.10170162096097984,Normal
TRP08585,1,0.08337289365236411,Normal
TRP08586,1,0.13626937803436628,Normal
TRP08587,1,0.11579625057785403,Normal
TRP08588,1,0.04908575328068421,Normal
TRP08589,1,0.1654135519219292,Normal
TRP08590,1,0.08825450660868861,Normal
TRP08591,1,0.14688311791572717,Normal
TRP08592,1,0.0889456540249638,Normal
TRP08593,1,0.1397270174385985,Normal
TRP08594,1,0.15584881787215488,Normal
TRP08595,1,0.08390626949419755,Normal
TRP08596,1,0.0012434264316019128,Normal
TRP08597,-1,-0.034402309193814706,Anomaly
TRP08598,1,0.09834722523663175,Normal
TRP08599,1,0.17581123612801547,Normal
TRP08600,1,0.12053827150634305,Normal
TRP08601,1,0.045831804184604086,Normal
TRP08602,1,0.10016047216605578,Normal
TRP08603,1,0.1583756625234809,Normal
TRP08604,1,0.0678450805487012,Normal
TRP08605,1,0.16078266712676448,Normal
TRP08606,1,0.119146277631352,Normal
TRP08607,1,0.04877897042691892,Normal
TRP08608,1,0.16017563216356345,Normal
TRP08609,1,0.010509380786577704,Normal
TRP08610,-1,-0.044690240843983875,Anomaly
TRP08611,1,0.04212406859233886,Normal
TRP08612,1,0.1148012616224447,Normal
TRP08613,1,0.08871749100097598,Normal
TRP08614,1,0.1595890524339092,Normal
TRP08615,1,0.14023331499079217,Normal
TRP08616,1,0.12842397545116324,Normal
TRP08617,1,0.0763301082614462,Normal
TRP08618,1,0.11964601803920161,Normal
TRP08619,1,0.09713093616197876,Normal
TRP08620,1,0.04877897042691892,Normal
TRP08621,1,0.07784671534321497,Normal
TRP08622,1,0.03459560655414673,Normal
TRP08623,1,0.12361307831759177,Normal
TRP08624,1,0.08337289365236411,Normal
TRP08625,1,0.15262696740398513,Normal
TRP08626,1,0.10262794963017358,Normal
TRP08627,1,0.14913156106684866,Normal
TRP08628,1,0.1722756241996714,Normal
TRP08629,1,0.17354619181562664,Normal
TRP08630,1,0.05611974903997474,Normal
TRP08631,1,0.1811185080314069,Normal
TRP08632,1,0.17652457461090243,Normal
TRP08633,1,0.08880476489124395,Normal
TRP08634,1,0.10328100164740484,Normal
TRP08635,1,0.10214387038892897,Normal
TRP08636,1,0.0838718943939718,Normal
TRP08637,1,0.15552791250424525,Normal
TRP08638,1,0.050718685449557155,Normal
TRP08639,1,0.07412420124228114,Normal
TRP08640,1,0.051321353305291195,Normal
TRP08641,1,0.09509048844479756,Normal
TRP08642,-1,-0.008977442311268513,Anomaly
TRP08643,1,0.0394675422653068,Normal
TRP08644,1,0.07753981892768802,Normal
TRP08645,1,0.057222643748067736,Normal
TRP08646,1,0.07099059616310299,Normal
TRP08647,1,0.05123484742811624,Normal
TRP08648,1,0.1806771276305832,Normal
TRP08649,1,0.15201065349770654,Normal
TRP08650,1,0.13542898364531702,Normal
TRP08651,1,0.1709654900594879,Normal
TRP08652,1,0.09291443934069477,Normal
TRP08653,1,0.05269604278819984,Normal
TRP08654,1,0.039661869902745894,Normal
TRP08655,1,0.05403642346391946,Normal
TRP08656,1,0.14605547420232795,Normal
TRP08657,-1,-0.022225297952203737,Anomaly
TRP08658,1,0.12340070448334617,Normal
TRP08659,1,0.0845609956774489,Normal
TRP08660,1,0.07124721496953723,Normal
TRP08661,1,0.027185174317179817,Normal
TRP08662,-1,-0.029165514443481033,Anomaly
TRP08663,1,0.18321650942224615,Normal
TRP08664,1,0.137654777448235,Normal
TRP08665,-1,-0.008538217025761852,Anomaly
TRP08666,1,0.13402973374034466,Normal
TRP08667,1,0.02774979551774459,Normal
TRP08668,1,0.10198646548923257,Normal
TRP08669,1,0.12028105628157376,Normal
TRP08670,1,0.07952143909742487,Normal
TRP08671,1,0.012643593602389425,Normal
TRP08672,1,0.12773550369724607,Normal
TRP08673,1,0.08221743161272516,Normal
TRP08674,1,0.09931308258972449,Normal
TRP08675,1,0.10767637343329783,Normal
TRP08676,1,0.0632871977385463,Normal
TRP08677,1,0.062236588175481944,Normal
TRP08678,1,0.08041614173589534,Normal
TRP08679,1,0.18256244891874324,Normal
TRP08680,1,0.028565253714170513,Normal
TRP08681,1,0.014292818761726944,Normal
TRP08682,1,0.1782178447642852,Normal
TRP08683,1,0.15979378156666124,Normal
TRP08684,-1,-0.013439727332921647,Anomaly
TRP08685,1,0.15247406523861545,Normal
TRP08686,1,0.17785092816366516,Normal
TRP08687,1,0.1486487058453344,Normal
TRP08688,1,0.15549561847977234,Normal
TRP08689,1,0.06222954024475935,Normal
TRP08690,1,0.17941026593520548,Normal
TRP08691,-1,-0.00874993224783105,Anomaly
TRP08692,1,0.17244292843817433,Normal
TRP08693,1,0.14538401423429853,Normal
TRP08694,1,0.021463609587619614,Normal
TRP08695,1,0.16966073410787702,Normal
TRP08696,1,0.10736362819941025,Normal
TRP08697,-1,-0.024372114491951757,Anomaly
TRP08698,-1,-0.0022465151969133235,Anomaly
TRP08699,1,0.05123484742811624,Normal
TRP08700,1,0.18284418321203677,Normal
TRP08701,1,0.13326569990300463,Normal
TRP08702,1,0.03553762863561283,Normal
TRP08703,1,0.11143912064640421,Normal
TRP08704,1,0.17487898979498834,Normal
TRP08705,1,0.14186874753088108,Normal
TRP08706,1,0.07729694908856427,Normal
TRP08707,1,0.038242406286624786,Normal
TRP08708,1,0.15855940381956662,Normal
TRP08709,1,0.08999007075114629,Normal
TRP08710,1,0.09712449026328862,Normal
TRP08711,1,0.05123484742811624,Normal
TRP08712,1,0.16186318367842534,Normal
TRP08713,1,0.16844535468014005,Normal
TRP08714,1,0.1729333216868188,Normal
TRP08715,1,0.17641565242147766,Normal
TRP08716,1,0.1603340349665458,Normal
TRP08717,1,0.10657507026911506,Normal
TRP08718,1,0.17331044651556138,Normal
TRP08719,1,0.1257540850287286,Normal
TRP08720,1,0.06962248128692028,Normal
TRP08721,1,0.05134375118247314,Normal
TRP08722,1,0.12557191352754826,Normal
TRP08723,1,0.009234625660968998,Normal
TRP08724,1,0.09541249299835158,Normal
TRP08725,1,0.16595841817521756,Normal
TRP08726,1,0.14248636093836886,Normal
TRP08727,1,0.07766024114727099,Normal
TRP08728,1,0.044641074035367545,Normal
TRP08729,1,0.17127043646372758,Normal
TRP08730,1,0.1741449071969885,Normal
TRP08731,1,0.003241311294417293,Normal
TRP08732,1,0.15447542530571673,Normal
TRP08733,1,0.15678261408673672,Normal
TRP08734,1,0.07241858723049932,Normal
TRP08735,1,0.14187377348519276,Normal
TRP08736,1,0.14534874257164898,Normal
TRP08737,1,0.14894723840715307,Normal
TRP08738,1,0.18398986518036875,Normal
TRP08739,1,0.0077309199586373945,Normal
TRP08740,1,0.09218936860681487,Normal
TRP08741,1,0.07856052737626473,Normal
TRP08742,1,0.14182145834124904,Normal
TRP08743,1,0.18322933842753303,Normal
TRP08744,1,0.08593012279206147,Normal
TRP08745,1,0.1764378926980747,Normal
TRP08746,1,0.030025446338661665,Normal
TRP08747,1,0.16695066859384394,Normal
TRP08748,1,0.17249709017282538,Normal
TRP08749,1,0.15582109817830214,Normal
TRP08750,1,0.101205776303535,Normal
TRP08751,-1,-0.017644154458350103,Anomaly
TRP08752,1,0.171279476071033,Normal
TRP08753,-1,-0.03117290740151013,Anomaly
TRP08754,1,0.04011625649648887,Normal
TRP08755,1,0.17359354548659034,Normal
TRP08756,1,0.1411468897981294,Normal
TRP08757,1,0.16650247998174822,Normal
TRP08758,1,0.1527368141276204,Normal
TRP08759,1,0.1519342753889934,Normal
TRP08760,-1,-0.0021706145743931593,Anomaly
TRP08761,1,0.16292513732313002,Normal
TRP08762,1,0.051321353305291195,Normal
TRP08763,1,0.16517805762845666,Normal
TRP08764,1,0.05442445440288246,Normal
TRP08765,1,0.16479617030454713,Normal
TRP08766,1,0.1090330469839722,Normal
TRP08767,1,0.11275711907405717,Normal
TRP08768,1,0.09689578538153115,Normal
TRP08769,1,0.09403740213186251,Normal
TRP08770,1,0.12962624738412598,Normal
TRP08771,1,0.07461053825292374,Normal
TRP08772,1,0.09562935352554014,Normal
TRP08773,1,0.15873807532282042,Normal
TRP08774,1,0.11128631309875842,Normal
TRP08775,1,0.10831612948335068,Normal
TRP08776,1,0.08390720204951907,Normal
TRP08777,1,0.16400929171711787,Normal
TRP08778,1,0.14033120917882774,Normal
TRP08779,1,0.04140401152517381,Normal
TRP08780,1,0.16962478011833837,Normal
TRP08781,1,0.006916225048945179,Normal
TRP08782,1,0.17628303610703727,Normal
TRP08783,1,0.08736077538505255,Normal
TRP08784,1,0.07385527877371179,Normal
TRP08785,1,0.17468679175882618,Normal
TRP08786,1,0.09726864297838927,Normal
TRP08787,1,0.17483053100292756,Normal
TRP08788,1,0.1108833277910019,Normal
TRP08789,1,0.17166582835240657,Normal
TRP08790,1,0.17409024520145844,Normal
TRP08791,1,0.11942740195384027,Normal
TRP08792,1,0.051321353305291195,Normal
TRP08793,1,0.1393601307429821,Normal
TRP08794,1,0.11876364083213053,Normal
TRP08795,1,0.10724472098067739,Normal
TRP08796,1,0.11617953227065758,Normal
TRP08797,1,0.11225785876007671,Normal
TRP08798,1,0.08337289365236411,Normal
TRP08799,1,0.13170215063968926,Normal
TRP08800,1,0.18326165263879507,Normal
TRP08801,-1,-0.028448765094125528,Anomaly
TRP08802,1,0.09489044657148221,Normal
TRP08803,1,0.07060140171683837,Normal
TRP08804,1,0.017012403090012285,Normal
TRP08805,1,0.14487608274061503,Normal
TRP08806,1,0.15215892809186204,Normal
TRP08807,-1,-0.04712883305477289,Anomaly
TRP08808,1,0.13211446379286074,Normal
TRP08809,1,0.07577261915952538,Normal
TRP08810,1,0.15079615130043267,Normal
TRP08811,1,0.08772130941318568,Normal
TRP08812,1,0.1746699211891951,Normal
TRP08813,1,0.048751285480800655,Normal
TRP08814,1,0.09101017161564229,Normal
TRP08815,1,0.15886438663639735,Normal
TRP08816,1,0.11364925944631205,Normal
TRP08817,1,0.09261278826820568,Normal
TRP08818,1,0.12692303568887936,Normal
TRP08819,1,0.16376586830490758,Normal
TRP08820,1,0.10237351603554534,Normal
TRP08821,1,0.05420979264186987,Normal
TRP08822,1,0.04044450237838915,Normal
TRP08823,1,0.042156702574733695,Normal
TRP08824,1,0.01533134923164925,Normal
TRP08825,1,0.15794846721223155,Normal
TRP08826,1,0.09510724304372858,Normal
TRP08827,1,0.136675918883353,Normal
TRP08828,1,0.12161030953799357,Normal
TRP08829,1,0.1311065473327176,Normal
TRP08830,1,0.08540926058714432,Normal
TRP08831,1,0.08416497621222274,Normal
TRP08832,1,0.11999523190433997,Normal
TRP08833,1,0.0036685281544975856,Normal
TRP08834,1,0.11362875969953234,Normal
TRP08835,1,0.046029206105725806,Normal
TRP08836,1,0.15667201843067702,Normal
TRP08837,1,0.15597857127537018,Normal
TRP08838,1,0.15156565736460487,Normal
TRP08839,1,0.013049108961987854,Normal
TRP08840,1,0.15964072664252615,Normal
TRP08841,1,0.1840695548867481,Normal
TRP08842,1,0.12133489637976752,Normal
TRP08843,1,0.07072635199756883,Normal
TRP08844,1,0.16674235671793136,Normal
TRP08845,1,0.16953682359104683,Normal
TRP08846,1,0.10500495922926789,Normal
TRP08847,1,0.14990476912202366,Normal
TRP08848,1,0.05398652182846886,Normal
TRP08849,1,0.1409436887087434,Normal
TRP08850,1,0.04147002301949987,Normal
TRP08851,1,0.18082466371713812,Normal
TRP08852,1,0.15833236866800887,Normal
TRP08853,1,0.09171385828236683,Normal
TRP08854,1,0.11376180957184001,Normal
TRP08855,1,0.15446839478258223,Normal
TRP08856,1,0.16099979726001062,Normal
TRP08857,1,0.13648383014136378,Normal
TRP08858,1,0.113528827482409,Normal
TRP08859,1,0.0838718943939718,Normal
TRP08860,1,0.16379032848092268,Normal
TRP08861,1,0.14218683940293297,Normal
TRP08862,1,0.10470858798213006,Normal
TRP08863,1,0.10635198992207007,Normal
TRP08864,1,0.09621845134637746,Normal
TRP08865,1,0.011320016826440682,Normal
TRP08866,1,0.11386451415220672,Normal
TRP08867,1,0.09414393198032128,Normal
TRP08868,1,0.07842648869756574,Normal
TRP08869,1,0.08121701532815284,Normal
TRP08870,1,0.14997679152414678,Normal
TRP08871,1,0.01863287740859898,Normal
TRP08872,1,0.12010547949561645,Normal
TRP08873,1,0.10603307031555037,Normal
TRP08874,1,0.17823602146458356,Normal
TRP08875,1,0.07781999627211084,Normal
TRP08876,1,0.18306625352964556,Normal
TRP08877,-1,-0.040869522799023006,Anomaly
TRP08878,1,0.14973527989784396,Normal
TRP08879,1,0.17345053787027387,Normal
TRP08880,1,0.03153014658115416,Normal
TRP08881,1,0.16452715118318706,Normal
TRP08882,1,0.10823193316029645,Normal
TRP08883,1,0.041483907431732914,Normal
TRP08884,1,0.1775776099525846,Normal
TRP08885,1,0.09996718717078368,Normal
TRP08886,1,0.04233757186462006,Normal
TRP08887,1,0.050718685449557155,Normal
TRP08888,1,0.10695682580855664,Normal
TRP08889,1,0.17685821135686375,Normal
TRP08890,-1,-0.045894004302520996,Anomaly
TRP08891,1,0.10299988849077463,Normal
TRP08892,1,0.08714963883974425,Normal
TRP08893,1,0.0494576373404817,Normal
TRP08894,1,0.14547823342621036,Normal
TRP08895,1,0.14766877602359685,Normal
TRP08896,1,0.08782935060264602,Normal
TRP08897,1,0.17413610247314742,Normal
TRP08898,1,0.15247804398717174,Normal
TRP08899,1,0.02440270169436798,Normal
TRP08900,-1,-0.041334065384478924,Anomaly
TRP08901,1,0.0789857338800421,Normal
TRP08902,1,0.03832781893593451,Normal
TRP08903,1,0.04361671149544244,Normal
TRP08904,1,0.013340807965726675,Normal
TRP08905,1,0.06589417220537797,Normal
TRP08906,1,0.14405986960002048,Normal
TRP08907,1,0.04011625649648887,Normal
TRP08908,1,0.10237351603554534,Normal
TRP08909,-1,-0.0514505189150144,Anomaly
TRP08910,1,0.026734896163019606,Normal
TRP08911,1,0.12587805605479074,Normal
TRP08912,1,0.11193097660534079,Normal
TRP08913,1,0.1667606698966823,Normal
TRP08914,-1,-0.10564299835294477,Anomaly
TRP08915,1,0.09922546289436668,Normal
TRP08916,1,0.14746814316866408,Normal
TRP08917,1,0.14842343409844816,Normal
TRP08918,1,0.02730583444970225,Normal
TRP08919,1,0.10996702628758087,Normal
TRP08920,1,0.05398652182846886,Normal
TRP08921,-1,-0.02734277272157626,Anomaly
TRP08922,1,0.05982824755531835,Normal
TRP08923,1,0.0838718943939718,Normal
TRP08924,1,0.05193149658469809,Normal
TRP08925,1,0.040611878723580075,Normal
TRP08926,1,0.038835610196460424,Normal
TRP08927,1,0.054217087176971934,Normal
TRP08928,1,0.05287793903205895,Normal
TRP08929,1,0.07812346341930637,Normal
TRP08930,1,0.09495337292869255,Normal
TRP08931,1,0.0688934293497464,Normal
TRP08932,1,0.05159505213315252,Normal
TRP08933,1,0.011305158537322169,Normal
TRP08934,1,0.13016453285424118,Normal
TRP08935,1,0.18039502545576136,Normal
TRP08936,1,0.1500825828592774,Normal
TRP08937,1,0.04396992257688137,Normal
TRP08938,-1,-0.01659333514179917,Anomaly
TRP08939,1,0.0774069069622445,Normal
TRP08940,1,0.10067247949734165,Normal
TRP08941,1,0.16601150711122165,Normal
TRP08942,1,0.15954100571128133,Normal
TRP08943,1,0.07158548711822121,Normal
TRP08944,1,0.17286665808659368,Normal
TRP08945,1,0.04976843022927269,Normal
TRP08946,1,0.15387110958723454,Normal
TRP08947,1,0.12602809372092455,Normal
TRP08948,1,0.07110687425087514,Normal
TRP08949,1,0.1487523161880231,Normal
TRP08950,1,0.07033338371829545,Normal
TRP08951,-1,-0.06887719858650831,Anomaly
TRP08952,1,0.04489326850672548,Normal
TRP08953,1,0.17786106953740283,Normal
TRP08954,1,0.102420606536824,Normal
TRP08955,1,0.07400968947193809,Normal
TRP08956,1,0.08456130889655478,Normal
TRP08957,1,0.18643170269423015,Normal
TRP08958,1,0.15187041788783645,Normal
TRP08959,1,0.17844858954470272,Normal
TRP08960,1,0.13213107934580814,Normal
TRP08961,1,0.16334821671317418,Normal
TRP08962,1,0.07712374525272131,Normal
TRP08963,1,0.08666199400600422,Normal
TRP08964,1,0.027264683565324188,Normal
TRP08965,1,0.013814895229483981,Normal
TRP08966,1,0.0386987754209871,Normal
TRP08967,1,0.07305605080657918,Normal
TRP08968,1,0.1467921035752663,Normal
TRP08969,1,0.09604726612359582,Normal
TRP08970,1,0.18558440501635837,Normal
TRP08971,1,0.06405506319450349,Normal
TRP08972,1,0.07500418127259323,Normal
TRP08973,1,0.18037160323568147,Normal
TRP08974,1,0.1464199008125855,Normal
TRP08975,1,0.15207883316668908,Normal
TRP08976,1,0.08179974792459982,Normal
TRP08977,1,0.026734896163019606,Normal
TRP08978,1,0.07563956137567518,Normal
TRP08979,1,0.17725750255582595,Normal
TRP08980,1,0.05606791962678426,Normal
TRP08981,1,0.092268413252931,Normal
TRP08982,-1,-0.01974283029733681,Anomaly
TRP08983,1,0.015899699912526488,Normal
TRP08984,1,0.07727235853916242,Normal
TRP08985,1,0.17895478906065537,Normal
TRP08986,1,0.05123484742811624,Normal
TRP08987,1,0.09770371464152366,Normal
TRP08988,1,0.16480881822799176,Normal
TRP08989,1,0.1819380267458734,Normal
TRP08990,1,0.1223079328839406,Normal
TRP08991,1,0.08661450810972832,Normal
TRP08992,1,0.17505666255236313,Normal
TRP08993,1,0.09244710187934368,Normal
TRP08994,1,0.05123484742811624,Normal
TRP08995,1,0.165588922770544,Normal
TRP08996,-1,-0.013608195971928638,Anomaly
TRP08997,1,0.10589184519834222,Normal
TRP08998,1,0.09821113445738461,Normal
TRP08999,1,0.0917825685416212,Normal
TRP09000,1,0.03191903832212384,Normal
TRP09001,1,0.07110687425087514,Normal
TRP09002,1,0.05653195713759229,Normal
TRP09003,1,0.14175940050730623,Normal
TRP09004,1,0.13767842258797813,Normal
TRP09005,1,0.04335772845353569,Normal
TRP09006,1,0.06266439765401222,Normal
TRP09007,1,0.04940730550904837,Normal
TRP09008,1,0.15115634055630717,Normal
TRP09009,1,0.16623567530767275,Normal
TRP09010,1,0.170876879958129,Normal
TRP09011,1,0.09323001913040418,Normal
TRP09012,1,0.0763668957611876,Normal
TRP09013,1,0.11059932976705472,Normal
TRP09014,1,0.1189412975811695,Normal
TRP09015,1,0.022466559929740115,Normal
TRP09016,1,0.010034534803502138,Normal
TRP09017,1,0.11081718806182556,Normal
TRP09018,1,0.14256450550096472,Normal
TRP09019,1,0.058551532167449793,Normal
TRP09020,1,0.08609335738308899,Normal
TRP09021,1,0.1220017134494028,Normal
TRP09022,1,0.16114794327022824,Normal
TRP09023,1,0.16476214675955286,Normal
TRP09024,1,0.09941981038747755,Normal
TRP09025,1,0.049614852184096225,Normal
TRP09026,1,0.07736866656476288,Normal
TRP09027,1,0.11080403525042765,Normal
TRP09028,1,0.0789481137437752,Normal
TRP09029,1,0.08254215057590919,Normal
TRP09030,1,0.11997784208557194,Normal
TRP09031,1,0.16477330471676888,Normal
TRP09032,1,0.14563702877062484,Normal
TRP09033,1,0.1565103152370531,Normal
TRP09034,1,0.0545462050454848,Normal
TRP09035,1,0.14426208162676485,Normal
TRP09036,1,0.13444768727905365,Normal
TRP09037,1,0.1001078116265115,Normal
TRP09038,1,0.16389735695044644,Normal
TRP09039,1,0.08173315429046163,Normal
TRP09040,1,0.01939486816792113,Normal
TRP09041,1,0.018726295343250765,Normal
TRP09042,1,0.03178276038055339,Normal
TRP09043,1,0.16626706982603257,Normal
TRP09044,1,0.15722542544916918,Normal
TRP09045,1,0.13701854071792446,Normal
TRP09046,1,0.18318169728026784,Normal
TRP09047,1,0.17264578384825624,Normal
TRP09048,1,0.10009620786702189,Normal
TRP09049,1,0.07145958872401847,Normal
TRP09050,-1,-0.01188579798439815,Anomaly
TRP09051,1,0.06021702050315436,Normal
TRP09052,1,0.07500418127259323,Normal
TRP09053,1,0.06961797328850905,Normal
TRP09054,1,0.08390626949419755,Normal
TRP09055,1,0.16813356679925845,Normal
TRP09056,1,0.15295504536142557,Normal
TRP09057,1,0.17267339005685323,Normal
TRP09058,1,0.06361139219287237,Normal
TRP09059,1,0.05946844438207577,Normal
TRP09060,1,0.13558580647348406,Normal
TRP09061,1,0.16155359289700638,Normal
TRP09062,1,0.07619830623466983,Normal
TRP09063,1,0.07505836373244124,Normal
TRP09064,1,0.17621202124093,Normal
TRP09065,1,0.16970375768104035,Normal
TRP09066,1,0.04487390106453104,Normal
TRP09067,1,0.17972564783923223,Normal
TRP09068,1,0.04556030047279058,Normal
TRP09069,1,0.037937150825956945,Normal
TRP09070,1,0.1104741409408066,Normal
TRP09071,1,0.09562314665348531,Normal
TRP09072,1,0.05123484742811624,Normal
TRP09073,1,0.05123484742811624,Normal
TRP09074,1,0.07927062699199017,Normal
TRP09075,1,0.13778198086388205,Normal
TRP09076,1,0.12196272048419315,Normal
TRP09077,1,0.0690038396331083,Normal
TRP09078,1,0.13774719339899072,Normal
TRP09079,1,0.09232574759211554,Normal
TRP09080,1,0.056772911081167776,Normal
TRP09081,1,0.1429212358418031,Normal
TRP09082,1,0.1405988965021746,Normal
TRP09083,1,0.02896888553667598,Normal
TRP09084,1,0.1553776489438931,Normal
TRP09085,1,0.17072950460572878,Normal
TRP09086,1,0.16946085559668117,Normal
TRP09087,1,0.08678404143799401,Normal
TRP09088,1,0.08872096017544168,Normal
TRP09089,1,0.12653779444346852,Normal
TRP09090,1,0.031684379825619335,Normal
TRP09091,1,0.15074713828148634,Normal
TRP09092,-1,-0.01484719418733993,Anomaly
TRP09093,1,0.11568563410298766,Normal
TRP09094,1,0.09919254395923788,Normal
TRP09095,1,0.1263538147914935,Normal
TRP09096,1,0.08221743161272516,Normal
TRP09097,1,0.16384835610917525,Normal
TRP09098,-1,-0.14423769619017357,Anomaly
TRP09099,1,0.12630531041483778,Normal
TRP09100,1,0.06338598142784457,Normal
TRP09101,1,0.0618357697119617,Normal
TRP09102,1,0.1655732466459483,Normal
TRP09103,1,0.16376978896947358,Normal
TRP09104,1,0.10976965010413836,Normal
TRP09105,1,0.0030039183942121017,Normal
TRP09106,1,0.1395374059560785,Normal
TRP09107,1,0.11927154563824482,Normal
TRP09108,1,0.05421688565532312,Normal
TRP09109,1,0.0619867209227839,Normal
TRP09110,1,0.17369207452249208,Normal
TRP09111,1,0.17965526091098866,Normal
TRP09112,1,0.15018375374952386,Normal
TRP09113,-1,-0.014426078555381694,Anomaly
TRP09114,1,0.0995034661252126,Normal
TRP09115,1,0.09931086320197563,Normal
TRP09116,-1,-0.07002942229504039,Anomaly
TRP09117,1,0.02946492069949147,Normal
TRP09118,1,0.12496663336727887,Normal
TRP09119,1,0.1488952743695,Normal
TRP09120,1,0.11700387835127607,Normal
TRP09121,1,0.14617956991498982,Normal
TRP09122,1,0.11535810407876607,Normal
TRP09123,1,0.14886960423175305,Normal
TRP09124,1,0.032228753298329194,Normal
TRP09125,1,0.060451230393544164,Normal
TRP09126,1,0.1793085731549881,Normal
TRP09127,1,0.08793968154839937,Normal
TRP09128,1,0.1708094666520792,Normal
TRP09129,1,0.03612641112858006,Normal
TRP09130,1,0.10315930059119566,Normal
TRP09131,1,0.15124284394421472,Normal
TRP09132,1,0.08155837143437661,Normal
TRP09133,1,0.09036854356589341,Normal
TRP09134,1,0.08155837143437661,Normal
TRP09135,1,0.13691974461446377,Normal
TRP09136,1,0.16414088037049518,Normal
TRP09137,-1,-0.05339084796385041,Anomaly
TRP09138,-1,-0.056329905935152746,Anomaly
TRP09139,1,0.07352285219844668,Normal
TRP09140,1,0.12528939109005777,Normal
TRP09141,1,0.020879856232891902,Normal
TRP09142,1,0.15438169178654337,Normal
TRP09143,1,0.13671656707853275,Normal
TRP09144,1,0.178172478803159,Normal
TRP09145,1,0.08485956957518714,Normal
TRP09146,1,0.1738263410229675,Normal
TRP09147,1,0.057016356643109,Normal
TRP09148,1,0.020686030930596955,Normal
TRP09149,-1,-0.00493065701224682,Anomaly
TRP09150,1,0.1552881188154921,Normal
TRP09151,1,0.16254230321219876,Normal
TRP09152,1,0.11601446217879136,Normal
TRP09153,-1,-0.012930441563786976,Anomaly
TRP09154,1,0.014404471280823672,Normal
TRP09155,1,0.09718217103615495,Normal
TRP09156,1,0.15989183040108562,Normal
TRP09157,1,0.12072187625679698,Normal
TRP09158,1,0.18167229175659477,Normal
TRP09159,1,0.11644413656563618,Normal
TRP09160,1,0.04739414435365663,Normal
TRP09161,1,0.023792805320446253,Normal
TRP09162,1,0.09484308751057058,Normal
TRP09163,1,0.10210938789506213,Normal
TRP09164,1,0.07897877563122213,Normal
TRP09165,1,0.08534121480333573,Normal
TRP09166,1,0.15440502590895216,Normal
TRP09167,1,0.17814492272652183,Normal
TRP09168,1,0.050267168217606906,Normal
TRP09169,1,0.17216293414884287,Normal
TRP09170,1,0.1451397712531644,Normal
TRP09171,1,0.17647777917711754,Normal
TRP09172,1,0.17578017841310406,Normal
TRP09173,1,0.15501889108679467,Normal
TRP09174,1,0.08344656112832749,Normal
TRP09175,1,0.023693080168512348,Normal
TRP09176,1,0.16559060776813966,Normal
TRP09177,1,0.09323001913040418,Normal
TRP09178,1,0.17697855809559204,Normal
TRP09179,1,0.16925326135991564,Normal
TRP09180,1,0.11405897816254856,Normal
TRP09181,1,0.15923632357063083,Normal
TRP09182,1,0.035005823719127194,Normal
TRP09183,1,0.05123484742811624,Normal
TRP09184,1,0.1835777456539343,Normal
TRP09185,1,0.15465684252857126,Normal
TRP09186,-1,-0.00836448348575003,Anomaly
TRP09187,1,0.1446670707539764,Normal
TRP09188,1,0.10284799792757376,Normal
TRP09189,1,0.1570507953251295,Normal
TRP09190,1,0.07412420124228114,Normal
TRP09191,1,0.07017289941517069,Normal
TRP09192,1,0.14672511996172743,Normal
TRP09193,1,0.161389218716337,Normal
TRP09194,1,0.1600756193065478,Normal
TRP09195,1,0.15866541252250005,Normal
TRP09196,1,0.07853977725949696,Normal
TRP09197,-1,-0.009444224175706784,Anomaly
TRP09198,1,0.1613640414435808,Normal
TRP09199,1,0.06617945484706023,Normal
TRP09200,1,0.17907318323435717,Normal
TRP09201,1,0.09585359632737805,Normal
TRP09202,1,0.11941764665843918,Normal
TRP09203,-1,-0.005473659741450199,Anomaly
TRP09204,1,0.07413003094453885,Normal
TRP09205,1,0.0066345327410528565,Normal
TRP09206,1,0.12836643862258507,Normal
TRP09207,1,0.1585942922535577,Normal
TRP09208,1,0.17332949402512404,Normal
TRP09209,1,0.07235687015616399,Normal
TRP09210,1,0.17572893307424658,Normal
TRP09211,-1,-0.06983632593610445,Anomaly
TRP09212,1,0.08634087538030094,Normal
TRP09213,1,0.09407719495590011,Normal
TRP09214,1,0.13120620250361476,Normal
TRP09215,1,0.08857027275126211,Normal
TRP09216,1,0.030218604694244533,Normal
TRP09217,1,0.17667226876666697,Normal
TRP09218,1,0.09516644562259935,Normal
TRP09219,1,0.05123484742811624,Normal
TRP09220,1,0.10596712419353532,Normal
TRP09221,1,0.1823170038063081,Normal
TRP09222,1,0.15066336039451483,Normal
TRP09223,1,0.07471558538789436,Normal
TRP09224,1,0.17387945494247403,Normal
TRP09225,1,0.07500418127259323,Normal
TRP09226,1,0.17931955155561485,Normal
TRP09227,1,0.17754193145769964,Normal
TRP09228,-1,-0.011991780006228692,Anomaly
TRP09229,1,0.07712374525272131,Normal
TRP09230,1,0.10748046545784518,Normal
TRP09231,1,0.10214387038892897,Normal
TRP09232,-1,-0.014889529572894022,Anomaly
TRP09233,1,0.16946307151440737,Normal
TRP09234,1,0.14993928992234823,Normal
TRP09235,1,0.1269694829728587,Normal
TRP09236,1,0.05636293426857797,Normal
TRP09237,1,0.007664330920203244,Normal
TRP09238,1,0.17440392339083083,Normal
TRP09239,1,0.16828749029758316,Normal
TRP09240,1,0.04885656529881033,Normal
TRP09241,1,0.1212152012993084,Normal
TRP09242,1,0.10788527724419983,Normal
TRP09243,1,0.18573369403753764,Normal
TRP09244,1,0.17591159777037696,Normal
TRP09245,1,0.0979852457497532,Normal
TRP09246,1,0.11353555232802648,Normal
TRP09247,1,0.0462589345069615,Normal
TRP09248,1,0.16067202393784324,Normal
TRP09249,1,0.059363707691016177,Normal
TRP09250,1,0.06648114263576343,Normal
TRP09251,1,0.09652714056946171,Normal
TRP09252,-1,-0.00874993224783105,Anomaly
TRP09253,1,0.10032602722784778,Normal
TRP09254,1,0.12575434517038087,Normal
TRP09255,1,0.18130772285109853,Normal
TRP09256,1,0.12733776000956454,Normal
TRP09257,1,0.18280729706665616,Normal
TRP09258,1,0.17161429337177175,Normal
TRP09259,1,0.07497292591267923,Normal
TRP09260,1,0.08797279188703777,Normal
TRP09261,1,0.07806034695558661,Normal
TRP09262,1,0.05694398987114124,Normal
TRP09263,1,0.032490793563032305,Normal
TRP09264,1,0.17148889055107136,Normal
TRP09265,1,0.1570137727769712,Normal
TRP09266,1,0.05303116077965486,Normal
TRP09267,1,0.1602768219289124,Normal
TRP09268,1,0.09497964950721316,Normal
TRP09269,1,0.03511540788171519,Normal
TRP09270,1,0.05123484742811624,Normal
TRP09271,-1,-0.012428513197613289,Anomaly
TRP09272,1,0.08872096017544168,Normal
TRP09273,1,0.07628688928889754,Normal
TRP09274,1,0.17575665918810118,Normal
TRP09275,1,0.0440150326645925,Normal
TRP09276,1,0.18167051083997543,Normal
TRP09277,1,0.10634893038937221,Normal
TRP09278,1,0.04396992257688137,Normal
TRP09279,1,0.0599787840969781,Normal
TRP09280,1,0.03453753936038484,Normal
TRP09281,1,0.07331617366636889,Normal
TRP09282,1,0.1601795803312221,Normal
TRP09283,1,0.10489378027413487,Normal
TRP09284,1,0.07772874618376713,Normal
TRP09285,1,0.0807341039491542,Normal
TRP09286,1,0.17316253755256483,Normal
TRP09287,1,0.11695675027785823,Normal
TRP09288,1,0.013743554809276581,Normal
TRP09289,1,0.12128861823783993,Normal
TRP09290,1,0.08705932130666033,Normal
TRP09291,1,0.1623807944145989,Normal
TRP09292,1,0.1718025373928886,Normal
TRP09293,1,0.10657286791699505,Normal
TRP09294,1,0.18199861087424168,Normal
TRP09295,1,0.05775931805833323,Normal
TRP09296,1,0.13499199376949095,Normal
TRP09297,1,0.17981063684901,Normal
TRP09298,1,0.16018564752699288,Normal
TRP09299,1,0.03627139091879927,Normal
TRP09300,1,0.09152618095493387,Normal
TRP09301,1,0.102420606536824,Normal
TRP09302,1,0.15688251434842398,Normal
TRP09303,1,0.02790651946985001,Normal
TRP09304,1,0.17186373527119264,Normal
TRP09305,1,0.18274632237905375,Normal
TRP09306,1,0.05132063887738869,Normal
TRP09307,1,0.098848405044548,Normal
TRP09308,-1,-0.011991780006228692,Anomaly
TRP09309,1,0.08155837143437661,Normal
TRP09310,1,0.17359434372568677,Normal
TRP09311,1,0.1752403889080424,Normal
TRP09312,1,0.09824270473322905,Normal
TRP09313,1,0.07729694908856427,Normal
TRP09314,1,0.09059719902687313,Normal
TRP09315,1,0.1648709426828624,Normal
TRP09316,1,0.16093434488028963,Normal
TRP09317,-1,-0.030050943772965133,Anomaly
TRP09318,1,0.07680475532733672,Normal
TRP09319,1,0.17195645317795422,Normal
TRP09320,1,0.15367262238891605,Normal
TRP09321,1,0.11915914273973399,Normal
TRP09322,1,0.10624587747221842,Normal
TRP09323,1,0.07620735506838078,Normal
TRP09324,1,0.056894939906917075,Normal
TRP09325,1,0.017291412626620817,Normal
TRP09326,1,0.14885208840740483,Normal
TRP09327,1,0.1352093890124187,Normal
TRP09328,1,0.1650500997890853,Normal
TRP09329,1,0.12558842874944248,Normal
TRP09330,1,0.17688153856694594,Normal
TRP09331,1,0.037219208767636625,Normal
TRP09332,1,0.1786366963118291,Normal
TRP09333,1,0.06549168193734856,Normal
TRP09334,1,0.12643587411748858,Normal
TRP09335,1,0.10012809585014765,Normal
TRP09336,1,0.14169126729856457,Normal
TRP09337,1,0.06272123779702754,Normal
TRP09338,1,0.03217013445851746,Normal
TRP09339,1,0.027264683565324188,Normal
TRP09340,1,0.023008747150884412,Normal
TRP09341,1,0.14385594795685103,Normal
TRP09342,1,0.07471558538789436,Normal
TRP09343,1,0.06867228413711335,Normal
TRP09344,1,0.07216766176156963,Normal
TRP09345,1,0.07922631678751968,Normal
TRP09346,1,0.12878346344621922,Normal
TRP09347,1,0.12628714794700585,Normal
TRP09348,1,0.03166284476174708,Normal
TRP09349,1,0.04822386772909315,Normal
TRP09350,1,0.15605275302834176,Normal
TRP09351,1,0.10587111975122121,Normal
TRP09352,1,0.11462411629420305,Normal
TRP09353,-1,-0.003045782869938174,Anomaly
TRP09354,1,0.0318511868800091,Normal
TRP09355,1,0.09092450549607323,Normal
TRP09356,1,0.1149549255352561,Normal
TRP09357,1,0.15852912584323553,Normal
TRP09358,1,0.05410618063868955,Normal
TRP09359,1,0.09213805494171423,Normal
TRP09360,1,0.15601885836668583,Normal
TRP09361,1,0.09492386247605056,Normal
TRP09362,1,0.15058014200091951,Normal
TRP09363,1,0.16481775361781464,Normal
TRP09364,1,0.10770531674782752,Normal
TRP09365,1,0.08156677166400994,Normal
TRP09366,1,0.15722769253011654,Normal
TRP09367,1,0.08279449855678678,Normal
TRP09368,1,0.17599528562030614,Normal
TRP09369,1,0.10969099589028436,Normal
TRP09370,1,0.006959203753287735,Normal
TRP09371,1,0.07345853554207382,Normal
TRP09372,1,0.024142879772458326,Normal
TRP09373,1,0.08006568002193004,Normal
TRP09374,1,0.05838969470577049,Normal
TRP09375,1,0.0945714613375252,Normal
TRP09376,1,0.12425726911827079,Normal
TRP09377,1,0.1767369800433491,Normal
TRP09378,1,0.11285802759192376,Normal
TRP09379,1,0.06917934738349929,Normal
TRP09380,1,0.08540530163386478,Normal
TRP09381,1,0.1556554779127784,Normal
TRP09382,1,0.04011625649648887,Normal
TRP09383,1,0.04687767146832311,Normal
TRP09384,1,0.09562131980816724,Normal
TRP09385,1,0.14854529510369296,Normal
TRP09386,1,0.18221841654005444,Normal
TRP09387,1,0.02562873434497326,Normal
TRP09388,1,0.17094283052182796,Normal
TRP09389,1,0.11140768537037493,Normal
TRP09390,1,0.12154674962664347,Normal
TRP09391,1,0.013348615943671094,Normal
TRP09392,1,0.16325827515163266,Normal
TRP09393,1,0.15486621424367975,Normal
TRP09394,1,0.037937150825956945,Normal
TRP09395,1,0.17212042433849273,Normal
TRP09396,1,0.18466929109225522,Normal
TRP09397,1,0.08290821231274709,Normal
TRP09398,1,0.17802912959846723,Normal
TRP09399,1,0.06762040565409311,Normal
TRP09400,1,0.11688959313663638,Normal
TRP09401,1,0.17613909377005738,Normal
TRP09402,1,0.16211630556392098,Normal
TRP09403,1,0.08872096017544168,Normal
TRP09404,1,0.027947835701276125,Normal
TRP09405,1,0.11690701671932507,Normal
TRP09406,1,0.1396293284205845,Normal
TRP09407,1,0.1762915996926011,Normal
TRP09408,1,0.12105820022298325,Normal
TRP09409,1,0.05123484742811624,Normal
TRP09410,1,0.012071764022445364,Normal
TRP09411,1,0.040983924748958844,Normal
TRP09412,1,0.15504037144415678,Normal
TRP09413,1,0.10105705555081773,Normal
TRP09414,1,0.1661455081187619,Normal
TRP09415,1,0.0956747001168805,Normal
TRP09416,1,0.1465423556412781,Normal
TRP09417,1,0.16237334352767457,Normal
TRP09418,1,0.14358749343190286,Normal
TRP09419,1,0.11191705964107013,Normal
TRP09420,1,0.1815685076297488,Normal
TRP09421,1,0.16999685390375097,Normal
TRP09422,1,0.046894938676823816,Normal
TRP09423,1,0.10920230481405285,Normal
TRP09424,1,0.1663670395509272,Normal
TRP09425,1,0.10717189608452976,Normal
TRP09426,1,0.17057939177786569,Normal
TRP09427,1,0.07777234399775262,Normal
TRP09428,-1,-0.01680088396324997,Anomaly
TRP09429,1,0.15064824540469524,Normal
TRP09430,1,0.042008882246907464,Normal
TRP09431,1,0.058006743184094045,Normal
TRP09432,1,0.07711756595887165,Normal
TRP09433,1,0.03922235592083567,Normal
TRP09434,1,0.12057678380688996,Normal
TRP09435,1,0.15713860164123955,Normal
TRP09436,-1,-0.027426708126467747,Anomaly
TRP09437,1,0.13933216741627485,Normal
TRP09438,1,0.16180025379231056,Normal
TRP09439,1,0.16433287561207105,Normal
TRP09440,1,0.14949755831812434,Normal
TRP09441,1,0.18095474717462062,Normal
TRP09442,1,0.17637171658827633,Normal
TRP09443,1,0.11341121141303517,Normal
TRP09444,-1,-0.03300123377075026,Anomaly
TRP09445,1,0.08337289365236411,Normal
TRP09446,1,0.08811987271975774,Normal
TRP09447,1,0.10293413444446009,Normal
TRP09448,1,0.03166284476174708,Normal
TRP09449,1,0.132807620632094,Normal
TRP09450,1,0.15439977658415044,Normal
TRP09451,1,0.1622199618905817,Normal
TRP09452,1,0.05259659014907858,Normal
TRP09453,1,0.13869542330815127,Normal
TRP09454,1,0.0914608308955811,Normal
TRP09455,1,0.169811255441012,Normal
TRP09456,1,0.09714911523883624,Normal
TRP09457,1,0.10901831173101323,Normal
TRP09458,1,0.07023052829737109,Normal
TRP09459,1,0.08617600485151733,Normal
TRP09460,1,0.16692828506020402,Normal
TRP09461,1,0.1746535919049904,Normal
TRP09462,1,0.14960933392529208,Normal
TRP09463,1,0.06442857484561426,Normal
TRP09464,1,0.1757815317873722,Normal
TRP09465,-1,-0.04721915622045614,Anomaly
TRP09466,1,0.10065493665395392,Normal
TRP09467,1,0.08176327171390685,Normal
TRP09468,1,0.161570402834876,Normal
TRP09469,1,0.16901556794467765,Normal
TRP09470,1,0.09292455087135759,Normal
TRP09471,1,0.0846334236030934,Normal
TRP09472,1,0.15154425908427893,Normal
TRP09473,1,0.12967235716849873,Normal
TRP09474,1,0.14173961334939328,Normal
TRP09475,1,0.14961459600536292,Normal
TRP09476,1,0.039661869902745894,Normal
TRP09477,1,0.07875283312612902,Normal
TRP09478,1,0.18030683084475407,Normal
TRP09479,1,0.054113110514680485,Normal
TRP09480,1,0.1702244452795622,Normal
TRP09481,1,0.16376498993815575,Normal
TRP09482,1,0.05416435602132563,Normal
TRP09483,1,0.11978067630300365,Normal
TRP09484,1,0.17440558158772929,Normal
TRP09485,1,0.1663397937844966,Normal
TRP09486,1,0.18097415337780487,Normal
TRP09487,1,0.0037155579350248713,Normal
TRP09488,1,0.11595879657102692,Normal
TRP09489,1,0.0823253052857511,Normal
TRP09490,1,0.07841128504796957,Normal
TRP09491,1,0.04793231312174673,Normal
TRP09492,1,0.10262794963017358,Normal
TRP09493,1,0.1731726215661506,Normal
TRP09494,1,0.1257556540030766,Normal
TRP09495,1,0.16753324568510236,Normal
TRP09496,1,0.039661869902745894,Normal
TRP09497,1,0.1127581985334768,Normal
TRP09498,1,0.10011881157555935,Normal
TRP09499,1,0.18588196422772363,Normal
TRP09500,-1,-0.010547859102837287,Anomaly
TRP09501,1,0.05123484742811624,Normal
TRP09502,1,0.021240133535145422,Normal
TRP09503,1,0.0464622990876421,Normal
TRP09504,1,0.15245200248856017,Normal
TRP09505,1,0.13005465367809604,Normal
TRP09506,1,0.16528875461818565,Normal
TRP09507,1,0.07150470957265842,Normal
TRP09508,1,0.1011958240331911,Normal
TRP09509,1,0.10669233207723194,Normal
TRP09510,1,0.10394996055064365,Normal
TRP09511,1,0.1349696950807004,Normal
TRP09512,1,0.14808247742246639,Normal
TRP09513,1,0.07117972748457047,Normal
TRP09514,1,0.14316494373153293,Normal
TRP09515,-1,-0.004526428351060097,Anomaly
TRP09516,1,0.08786935405175322,Normal
TRP09517,1,0.16602746942270702,Normal
TRP09518,1,0.05244166672178341,Normal
TRP09519,1,0.08634219748365668,Normal
TRP09520,1,0.09718217103615495,Normal
TRP09521,1,0.0938908378039458,Normal
TRP09522,1,0.059767327240767276,Normal
TRP09523,1,0.18164884004534748,Normal
TRP09524,1,0.10734809146415025,Normal
TRP09525,1,0.17937125981351593,Normal
TRP09526,1,0.12295225210833882,Normal
TRP09527,1,0.09479857522493279,Normal
TRP09528,1,0.021612211699035044,Normal
TRP09529,1,0.131627753764966,Normal
TRP09530,1,0.1601803741919876,Normal
TRP09531,1,0.15421793325501082,Normal
TRP09532,1,0.09182144003089876,Normal
TRP09533,1,0.09714911523883624,Normal
TRP09534,1,0.04514713062800513,Normal
TRP09535,1,0.037937150825956945,Normal
TRP09536,1,0.08478106206109237,Normal
TRP09537,-1,-0.04534347815622297,Anomaly
TRP09538,1,0.16797291128928155,Normal
TRP09539,1,0.06372077140084531,Normal
TRP09540,1,0.12077047221624343,Normal
TRP09541,1,0.09919254395923788,Normal
TRP09542,1,0.13016877843559826,Normal
TRP09543,1,0.15470562259972642,Normal
TRP09544,1,0.15091377335132544,Normal
TRP09545,1,0.11792026136059175,Normal
TRP09546,1,0.12134010433207026,Normal
TRP09547,-1,-0.0010516218360260288,Anomaly
TRP09548,1,0.027264683565324188,Normal
TRP09549,1,0.0500929787935408,Normal
TRP09550,-1,-0.002450842124780972,Anomaly
TRP09551,1,0.12075675791411788,Normal
TRP09552,1,0.08694858335392269,Normal
TRP09553,1,0.13066657570813722,Normal
TRP09554,1,0.03760540824127023,Normal
TRP09555,1,0.1754682843813241,Normal
TRP09556,1,0.18055005606404828,Normal
TRP09557,1,0.06481471381931814,Normal
TRP09558,1,0.15503689707241602,Normal
TRP09559,1,0.10241151144716693,Normal
TRP09560,1,0.16057355072192692,Normal
TRP09561,1,0.06655706681228901,Normal
TRP09562,1,0.14620620821188135,Normal
TRP09563,1,0.18054506858525643,Normal
TRP09564,1,0.04373644958219769,Normal
TRP09565,1,0.10209050022028465,Normal
TRP09566,1,0.15191363454132767,Normal
TRP09567,1,0.14758681853043748,Normal
TRP09568,1,0.09718217103615495,Normal
TRP09569,1,0.11541794541413908,Normal
TRP09570,1,0.1829233774431036,Normal
TRP09571,1,0.16989451054904858,Normal
TRP09572,1,0.07418117076513897,Normal
TRP09573,1,0.1631359111749301,Normal
TRP09574,1,0.18065165653292325,Normal
TRP09575,1,0.10635156602342877,Normal
TRP09576,1,0.046029206105725806,Normal
TRP09577,1,0.1434959586389271,Normal
TRP09578,1,0.14745643614656956,Normal
TRP09579,-1,-0.09990910136631148,Anomaly
TRP09580,1,0.16504466961314157,Normal
TRP09581,1,0.1670472896035503,Normal
TRP09582,1,0.13163345266824034,Normal
TRP09583,1,0.12308023763979759,Normal
TRP09584,1,0.07515572504000934,Normal
TRP09585,1,0.10313186844764499,Normal
TRP09586,1,0.18221501037084042,Normal
TRP09587,1,0.07019101729504695,Normal
TRP09588,1,0.15492971207166983,Normal
TRP09589,1,0.12646085034043364,Normal
TRP09590,1,0.16669950873505396,Normal
TRP09591,1,0.09073495366867962,Normal
TRP09592,1,0.12141335500483941,Normal
TRP09593,1,0.04877897042691892,Normal
TRP09594,1,0.04290424728016873,Normal
TRP09595,-1,-0.002207319489827886,Anomaly
TRP09596,1,0.1319318777336484,Normal
TRP09597,1,0.15377493753695143,Normal
TRP09598,1,0.09994667677202368,Normal
TRP09599,1,0.1124405403457987,Normal
TRP09600,1,0.051436131198071555,Normal
TRP09601,1,0.1578044401906018,Normal
TRP09602,1,0.12693280478458285,Normal
TRP09603,1,0.10062342063823893,Normal
TRP09604,1,0.12944424253460796,Normal
TRP09605,1,0.1743015618008097,Normal
TRP09606,1,0.09921677592703637,Normal
TRP09607,1,0.16695682840676523,Normal
TRP09608,1,0.12759995073595998,Normal
TRP09609,1,0.10266880824412389,Normal
TRP09610,1,0.01939486816792113,Normal
TRP09611,1,0.08510208178062223,Normal
TRP09612,1,0.029926169619689635,Normal
TRP09613,1,0.1638127224803202,Normal
TRP09614,1,0.14345753621688245,Normal
TRP09615,1,0.10016047216605578,Normal
TRP09616,1,0.1366553840121864,Normal
TRP09617,1,0.14539219013302263,Normal
TRP09618,1,0.07947239418657631,Normal
TRP09619,1,0.006959203753287735,Normal
TRP09620,1,0.08776623784305204,Normal
TRP09621,1,0.18387887526311492,Normal
TRP09622,1,0.10282101894215673,Normal
TRP09623,1,0.00876167850144094,Normal
TRP09624,1,0.15498246807853128,Normal
TRP09625,1,0.09962152210294778,Normal
TRP09626,1,0.15508367557578745,Normal
TRP09627,1,0.15457490625123788,Normal
TRP09628,1,0.03995842846408337,Normal
TRP09629,1,0.182748400243481,Normal
TRP09630,1,0.11592679942279505,Normal
TRP09631,1,0.177299706669321,Normal
TRP09632,1,0.04409627016524176,Normal
TRP09633,1,0.022549420588801716,Normal
TRP09634,1,0.16253200044585236,Normal
TRP09635,1,0.1557990213265497,Normal
TRP09636,1,0.15351366293633034,Normal
TRP09637,1,0.16618246970181605,Normal
TRP09638,1,0.05032083912752028,Normal
TRP09639,1,0.02635550097255024,Normal
TRP09640,1,0.01753737257562704,Normal
TRP09641,1,0.09767706219971284,Normal
TRP09642,1,0.17777151931240354,Normal
TRP09643,1,0.13433700265102855,Normal
TRP09644,1,0.13320312272182233,Normal
TRP09645,1,0.1725216293967145,Normal
TRP09646,1,0.10671660689677492,Normal
TRP09647,1,0.021510838196843296,Normal
TRP09648,1,0.08592139029048024,Normal
TRP09649,1,0.17347271022062083,Normal
TRP09650,1,0.17867495930484473,Normal
TRP09651,1,0.11778092954419445,Normal
TRP09652,1,0.07234194739021516,Normal
TRP09653,1,0.064170323833729,Normal
TRP09654,1,0.13595864398134028,Normal
TRP09655,-1,-0.013414462951852446,Anomaly
TRP09656,1,0.172818325722002,Normal
TRP09657,1,0.1537721036929185,Normal
TRP09658,1,0.15308160785521907,Normal
TRP09659,1,0.045908506933030946,Normal
TRP09660,1,0.051321353305291195,Normal
TRP09661,1,0.018632862074187462,Normal
TRP09662,1,0.18377117590215558,Normal
TRP09663,1,0.097309733104544,Normal
TRP09664,1,0.10240372410232768,Normal
TRP09665,1,0.17712004873051634,Normal
TRP09666,1,0.09918203264921593,Normal
TRP09667,1,0.06883318984476261,Normal
TRP09668,1,0.059002179876557426,Normal
TRP09669,1,0.06311107100276003,Normal
TRP09670,1,0.13930955109281185,Normal
TRP09671,1,0.07082862173476512,Normal
TRP09672,1,0.16597609387322176,Normal
TRP09673,-1,-0.005936578858127262,Anomaly
TRP09674,1,0.11616598742010775,Normal
TRP09675,1,0.1266288844367749,Normal
TRP09676,1,0.09771869365525576,Normal
TRP09677,1,0.17276257196826622,Normal
TRP09678,1,0.11897675203769581,Normal
TRP09679,1,0.14121066576207203,Normal
TRP09680,1,0.1651115877681928,Normal
TRP09681,1,0.1550285303600577,Normal
TRP09682,1,0.09175382167237284,Normal
TRP09683,1,0.13157361821431535,Normal
TRP09684,1,0.1652317942968488,Normal
TRP09685,1,0.1672097833330778,Normal
TRP09686,1,0.12399895093879104,Normal
TRP09687,1,0.14599746030950267,Normal
TRP09688,1,0.15835776716443273,Normal
TRP09689,1,0.10018632109207909,Normal
TRP09690,1,0.08615652092086479,Normal
TRP09691,1,0.1333950697885038,Normal
TRP09692,1,0.15913693425810482,Normal
TRP09693,1,0.10170162096097984,Normal
TRP09694,1,0.09718217103615495,Normal
TRP09695,1,0.17447437576585867,Normal
TRP09696,1,0.05464052812417841,Normal
TRP09697,1,0.09689578538153115,Normal
TRP09698,-1,-0.05257519129306354,Anomaly
TRP09699,1,0.08041614173589534,Normal
TRP09700,1,0.05617912320009699,Normal
TRP09701,1,0.15863615848460338,Normal
TRP09702,1,0.1700512752616627,Normal
TRP09703,1,0.1725486799258319,Normal
TRP09704,1,0.10254540967252651,Normal
TRP09705,1,0.0952295838286713,Normal
TRP09706,1,0.08037771523387022,Normal
TRP09707,1,0.08221743161272516,Normal
TRP09708,1,0.061290528235822705,Normal
TRP09709,1,0.1572050109014861,Normal
TRP09710,1,0.10106969350993478,Normal
TRP09711,1,0.08155837143437661,Normal
TRP09712,1,0.07371225769296752,Normal
TRP09713,1,0.089085255162136,Normal
TRP09714,1,0.14944241946430592,Normal
TRP09715,1,0.0785791634320187,Normal
TRP09716,1,0.02480431777813641,Normal
TRP09717,1,0.04598308154010289,Normal
TRP09718,1,0.044307558607778574,Normal
TRP09719,1,0.08626993968809182,Normal
TRP09720,1,0.17360832405751941,Normal
TRP09721,1,0.1175773084524796,Normal
TRP09722,1,0.10214387038892897,Normal
TRP09723,1,0.08430045022262589,Normal
TRP09724,1,0.179075224172435,Normal
TRP09725,1,0.13706392457698896,Normal
TRP09726,1,0.07992351517671581,Normal
TRP09727,1,0.1633331986797546,Normal
TRP09728,-1,-0.006590310705601121,Anomaly
TRP09729,1,0.15152213829685618,Normal
TRP09730,-1,-0.10976711795387273,Anomaly
TRP09731,1,0.180872716885412,Normal
TRP09732,1,0.11503151280691831,Normal
TRP09733,1,0.1681754320310201,Normal
TRP09734,1,0.05992603602721491,Normal
TRP09735,1,0.06568499349727053,Normal
TRP09736,-1,-0.019787728601094012,Anomaly
TRP09737,1,0.00562605724390286,Normal
TRP09738,-1,-0.014351184365619551,Anomaly
TRP09739,1,0.011093210545640053,Normal
TRP09740,1,0.08419840462296285,Normal
TRP09741,1,0.0838718943939718,Normal
TRP09742,1,0.16096187219245817,Normal
TRP09743,1,0.14869699857931623,Normal
TRP09744,1,0.024324681033501827,Normal
TRP09745,1,0.03872021272990611,Normal
TRP09746,1,0.18351910363730412,Normal
TRP09747,1,0.16315061933319353,Normal
TRP09748,1,0.1329731000119443,Normal
TRP09749,1,0.16616273800331244,Normal
TRP09750,1,0.07471558538789436,Normal
TRP09751,1,0.1406825907369682,Normal
TRP09752,1,0.10251601944064964,Normal
TRP09753,1,0.146834921070209,Normal
TRP09754,1,0.10930737795381712,Normal
TRP09755,1,0.15916070560894036,Normal
TRP09756,1,0.10212668378731177,Normal
TRP09757,1,0.0882810240809398,Normal
TRP09758,1,0.051321353305291195,Normal
TRP09759,1,0.008100150224163327,Normal
TRP09760,1,0.13311108858425263,Normal
TRP09761,1,0.06646288231078912,Normal
TRP09762,1,0.052707824497270406,Normal
TRP09763,1,0.12272425876269921,Normal
TRP09764,1,0.1786358738157286,Normal
TRP09765,1,0.08481144859512624,Normal
TRP09766,1,0.10262794963017358,Normal
TRP09767,1,0.18135744823188327,Normal
TRP09768,1,0.13595153785584163,Normal
TRP09769,-1,-0.03586085933628569,Anomaly
TRP09770,1,0.06172137001235545,Normal
TRP09771,1,0.016420418405994508,Normal
TRP09772,1,0.14382973349031924,Normal
TRP09773,1,0.07158548711822121,Normal
TRP09774,1,0.1641691378337959,Normal
TRP09775,1,0.08864919662142878,Normal
TRP09776,1,0.03437352258749582,Normal
TRP09777,1,0.028860440099730766,Normal
TRP09778,1,0.1409557701779472,Normal
TRP09779,1,0.08065344346066916,Normal
TRP09780,1,0.04147002301949987,Normal
TRP09781,1,0.07710007347925091,Normal
TRP09782,-1,-0.026563451877593014,Anomaly
TRP09783,1,0.1673869624394792,Normal
TRP09784,1,0.10578535307408526,Normal
TRP09785,1,0.103801217291071,Normal
TRP09786,1,0.092268413252931,Normal
TRP09787,1,0.18573125832230214,Normal
TRP09788,1,0.00503719636108324,Normal
TRP09789,-1,-0.002207319489827886,Anomaly
TRP09790,1,0.15829316488229617,Normal
TRP09791,1,0.0737442903284049,Normal
TRP09792,1,0.0495824301141915,Normal
TRP09793,1,0.09901335328559113,Normal
TRP09794,1,0.0980071190852258,Normal
TRP09795,1,0.13089278540294375,Normal
TRP09796,1,0.13544144408410919,Normal
TRP09797,1,0.126154388320253,Normal
TRP09798,1,0.061672030097884245,Normal
TRP09799,1,0.1162579932602088,Normal
TRP09800,1,0.1236309849456631,Normal
TRP09801,1,0.15853940853963666,Normal
TRP09802,1,0.18068296083093627,Normal
TRP09803,1,0.1741102283005624,Normal
TRP09804,1,0.07482157778056264,Normal
TRP09805,1,0.15195133748676148,Normal
TRP09806,1,0.10290196669820068,Normal
TRP09807,1,0.0753921885025417,Normal
TRP09808,1,0.14282864231351677,Normal
TRP09809,1,0.10268927691547147,Normal
TRP09810,1,0.17025063945782043,Normal
TRP09811,1,0.045908506933030946,Normal
TRP09812,1,0.1436380649327138,Normal
TRP09813,1,0.07222379322936645,Normal
TRP09814,1,0.14373323391473358,Normal
TRP09815,1,0.09445719545354692,Normal
TRP09816,1,0.10580101841226619,Normal
TRP09817,1,0.054217087176971934,Normal
TRP09818,1,0.14329025574951704,Normal
TRP09819,-1,-0.023271958431322792,Anomaly
TRP09820,1,0.10379079399880575,Normal
TRP09821,-1,-0.02382015916125635,Anomaly
TRP09822,1,0.16983400148445088,Normal
TRP09823,1,0.1308058254407244,Normal
TRP09824,-1,-0.02128943391869831,Anomaly
TRP09825,1,0.07322913276573462,Normal
TRP09826,1,0.1526247293126584,Normal
TRP09827,1,0.16096574811113817,Normal
TRP09828,1,0.17140823615201822,Normal
TRP09829,1,0.007829652632421191,Normal
TRP09830,1,0.1829467373960011,Normal
TRP09831,1,0.1767146377860474,Normal
TRP09832,1,0.13723124950867616,Normal
TRP09833,1,0.07500418127259323,Normal
TRP09834,1,0.146114755004443,Normal
TRP09835,1,0.1124003397951544,Normal
TRP09836,1,0.014006694854797552,Normal
TRP09837,1,0.17530831339805508,Normal
TRP09838,1,0.1544814521842462,Normal
TRP09839,-1,-0.055904259758359,Anomaly
TRP09840,1,0.05391099704253921,Normal
TRP09841,1,0.166694726869341,Normal
TRP09842,1,0.1740008184894561,Normal
TRP09843,1,0.07267131560430728,Normal
TRP09844,1,0.13151838170967117,Normal
TRP09845,1,0.09419746474943069,Normal
TRP09846,1,0.15899475853371559,Normal
TRP09847,1,0.10683346386734155,Normal
TRP09848,1,0.057842545002275814,Normal
TRP09849,1,0.09917605636874144,Normal
TRP09850,1,0.06556748431832116,Normal
TRP09851,-1,-0.006421959206356687,Anomaly
TRP09852,1,0.1608522328895891,Normal
TRP09853,1,0.1465654945306763,Normal
TRP09854,1,0.16889412733494563,Normal
TRP09855,1,0.13593229865623052,Normal
TRP09856,1,0.18019562192997984,Normal
TRP09857,1,0.08221743161272516,Normal
TRP09858,1,0.1431498610068172,Normal
TRP09859,1,0.14650337988081213,Normal
TRP09860,1,0.11219997151563027,Normal
TRP09861,-1,-0.07459011609768251,Anomaly
TRP09862,1,0.054732479803367706,Normal
TRP09863,1,0.15100258923659687,Normal
TRP09864,1,0.007664330920203244,Normal
TRP09865,1,0.0961059502373755,Normal
TRP09866,1,0.025666826546779653,Normal
TRP09867,1,0.10124049022712822,Normal
TRP09868,1,0.1714507717363974,Normal
TRP09869,1,0.12861857416072808,Normal
TRP09870,1,0.14836894415844643,Normal
TRP09871,1,0.16773286621651928,Normal
TRP09872,1,0.13419519466092417,Normal
TRP09873,1,0.08825450660868861,Normal
TRP09874,-1,-0.030361912856764817,Anomaly
TRP09875,1,0.06956506264938978,Normal
TRP09876,1,0.1664901311038418,Normal
TRP09877,1,0.15778099355432568,Normal
TRP09878,1,0.1827869398955837,Normal
TRP09879,1,0.13301343570530355,Normal
TRP09880,1,0.12156907318526844,Normal
TRP09881,1,0.09419746474943069,Normal
TRP09882,1,0.07439629271377035,Normal
TRP09883,1,0.12123890514631819,Normal
TRP09884,-1,-0.009860454329353674,Anomaly
TRP09885,1,0.12673106516156307,Normal
TRP09886,1,0.14514832366819852,Normal
TRP09887,1,0.10532625516691546,Normal
TRP09888,1,0.15550174467673983,Normal
TRP09889,1,0.0077775357772913445,Normal
TRP09890,1,0.08384969997885827,Normal
TRP09891,1,0.1625930461053418,Normal
TRP09892,1,0.14536610548675294,Normal
TRP09893,1,0.05825085996642909,Normal
TRP09894,1,0.16615611173216444,Normal
TRP09895,1,0.07875283312612902,Normal
TRP09896,1,0.1754743372279587,Normal
TRP09897,1,0.0849288306452956,Normal
TRP09898,1,0.147774542502,Normal
TRP09899,1,0.16796857406918525,Normal
TRP09900,1,0.16857572502428686,Normal
TRP09901,1,0.06320597559344987,Normal
TRP09902,1,0.12128472508160154,Normal
TRP09903,1,0.07203036060194723,Normal
TRP09904,1,0.17626756344756,Normal
TRP09905,1,0.09111639040686781,Normal
TRP09906,1,0.04728811157271895,Normal
TRP09907,1,0.08609335738308899,Normal
TRP09908,1,0.09055346694722738,Normal
TRP09909,1,0.09345737311311336,Normal
TRP09910,1,0.08289888554285674,Normal
TRP09911,1,0.17570685939707698,Normal
TRP09912,1,0.06597331825875674,Normal
TRP09913,1,0.04877897042691892,Normal
TRP09914,1,0.08720822826909852,Normal
TRP09915,-1,-0.01058177687334716,Anomaly
TRP09916,1,0.15653005027873718,Normal
TRP09917,1,0.06987511989508555,Normal
TRP09918,1,0.07292282534168959,Normal
TRP09919,1,0.0767898677584567,Normal
TRP09920,1,0.07256565487018796,Normal
TRP09921,1,0.17867395699568694,Normal
TRP09922,1,0.1436987331508382,Normal
TRP09923,1,0.09350597659547444,Normal
TRP09924,1,0.060922961597081104,Normal
TRP09925,1,0.12514451262900567,Normal
TRP09926,-1,-0.0032866258091190925,Anomaly
TRP09927,1,0.04118876807289662,Normal
TRP09928,1,0.14625452221997726,Normal
TRP09929,1,0.11192138393189832,Normal
TRP09930,1,0.1212086598532569,Normal
TRP09931,1,0.08032550565758806,Normal
TRP09932,1,0.17158659491808342,Normal
TRP09933,1,0.1670645334299683,Normal
TRP09934,1,0.06342494633635021,Normal
TRP09935,1,0.1409890191632046,Normal
TRP09936,1,0.06537649638720144,Normal
TRP09937,1,0.1326912517992211,Normal
TRP09938,1,0.06021702050315436,Normal
TRP09939,1,0.18146966811832088,Normal
TRP09940,1,0.056125869530016415,Normal
TRP09941,1,0.10517717113617897,Normal
TRP09942,1,0.163262105244312,Normal
TRP09943,1,0.17695743250519158,Normal
TRP09944,1,0.09050583659274353,Normal
TRP09945,1,0.09090260416869245,Normal
TRP09946,1,0.14085278053266848,Normal
TRP09947,1,0.13019564916660814,Normal
TRP09948,1,0.16397381898701152,Normal
TRP09949,1,0.029977476361489508,Normal
TRP09950,1,0.0902947619499227,Normal
TRP09951,1,0.17532908341301912,Normal
TRP09952,1,0.1644687913106579,Normal
TRP09953,1,0.10846839614721504,Normal
TRP09954,1,0.10183240387890691,Normal
TRP09955,1,0.09961566404244343,Normal
TRP09956,1,0.11424808414590465,Normal
TRP09957,1,0.10780434751659573,Normal
TRP09958,1,0.1448854624194793,Normal
TRP09959,1,0.17991076105365433,Normal
TRP09960,1,0.15251019347113465,Normal
TRP09961,1,0.08452358561546153,Normal
TRP09962,1,0.13149225996775682,Normal
TRP09963,1,0.09258610681578539,Normal
TRP09964,1,0.06577083003571371,Normal
TRP09965,1,0.007664330920203244,Normal
TRP09966,1,0.10198646548923257,Normal
TRP09967,1,0.12312816892057082,Normal
TRP09968,1,0.17984585613731174,Normal
TRP09969,1,0.09562935352554014,Normal
TRP09970,-1,-0.061288334263526534,Anomaly
TRP09971,1,0.02336988278820684,Normal
TRP09972,1,0.16602738573053127,Normal
TRP09973,1,0.08534121480333573,Normal
TRP09974,1,0.1754436270846358,Normal
TRP09975,1,0.012287246652640138,Normal
TRP09976,1,0.17435265897979768,Normal
TRP09977,1,0.11002255924397036,Normal
TRP09978,1,0.019786698092556843,Normal
TRP09979,1,0.07387307953108868,Normal
TRP09980,1,0.05097436816654888,Normal
TRP09981,1,0.10145547969217628,Normal
TRP09982,1,0.1713353729127342,Normal
TRP09983,1,0.10262794963017358,Normal
TRP09984,1,0.16318629626176967,Normal
TRP09985,1,0.061672030097884245,Normal
TRP09986,1,0.11464103627812416,Normal
TRP09987,1,0.06356943719220176,Normal
TRP09988,1,0.16532429888686345,Normal
TRP09989,1,0.1074135448719481,Normal
TRP09990,1,0.07875283312612902,Normal
TRP09991,-1,-0.01858995679342834,Anomaly
TRP09992,1,0.14687781786746557,Normal
TRP09993,1,0.1675539995826839,Normal
TRP09994,1,0.14436834800770676,Normal
TRP09995,1,0.14699679784769998,Normal
TRP09996,1,0.009680987750699921,Normal
TRP09997,1,0.08496069188851574,Normal
TRP09998,1,0.1334548860451063,Normal
TRP09999,1,0.17160086157133098,Normal
TRP10000,1,0.10033178820014466,Normal
TRP10001,1,0.04815652636021861,Normal
TRP10002,1,0.15588270806758286,Normal
TRP10003,1,0.10741343589563812,Normal
TRP10004,1,0.04570875900046478,Normal
TRP10005,1,0.09948644838164389,Normal
TRP10006,1,0.1374236392127065,Normal
TRP10007,1,0.1611648286456554,Normal
TRP10008,1,0.09035068326061813,Normal
TRP10009,1,0.12038300881870023,Normal
TRP10010,1,0.09726864297838927,Normal
TRP10011,1,0.16535939273111472,Normal
TRP10012,-1,-0.014092632330460098,Anomaly
TRP10013,1,0.15969708580934394,Normal
TRP10014,1,0.15646848836056804,Normal
TRP10015,1,0.012807540333608314,Normal
TRP10016,1,0.09826254956696517,Normal
TRP10017,1,0.14584105287475768,Normal
TRP10018,1,0.16951997551970283,Normal
TRP10019,1,0.06971905840668646,Normal
TRP10020,1,0.0921311926808776,Normal
TRP10021,1,0.11409138216690529,Normal
TRP10022,1,0.09151117256663666,Normal
TRP10023,1,0.09357170904713114,Normal
TRP10024,1,0.1011042819620524,Normal
TRP10025,1,0.1098662185253026,Normal
TRP10026,1,0.15729843008628203,Normal
TRP10027,1,0.06137537927542602,Normal
TRP10028,1,0.14871011989251542,Normal
TRP10029,1,0.12947576183713277,Normal
TRP10030,1,0.037638587994469286,Normal
TRP10031,1,0.16302942659053166,Normal
TRP10032,1,0.04598308154010289,Normal
TRP10033,1,0.051321353305291195,Normal
TRP10034,1,0.12619129277707197,Normal
TRP10035,1,0.1302247295128806,Normal
TRP10036,1,0.000350128289457019,Normal
TRP10037,1,0.07628688928889754,Normal
TRP10038,1,0.03306177601638949,Normal
TRP10039,1,0.14292498907178502,Normal
TRP10040,1,0.03557656762441608,Normal
TRP10041,-1,-0.03502532293583838,Anomaly
TRP10042,1,0.10231197775782269,Normal
TRP10043,1,0.032013872537098864,Normal
TRP10044,1,0.08752055494142502,Normal
TRP10045,1,0.024788274380083908,Normal
TRP10046,1,0.10344825589100543,Normal
TRP10047,1,0.06250727002692058,Normal
TRP10048,1,0.09350597659547444,Normal
TRP10049,1,0.09490187685461193,Normal
TRP10050,1,0.09466902112368936,Normal
TRP10051,1,0.044737123740430595,Normal
TRP10052,1,0.06051831163521837,Normal
TRP10053,1,0.052496055332443614,Normal
TRP10054,1,0.10297991602313816,Normal
TRP10055,1,0.1565658464758839,Normal
TRP10056,1,0.07433322167733347,Normal
TRP10057,1,0.14289424294789754,Normal
TRP10058,1,0.14733262808808661,Normal
TRP10059,1,0.18031014732408324,Normal
TRP10060,1,0.051321353305291195,Normal
TRP10061,-1,-0.005836711659969462,Anomaly
TRP10062,1,0.17503931020858277,Normal
TRP10063,1,0.05832896016623701,Normal
TRP10064,1,0.06883303795695761,Normal
TRP10065,1,0.15779701009638075,Normal
TRP10066,1,0.09714911523883624,Normal
TRP10067,1,0.05937010375568652,Normal
TRP10068,1,0.06311107100276003,Normal
TRP10069,1,0.057607763435986614,Normal
TRP10070,1,0.036828629234938015,Normal
TRP10071,1,0.17598914288188316,Normal
TRP10072,1,0.09510724304372858,Normal
TRP10073,1,0.15797499939477816,Normal
TRP10074,1,0.18071744062821032,Normal
TRP10075,1,0.06480277408331292,Normal
TRP10076,1,0.06668409049650381,Normal
TRP10077,1,0.18311395548297782,Normal
TRP10078,1,0.017279583947985677,Normal
TRP10079,1,0.08235219951295408,Normal
TRP10080,1,0.03240984823978377,Normal
TRP10081,1,0.07371225769296752,Normal
TRP10082,1,0.10862046692431027,Normal
TRP10083,1,0.1539182940219827,Normal
TRP10084,1,0.08697974551383303,Normal
TRP10085,1,0.05774019948343245,Normal
TRP10086,1,0.07488854723768068,Normal
TRP10087,1,0.06840752247751625,Normal
TRP10088,-1,-0.006309389315539038,Anomaly
TRP10089,1,0.15903594586563014,Normal
TRP10090,1,0.09268020318535519,Normal
TRP10091,1,0.1395337268215418,Normal
TRP10092,1,0.15368321306564153,Normal
TRP10093,1,0.15170888916765113,Normal
TRP10094,1,0.17286499877380918,Normal
TRP10095,1,0.08576662108990901,Normal
TRP10096,1,0.06470646455382811,Normal
TRP10097,1,0.08015725016926473,Normal
TRP10098,1,0.15497935427779125,Normal
TRP10099,1,0.04149087933070006,Normal
TRP10100,1,0.14606196030839086,Normal
TRP10101,1,0.052269218814660734,Normal
TRP10102,1,0.08343218258223745,Normal
TRP10103,1,0.1044224827211066,Normal
TRP10104,1,0.0322887178438811,Normal
TRP10105,1,0.0619419995375573,Normal
TRP10106,1,0.17261544267742795,Normal
TRP10107,1,0.09829029375918119,Normal
TRP10108,1,0.14596702675707052,Normal
TRP10109,1,0.08681942617967586,Normal
TRP10110,1,0.07256565487018796,Normal
TRP10111,1,0.15817599578422226,Normal
TRP10112,1,0.07730593050363554,Normal
TRP10113,1,0.028542398243942557,Normal
TRP10114,1,0.09776418115569147,Normal
TRP10115,1,0.1223124617849406,Normal
TRP10116,1,0.04989848630945326,Normal
TRP10117,1,0.1075083548238221,Normal
TRP10118,1,0.16956828600181656,Normal
TRP10119,1,0.10623194881551845,Normal
TRP10120,1,0.10746119503041263,Normal
TRP10121,1,0.1244689345589371,Normal
TRP10122,1,0.08468899353893644,Normal
TRP10123,1,0.14801294894822187,Normal
TRP10124,1,0.10006901984513922,Normal
TRP10125,1,0.0619419995375573,Normal
TRP10126,1,0.05123484742811624,Normal
TRP10127,1,0.1319604350614969,Normal
TRP10128,1,0.1219405241557236,Normal
TRP10129,1,0.05845490779441376,Normal
TRP10130,1,0.09712449026328862,Normal
TRP10131,1,0.09050583659274353,Normal
TRP10132,1,0.0031815849128024043,Normal
TRP10133,1,0.1824883352075668,Normal
TRP10134,-1,-0.0009355909081181224,Anomaly
TRP10135,1,0.019154829047479227,Normal
TRP10136,1,0.059002179876557426,Normal
TRP10137,1,0.0996570915396478,Normal
TRP10138,1,0.18276516996036346,Normal
TRP10139,1,0.07549854395550615,Normal
TRP10140,1,0.013123440781454443,Normal
TRP10141,1,0.17437975635619285,Normal
TRP10142,1,0.13525926753612216,Normal
TRP10143,1,0.0494576373404817,Normal
TRP10144,1,0.15590119040306222,Normal
TRP10145,1,0.14812921320386596,Normal
TRP10146,1,0.14941076883302867,Normal
TRP10147,1,0.1652445388806783,Normal
TRP10148,1,0.15445007937648297,Normal
TRP10149,1,0.15958268588269586,Normal
TRP10150,1,0.17302403503002867,Normal
TRP10151,1,0.11721820474211114,Normal
TRP10152,1,0.1259330571418371,Normal
TRP10153,1,0.12879506006919034,Normal
TRP10154,1,0.0980071190852258,Normal
TRP10155,1,0.10515751440969201,Normal
TRP10156,1,0.15290606617128777,Normal
TRP10157,1,0.1399050159802699,Normal
TRP10158,1,0.03928140791647816,Normal
TRP10159,-1,-0.06683747995090739,Anomaly
TRP10160,1,0.13864227405185725,Normal
TRP10161,1,0.15467987091099433,Normal
TRP10162,1,0.02254915883912867,Normal
TRP10163,1,0.13886637903723043,Normal
TRP10164,1,0.08663299806965591,Normal
TRP10165,1,0.0980071190852258,Normal
TRP10166,1,0.09718217103615495,Normal
TRP10167,1,0.07477561545673772,Normal
TRP10168,1,0.0757514088443314,Normal
TRP10169,1,0.07194879872346038,Normal
TRP10170,1,0.07416731558002332,Normal
TRP10171,1,0.174777031159211,Normal
TRP10172,1,0.14030057733709617,Normal
TRP10173,1,0.1157662613602804,Normal
TRP10174,1,0.09448697489532959,Normal
TRP10175,1,0.032265801713273534,Normal
TRP10176,-1,-0.034648071920482804,Anomaly
TRP10177,1,0.04347622335094814,Normal
TRP10178,1,0.12526492743098383,Normal
TRP10179,1,0.07285515926349151,Normal
TRP10180,1,0.10024351210795535,Normal
TRP10181,-1,-0.03713549755603185,Anomaly
TRP10182,1,0.016064637393445547,Normal
TRP10183,1,0.14559063496037838,Normal
TRP10184,1,0.08680555469496215,Normal
TRP10185,1,0.10089848619681463,Normal
TRP10186,1,0.07033292640794675,Normal
TRP10187,1,0.1426676951891787,Normal
TRP10188,1,0.086475328403541,Normal
TRP10189,1,0.15805199670151554,Normal
TRP10190,1,0.10621472530645687,Normal
TRP10191,1,0.17866157357885443,Normal
TRP10192,1,0.046029206105725806,Normal
TRP10193,1,0.03191903832212384,Normal
TRP10194,1,0.1467624731510474,Normal
TRP10195,1,0.10605387554544515,Normal
TRP10196,1,0.17839968862972688,Normal
TRP10197,1,0.17163141041905228,Normal
TRP10198,1,0.1844305984111811,Normal
TRP10199,1,0.1421279457563553,Normal
TRP10200,1,0.10805392802896824,Normal
TRP10201,1,0.15388022305658444,Normal
TRP10202,1,0.06987511989508555,Normal
TRP10203,1,0.0763301082614462,Normal
TRP10204,1,0.15826959361556192,Normal
TRP10205,-1,-0.009884871921750693,Anomaly
TRP10206,1,0.18187192733197144,Normal
TRP10207,1,0.1683435898030589,Normal
TRP10208,1,0.07619901524044098,Normal
TRP10209,1,0.1477994998097097,Normal
TRP10210,1,0.1490884045360446,Normal
TRP10211,1,0.07729694908856427,Normal
TRP10212,1,0.1695948299816321,Normal
TRP10213,1,0.037937150825956945,Normal
TRP10214,1,0.1290452044037088,Normal
TRP10215,1,0.08452358561546153,Normal
TRP10216,1,0.11799233316582897,Normal
TRP10217,1,0.09004010462101847,Normal
TRP10218,1,0.10209050022028465,Normal
TRP10219,1,0.04083950550346893,Normal
TRP10220,1,0.13749009726945743,Normal
TRP10221,1,0.18205704669847345,Normal
TRP10222,1,0.09749453441474343,Normal
TRP10223,1,0.15209889490522616,Normal
TRP10224,1,0.011138917523284553,Normal
TRP10225,1,0.07602889237077781,Normal
TRP10226,1,0.020458133169439452,Normal
TRP10227,1,0.15291029495222497,Normal
TRP10228,1,0.16781489947137418,Normal
TRP10229,1,0.032513676605720576,Normal
TRP10230,1,0.16643848322966653,Normal
TRP10231,1,0.0684899632311946,Normal
TRP10232,1,0.1060040664554992,Normal
TRP10233,1,0.044737123740430595,Normal
TRP10234,1,0.17348104259069141,Normal
TRP10235,1,0.03192918510562215,Normal
TRP10236,1,0.16916907223878824,Normal
TRP10237,1,0.13699778495321913,Normal
TRP10238,-1,-0.02683280804192789,Anomaly
TRP10239,1,0.000377519251478442,Normal
TRP10240,1,0.04936131087600415,Normal
TRP10241,1,0.15817534061247857,Normal
TRP10242,1,0.15620248076308224,Normal
TRP10243,1,0.12315353069731677,Normal
TRP10244,1,0.09357170904713114,Normal
TRP10245,1,0.15155266774499715,Normal
TRP10246,1,0.16596808369617455,Normal
TRP10247,1,0.13667762713834558,Normal
TRP10248,1,0.16296263527155852,Normal
TRP10249,1,0.13750586332388043,Normal
TRP10250,1,0.17968219474167485,Normal
TRP10251,1,0.057555765321907204,Normal
TRP10252,1,0.06645959130614776,Normal
TRP10253,1,0.12519438801516009,Normal
TRP10254,-1,-0.04751838231906336,Anomaly
TRP10255,1,0.1649220430205795,Normal
TRP10256,1,0.1569962083641711,Normal
TRP10257,1,0.0789481137437752,Normal
TRP10258,1,0.0619419995375573,Normal
TRP10259,1,0.16498552852803777,Normal
TRP10260,1,0.07590837348519264,Normal
TRP10261,1,0.039996137026011125,Normal
TRP10262,1,0.05363697861386163,Normal
TRP10263,1,0.17226124454765634,Normal
TRP10264,1,0.06229189149808112,Normal
TRP10265,1,0.10183240387890691,Normal
TRP10266,1,0.09151117256663666,Normal
TRP10267,1,0.17628983642641355,Normal
TRP10268,1,0.014292818761726944,Normal
TRP10269,1,0.06686255637491878,Normal
TRP10270,1,0.18145154988203255,Normal
TRP10271,1,0.13253382400611347,Normal
TRP10272,1,0.17318818740825093,Normal
TRP10273,1,0.17270649021649614,Normal
TRP10274,1,0.17970814247521483,Normal
TRP10275,1,0.07624989906360896,Normal
TRP10276,1,0.1722737728472658,Normal
TRP10277,1,0.08543228648120094,Normal
TRP10278,1,0.11587215880508084,Normal
TRP10279,1,0.024324681033501827,Normal
TRP10280,1,0.17827380698238493,Normal
TRP10281,1,0.031041309331638067,Normal
TRP10282,1,0.1814643145801107,Normal
TRP10283,1,0.1707118637127037,Normal
TRP10284,1,0.1273703049739759,Normal
TRP10285,-1,-0.001963995462438528,Anomaly
TRP10286,1,0.13561734051270447,Normal
TRP10287,1,0.06121905514536918,Normal
TRP10288,1,0.16440556625005215,Normal
TRP10289,1,0.1795997331898449,Normal
TRP10290,1,0.044737123740430595,Normal
TRP10291,1,0.1286647649502486,Normal
TRP10292,1,0.1265113882531873,Normal
TRP10293,1,0.05398652182846886,Normal
TRP10294,1,0.17151752834896689,Normal
TRP10295,1,0.04794558853568198,Normal
TRP10296,1,0.14773509156000247,Normal
TRP10297,1,0.06876401991462888,Normal
TRP10298,1,0.023725728620436537,Normal
TRP10299,1,0.012049311289838216,Normal
TRP10300,1,0.10220662175185613,Normal
TRP10301,1,0.053751339064706416,Normal
TRP10302,1,0.13633673966110765,Normal
TRP10303,1,0.17339597756658337,Normal
TRP10304,1,0.17595744912244649,Normal
TRP10305,1,0.1355029028175742,Normal
TRP10306,1,0.13418381341654018,Normal
TRP10307,1,0.07011386813194065,Normal
TRP10308,1,0.1538679417151222,Normal
TRP10309,1,0.15963304930035332,Normal
TRP10310,1,0.16652180343468415,Normal
TRP10311,1,0.05123484742811624,Normal
TRP10312,1,0.18261369203741162,Normal
TRP10313,1,0.0545462050454848,Normal
TRP10314,1,0.18576402541006126,Normal
TRP10315,1,0.16163570198415161,Normal
TRP10316,1,0.17855026166102028,Normal
TRP10317,1,0.16147445864665527,Normal
TRP10318,1,0.08390720204951907,Normal
TRP10319,1,0.1391469819860044,Normal
TRP10320,1,0.07493783924070041,Normal
TRP10321,1,0.10909933493968449,Normal
TRP10322,1,0.11294731806026004,Normal
TRP10323,1,0.04276522191565335,Normal
TRP10324,1,0.162884981998012,Normal
TRP10325,1,0.10262794963017358,Normal
TRP10326,1,0.07929774657473276,Normal
TRP10327,-1,-0.07720710753404592,Anomaly
TRP10328,1,0.08713980153187645,Normal
TRP10329,1,0.1705680346120434,Normal
TRP10330,1,0.02856033190218965,Normal
TRP10331,1,0.07385527877371179,Normal
TRP10332,1,0.1812291674019214,Normal
TRP10333,1,0.115928562691332,Normal
TRP10334,1,0.0102182294107791,Normal
TRP10335,1,0.1035968718303123,Normal
TRP10336,1,0.11611253779380976,Normal
TRP10337,1,0.09738291151004258,Normal
TRP10338,1,0.055589721981722295,Normal
TRP10339,1,0.18261510373440537,Normal
TRP10340,-1,-0.04413906909693788,Anomaly
TRP10341,1,0.07158548711822121,Normal
TRP10342,1,0.009680987750699921,Normal
TRP10343,1,0.0785791634320187,Normal
TRP10344,1,0.11717255593891157,Normal
TRP10345,1,0.07360315723296917,Normal
TRP10346,1,0.16650932056893014,Normal
TRP10347,1,0.17990001958025154,Normal
TRP10348,1,0.08623370577514355,Normal
TRP10349,1,0.1300629666740482,Normal
TRP10350,1,0.1191725354453313,Normal
TRP10351,1,0.12880085201446495,Normal
TRP10352,1,0.01939486816792113,Normal
TRP10353,1,0.11409525006719806,Normal
TRP10354,1,0.10631569099491917,Normal
TRP10355,-1,-0.002207319489827886,Anomaly
TRP10356,1,0.0753698402855269,Normal
TRP10357,-1,-0.0013671032170954334,Anomaly
TRP10358,-1,-0.04968087104263619,Anomaly
TRP10359,1,0.05946844438207577,Normal
TRP10360,1,0.10268927691547147,Normal
TRP10361,1,0.09727393662245354,Normal
TRP10362,1,0.1271816338813178,Normal
TRP10363,1,0.16684313787893107,Normal
TRP10364,1,0.1225735961224888,Normal
TRP10365,1,0.18277378396147786,Normal
TRP10366,1,0.016544524070298716,Normal
TRP10367,1,0.012167005149396393,Normal
TRP10368,1,0.1050695395138701,Normal
TRP10369,1,0.12667057237958507,Normal
TRP10370,1,0.09178813488081827,Normal
TRP10371,1,0.08666199400600422,Normal
TRP10372,1,0.11144912520632766,Normal
TRP10373,1,0.150605856373568,Normal
TRP10374,1,0.028202512952347214,Normal
TRP10375,1,0.17750671750755265,Normal
TRP10376,1,0.15671965008679645,Normal
TRP10377,1,0.0763301082614462,Normal
TRP10378,1,0.11185930029718655,Normal
TRP10379,1,0.08960654005858948,Normal
TRP10380,1,0.0534535684910834,Normal
TRP10381,1,0.11953988131260834,Normal
TRP10382,1,0.01649380114180299,Normal
TRP10383,1,0.10774373560485606,Normal
TRP10384,1,0.11107140341246224,Normal
TRP10385,1,0.15369529728388515,Normal
TRP10386,1,0.12041386959833722,Normal
TRP10387,1,0.1590356645063279,Normal
TRP10388,1,0.17103103919434248,Normal
TRP10389,1,0.035887691425616985,Normal
TRP10390,1,0.13174375312502068,Normal
TRP10391,1,0.15705999732424453,Normal
TRP10392,1,0.04859380824306947,Normal
TRP10393,1,0.12913433548119962,Normal
TRP10394,1,0.10016047216605578,Normal
TRP10395,1,0.1505619932600789,Normal
TRP10396,1,0.15317438089884639,Normal
TRP10397,-1,-0.012244952741082948,Anomaly
TRP10398,1,0.08733782032031046,Normal
TRP10399,1,0.06855797782104456,Normal
TRP10400,1,0.17557663226232162,Normal
TRP10401,1,0.06972336497695408,Normal
TRP10402,1,0.07729694908856427,Normal
TRP10403,1,0.09747582279205053,Normal
TRP10404,1,0.06403522269760187,Normal
TRP10405,1,0.17513836596701882,Normal
TRP10406,1,0.1201845046186425,Normal
TRP10407,1,0.14545480917463954,Normal
TRP10408,1,0.007112012211526908,Normal
TRP10409,1,0.08260108153515883,Normal
TRP10410,1,0.17144925548602197,Normal
TRP10411,1,0.178304151371326,Normal
TRP10412,1,0.15790896136268623,Normal
TRP10413,1,0.04027316568823791,Normal
TRP10414,1,0.04553644877627949,Normal
TRP10415,1,0.09807307504346913,Normal
TRP10416,1,0.14062706352420107,Normal
TRP10417,1,0.08549596469724502,Normal
TRP10418,1,0.1261044624826257,Normal
TRP10419,1,0.11116849165052323,Normal
TRP10420,1,0.09420077531050625,Normal
TRP10421,1,0.07484639317016284,Normal
TRP10422,1,0.06020262806914056,Normal
TRP10423,1,0.07275395427177411,Normal
TRP10424,1,0.14315769362878,Normal
TRP10425,1,0.08626993968809182,Normal
TRP10426,1,0.08848605157430317,Normal
TRP10427,1,0.14310352335871568,Normal
TRP10428,1,0.024324681033501827,Normal
TRP10429,1,0.04290584235211492,Normal
TRP10430,1,0.05308831388563229,Normal
TRP10431,1,0.1821001044641769,Normal
TRP10432,1,0.021240133535145422,Normal
TRP10433,1,0.13265045856240343,Normal
TRP10434,1,0.10697509815429168,Normal
TRP10435,1,0.09727393662245354,Normal
TRP10436,1,0.0618146356913436,Normal
TRP10437,1,0.16639850399792344,Normal
TRP10438,1,0.06762040565409311,Normal
TRP10439,1,0.05069842006561365,Normal
TRP10440,1,0.021422375017768447,Normal
TRP10441,1,0.09562314665348531,Normal
TRP10442,1,0.09968392695437939,Normal
TRP10443,1,0.07777234399775262,Normal
TRP10444,1,0.13013874609519954,Normal
TRP10445,1,0.10424338651601367,Normal
TRP10446,-1,-0.008799471948645832,Anomaly
TRP10447,1,0.18679461719420137,Normal
TRP10448,1,0.13230432371212708,Normal
TRP10449,1,0.17318512249669926,Normal
TRP10450,1,0.14164152401211122,Normal
TRP10451,1,0.0720360831021819,Normal
TRP10452,1,0.12746917775532712,Normal
TRP10453,1,0.07866823952653107,Normal
TRP10454,1,0.007664330920203244,Normal
TRP10455,1,0.09872237664160294,Normal
TRP10456,1,0.10978684290863622,Normal
TRP10457,1,0.004506759142173911,Normal
TRP10458,1,0.0878500889595224,Normal
TRP10459,1,0.04598308154010289,Normal
TRP10460,1,0.15948600051298056,Normal
TRP10461,1,0.06534529913890141,Normal
TRP10462,1,0.052732596062851966,Normal
TRP10463,1,0.12863341483508883,Normal
TRP10464,1,0.06361139219287237,Normal
TRP10465,1,0.15533059029290414,Normal
TRP10466,1,0.17750648915705702,Normal
TRP10467,1,0.12391447347677731,Normal
TRP10468,1,0.1742617508097139,Normal
TRP10469,1,0.16294275972038863,Normal
TRP10470,-1,-0.046341236635376926,Anomaly
TRP10471,1,0.09047061509084708,Normal
TRP10472,1,0.09689578538153115,Normal
TRP10473,1,0.1449387657021306,Normal
TRP10474,1,0.05123484742811624,Normal
TRP10475,1,0.06477345163540926,Normal
TRP10476,1,0.17119968366798777,Normal
TRP10477,1,0.06544027520156648,Normal
TRP10478,1,0.17533084495023588,Normal
TRP10479,-1,-0.005705407914690097,Anomaly
TRP10480,1,0.17383238711726118,Normal
TRP10481,1,0.12587825973852912,Normal
TRP10482,1,0.1732862956502137,Normal
TRP10483,1,0.1512978848583661,Normal
TRP10484,1,0.053836292559989896,Normal
TRP10485,1,0.1315110529569392,Normal
TRP10486,1,0.17115441151631827,Normal
TRP10487,1,0.17118881589382656,Normal
TRP10488,1,0.17736131118106885,Normal
TRP10489,1,0.09888731912189275,Normal
TRP10490,1,0.17251236770913708,Normal
TRP10491,1,0.1015060338715092,Normal
TRP10492,1,0.1798820746911881,Normal
TRP10493,1,0.008574912492615105,Normal
TRP10494,1,0.17500749058488768,Normal
TRP10495,1,0.08068762043784805,Normal
TRP10496,1,0.05311033307695889,Normal
TRP10497,1,0.057555765321907204,Normal
TRP10498,1,0.17302984328208698,Normal
TRP10499,1,0.04877897042691892,Normal
TRP10500,-1,-0.0020661249089961586,Anomaly
TRP10501,1,0.09689578538153115,Normal
TRP10502,1,0.08661450810972832,Normal
TRP10503,1,0.16780095949714352,Normal
TRP10504,1,0.069346876777436,Normal
TRP10505,1,0.07624989906360896,Normal
TRP10506,1,0.16392301690401845,Normal
TRP10507,1,0.014640445093503485,Normal
TRP10508,1,0.18312317846043302,Normal
TRP10509,1,0.11326253056117219,Normal
TRP10510,1,0.13907929034754773,Normal
TRP10511,1,0.1372819742438055,Normal
TRP10512,1,0.112128902588151,Normal
TRP10513,1,0.05828765665297364,Normal
TRP10514,1,0.08967475615826698,Normal
TRP10515,1,0.13624313240424196,Normal
TRP10516,1,0.1819597084277585,Normal
TRP10517,1,0.15744810400197323,Normal
TRP10518,1,0.08375891527086488,Normal
TRP10519,1,0.1229259988337521,Normal
TRP10520,1,0.13744993530869892,Normal
TRP10521,1,0.13406194955516249,Normal
TRP10522,1,0.1420732610801455,Normal
TRP10523,1,0.09011087234853804,Normal
TRP10524,1,0.08602720397336444,Normal
TRP10525,1,0.14511165714125684,Normal
TRP10526,1,0.10315930059119566,Normal
TRP10527,1,0.051321353305291195,Normal
TRP10528,1,0.11580592341609358,Normal
TRP10529,1,0.15539303695189627,Normal
TRP10530,1,0.06657297883787638,Normal
TRP10531,1,0.10578535307408526,Normal
TRP10532,1,0.061987032911446915,Normal
TRP10533,1,0.1512739766090519,Normal
TRP10534,1,0.1737709348133063,Normal
TRP10535,1,0.16604967584803793,Normal
TRP10536,1,0.17544902418992997,Normal
TRP10537,1,0.06334226780799534,Normal
TRP10538,1,0.09363473995843369,Normal
TRP10539,1,0.14215647334848275,Normal
TRP10540,1,0.053880314030051446,Normal
TRP10541,1,0.10687290764390084,Normal
TRP10542,1,0.14095417325662607,Normal
TRP10543,1,0.0077775357772913445,Normal
TRP10544,1,0.044749621863375055,Normal
TRP10545,1,0.09068722682541053,Normal
TRP10546,1,0.06509215260708967,Normal
TRP10547,1,0.1681116917113865,Normal
TRP10548,1,0.10539991137558452,Normal
TRP10549,1,0.08510208178062223,Normal
TRP10550,1,0.08924712739023605,Normal
TRP10551,1,0.09319834523241471,Normal
TRP10552,1,0.17629177174526361,Normal
TRP10553,1,0.13171716279245088,Normal
TRP10554,1,0.06710726980915316,Normal
TRP10555,1,0.0970648708996501,Normal
TRP10556,1,0.0924567597759881,Normal
TRP10557,1,0.1751808634925191,Normal
TRP10558,1,0.11276094003608289,Normal
TRP10559,1,0.15921183258871363,Normal
TRP10560,1,0.1769441669146971,Normal
TRP10561,1,0.09532420504535982,Normal
TRP10562,1,0.06686255637491878,Normal
TRP10563,1,0.012661057524782193,Normal
TRP10564,1,0.1388099422774033,Normal
TRP10565,1,0.10143704405388682,Normal
TRP10566,1,0.1723291722481985,Normal
TRP10567,1,0.0077775357772913445,Normal
TRP10568,1,0.129938050768033,Normal
TRP10569,1,0.17544909272766546,Normal
TRP10570,1,0.09749453441474343,Normal
TRP10571,1,0.01649380114180299,Normal
TRP10572,1,0.025498635428415906,Normal
TRP10573,-1,-0.02849001524807382,Anomaly
TRP10574,1,0.17354479475604823,Normal
TRP10575,1,0.18143389045058583,Normal
TRP10576,1,0.12609038975260767,Normal
TRP10577,1,0.014292818761726944,Normal
TRP10578,1,0.0838718943939718,Normal
TRP10579,1,0.1449155712926899,Normal
TRP10580,1,0.17826036927929562,Normal
TRP10581,1,0.17741584970743401,Normal
TRP10582,1,0.07069231960155553,Normal
TRP10583,1,0.15869377110350635,Normal
TRP10584,1,0.06711765008888304,Normal
TRP10585,1,0.17862370213179868,Normal
TRP10586,1,0.05055004144843667,Normal
TRP10587,1,0.042220302242964136,Normal
TRP10588,1,0.08456130889655478,Normal
TRP10589,1,0.13161901741065485,Normal
TRP10590,1,0.17336083852811007,Normal
TRP10591,1,0.14204133810587766,Normal
TRP10592,1,0.18139550404736282,Normal
TRP10593,1,0.1829732659654716,Normal
TRP10594,1,0.05640152188579395,Normal
TRP10595,1,0.17216426242741362,Normal
TRP10596,1,0.10048628232021778,Normal
TRP10597,1,0.09451101083074309,Normal
TRP10598,1,0.1700169425899511,Normal
TRP10599,1,0.1323025432211975,Normal
TRP10600,1,0.17808538480447744,Normal
TRP10601,1,0.18313246624043078,Normal
TRP10602,1,0.10196336481614537,Normal
TRP10603,1,0.05378981601223609,Normal
TRP10604,1,0.08892226940947229,Normal
TRP10605,1,0.1635537162444372,Normal
TRP10606,1,0.17094258583367627,Normal
TRP10607,1,0.16948296885893732,Normal
TRP10608,-1,-0.0009773147997165221,Anomaly
TRP10609,1,0.05561499369205669,Normal
TRP10610,1,0.09564291126342012,Normal
TRP10611,1,0.13711724196063357,Normal
TRP10612,1,0.15858228370899458,Normal
TRP10613,1,0.1616243179917538,Normal
TRP10614,1,0.08732795123669596,Normal
TRP10615,1,0.057798644191460746,Normal
TRP10616,1,0.14323043139858,Normal
TRP10617,1,0.006459006312554916,Normal
TRP10618,1,0.11435203295760732,Normal
TRP10619,1,0.16524236455162805,Normal
TRP10620,1,0.13787989353491564,Normal
TRP10621,-1,-0.03237345779125911,Anomaly
TRP10622,1,0.14902792041259177,Normal
TRP10623,1,0.1360034919404755,Normal
TRP10624,1,0.1360811432499432,Normal
TRP10625,1,0.10239156664097582,Normal
TRP10626,1,0.15884544784156646,Normal
TRP10627,1,0.13609789160062252,Normal
TRP10628,1,0.08530905773161385,Normal
TRP10629,1,0.05829871344568682,Normal
TRP10630,1,0.09727393662245354,Normal
TRP10631,1,0.07602889237077781,Normal
TRP10632,1,0.15419558961434987,Normal
TRP10633,1,0.06874069977918407,Normal
TRP10634,1,0.14849875359644765,Normal
TRP10635,1,0.14923307073579567,Normal
TRP10636,1,0.1347537683060242,Normal
TRP10637,1,0.09384715267117955,Normal
TRP10638,1,0.1020303527586296,Normal
TRP10639,1,0.17946450527301866,Normal
TRP10640,1,0.0753698402855269,Normal
TRP10641,1,0.16603383760734253,Normal
TRP10642,1,0.05630133235291923,Normal
TRP10643,1,0.16241432759326047,Normal
TRP10644,1,0.08818997146804286,Normal
TRP10645,1,0.17446141809522098,Normal
TRP10646,1,0.1818863067818257,Normal
TRP10647,1,0.17955509964147426,Normal
TRP10648,1,0.09232574759211554,Normal
TRP10649,1,0.08390720204951907,Normal
TRP10650,1,0.059363707691016177,Normal
TRP10651,1,0.07281581815301819,Normal
TRP10652,1,0.1446329341352779,Normal
TRP10653,1,0.17427466772701983,Normal
TRP10654,1,0.06198627520518396,Normal
TRP10655,1,0.16564523909655277,Normal
TRP10656,1,0.10966720683010994,Normal
TRP10657,-1,-0.02167530139512064,Anomaly
TRP10658,1,0.16283914268178246,Normal
TRP10659,1,0.1792123116342112,Normal
TRP10660,1,0.1410407995738528,Normal
TRP10661,1,0.15274616232123162,Normal
TRP10662,1,0.17657299884379202,Normal
TRP10663,1,0.07337070120415312,Normal
TRP10664,1,0.10743489417038632,Normal
TRP10665,1,0.163102491872746,Normal
TRP10666,1,0.09258610681578539,Normal
TRP10667,1,0.1557727735196759,Normal
TRP10668,1,0.09479857522493279,Normal
TRP10669,1,0.15021136761860238,Normal
TRP10670,1,0.10737260512454405,Normal
TRP10671,1,0.1820637616909272,Normal
TRP10672,1,0.037219628411456984,Normal
TRP10673,1,0.08480343171752386,Normal
TRP10674,1,0.06668409049650381,Normal
TRP10675,1,0.08811211689286735,Normal
TRP10676,1,0.09996718717078368,Normal
TRP10677,1,0.17435348060994088,Normal
TRP10678,1,0.03713375846018441,Normal
TRP10679,1,0.04534046543089554,Normal
TRP10680,1,0.11638704420412738,Normal
TRP10681,1,0.09877646293248088,Normal
TRP10682,1,0.08825450660868861,Normal
TRP10683,-1,-0.05284039359078996,Anomaly
TRP10684,1,0.07954616460419339,Normal
TRP10685,1,0.07453869232750643,Normal
TRP10686,1,0.051063147049621005,Normal
TRP10687,1,0.18559173922824596,Normal
TRP10688,1,0.11464080126615162,Normal
TRP10689,1,0.016498981908863675,Normal
TRP10690,1,0.14006871318600878,Normal
TRP10691,1,0.0031815849128024043,Normal
TRP10692,-1,-0.014351184365619551,Anomaly
TRP10693,1,0.1736314956751034,Normal
TRP10694,1,0.1725391074403046,Normal
TRP10695,1,0.18321816891346704,Normal
TRP10696,1,0.05596060803994907,Normal
TRP10697,1,0.08923751252741685,Normal
TRP10698,1,0.09426339305745712,Normal
TRP10699,1,0.13122232185148053,Normal
TRP10700,1,0.05946844438207577,Normal
TRP10701,1,0.1545373785935391,Normal
TRP10702,1,0.10524636853604358,Normal
TRP10703,1,0.10000475420827531,Normal
TRP10704,1,0.06824609390494396,Normal
TRP10705,1,0.09686004545254162,Normal
TRP10706,1,0.12982585681533565,Normal
TRP10707,1,0.0979852457497532,Normal
TRP10708,1,0.050267168217606906,Normal
TRP10709,1,0.0789481137437752,Normal
TRP10710,1,0.02974135216029372,Normal
TRP10711,1,0.1279453358295627,Normal
TRP10712,1,0.1490663272788717,Normal
TRP10713,1,0.05234216238031808,Normal
TRP10714,1,0.07290128577685351,Normal
TRP10715,1,0.180716778395342,Normal
TRP10716,1,0.11904540122198731,Normal
TRP10717,1,0.056389677536929694,Normal
TRP10718,1,0.006109505898565848,Normal
TRP10719,1,0.0435383566067975,Normal
TRP10720,1,0.04274689403932652,Normal
TRP10721,1,0.172472984519476,Normal
TRP10722,1,0.12882438122923062,Normal
TRP10723,1,0.11438729272342385,Normal
TRP10724,1,0.10062559504481933,Normal
TRP10725,1,0.054435956544891084,Normal
TRP10726,1,0.15762053524694475,Normal
TRP10727,1,0.10088448499433694,Normal
TRP10728,1,0.10958246522178788,Normal
TRP10729,1,0.0031815849128024043,Normal
TRP10730,1,0.17348008942972093,Normal
TRP10731,1,0.07375183430880461,Normal
TRP10732,1,0.0386987754209871,Normal
TRP10733,1,0.18106538924284005,Normal
TRP10734,1,0.17209147871296987,Normal
TRP10735,1,0.16689304315975895,Normal
TRP10736,1,0.1020484081116822,Normal
TRP10737,1,0.16211342290198894,Normal
TRP10738,1,0.08127106428793057,Normal
TRP10739,1,0.01412739112423933,Normal
TRP10740,1,0.13857102637435054,Normal
TRP10741,1,0.16833590973655704,Normal
TRP10742,1,0.10438987805365324,Normal
TRP10743,1,0.06174072799448094,Normal
TRP10744,1,0.08825450660868861,Normal
TRP10745,1,0.07818337849753382,Normal
TRP10746,1,0.1059465176431792,Normal
TRP10747,1,0.051321353305291195,Normal
TRP10748,-1,-0.027279291342724332,Anomaly
TRP10749,1,0.08330568918108938,Normal
TRP10750,1,0.09689578538153115,Normal
TRP10751,1,0.15498489829502754,Normal
TRP10752,1,0.09422423387223,Normal
TRP10753,1,0.17336071263532893,Normal
TRP10754,1,0.16716069760760205,Normal
TRP10755,1,0.03573238087030628,Normal
TRP10756,1,0.15467692872197353,Normal
TRP10757,1,0.008292788062365775,Normal
TRP10758,1,0.098848405044548,Normal
TRP10759,1,0.17542851457782227,Normal
TRP10760,1,0.05442445440288246,Normal
TRP10761,1,0.05123484742811624,Normal
TRP10762,1,0.15202561183296748,Normal
TRP10763,1,0.08335291612212725,Normal
TRP10764,1,0.14997741322529973,Normal
TRP10765,1,0.18288425677626596,Normal
TRP10766,1,0.12876460349228436,Normal
TRP10767,1,0.1559049854566702,Normal
TRP10768,1,0.15246031892206074,Normal
TRP10769,1,0.12567695606474794,Normal
TRP10770,1,0.05206581446915315,Normal
TRP10771,1,0.12394811449418308,Normal
TRP10772,1,0.0755115246335023,Normal
TRP10773,1,0.16517148047890373,Normal
TRP10774,1,0.07150439809067366,Normal
TRP10775,1,0.1349587513642554,Normal
TRP10776,1,0.07235828136352784,Normal
TRP10777,1,0.17085644321284427,Normal
TRP10778,1,0.18388559927012732,Normal
TRP10779,1,0.0621628025831793,Normal
TRP10780,1,0.1691412877713675,Normal
TRP10781,-1,-0.06663492100798285,Anomaly
TRP10782,1,0.0340556599791223,Normal
TRP10783,1,0.15866856557618275,Normal
TRP10784,1,0.00040082091055770874,Normal
TRP10785,1,0.11329715274205165,Normal
TRP10786,1,0.022687015185664183,Normal
TRP10787,1,0.1534088238605391,Normal
TRP10788,1,0.1517750000499246,Normal
TRP10789,1,0.17414728906995358,Normal
TRP10790,1,0.046029206105725806,Normal
TRP10791,1,0.16276313263797765,Normal
TRP10792,1,0.052774960451000275,Normal
TRP10793,1,0.07828169270812213,Normal
TRP10794,1,0.06668409049650381,Normal
TRP10795,1,0.06097715174731522,Normal
TRP10796,1,0.17886387738754667,Normal
TRP10797,1,0.11030398684576065,Normal
TRP10798,1,0.1712254477036101,Normal
TRP10799,1,0.10262794963017358,Normal
TRP10800,1,0.11785739083756908,Normal
TRP10801,1,0.09670761019618468,Normal
TRP10802,1,0.13362592643057392,Normal
TRP10803,1,0.15128812770767497,Normal
TRP10804,1,0.13518946622239586,Normal
TRP10805,1,0.1655267962082676,Normal
TRP10806,1,0.12066411783603204,Normal
TRP10807,1,0.0494576373404817,Normal
TRP10808,1,0.16633104194065773,Normal
TRP10809,-1,-0.0059280819820085595,Anomaly
TRP10810,-1,-0.010022037014733365,Anomaly
TRP10811,1,0.1561107804208675,Normal
TRP10812,1,0.09733847532876388,Normal
TRP10813,1,0.0725532239652803,Normal
TRP10814,1,0.09727393662245354,Normal
TRP10815,1,0.16998734043185593,Normal
TRP10816,1,0.06704338543652943,Normal
TRP10817,1,0.1766128757538774,Normal
TRP10818,1,0.17322027500922998,Normal
TRP10819,1,0.17832979215566241,Normal
TRP10820,1,0.06943158103483449,Normal
TRP10821,1,0.09369624200784255,Normal
TRP10822,1,0.16379003970651002,Normal
TRP10823,1,0.006959203753287735,Normal
TRP10824,1,0.11361959248887105,Normal
TRP10825,1,0.18299301409319213,Normal
TRP10826,1,0.09011087234853804,Normal
TRP10827,1,0.06311107100276003,Normal
TRP10828,1,0.17567491775615096,Normal
TRP10829,1,0.09312119630879517,Normal
TRP10830,1,0.15109813467989164,Normal
TRP10831,1,0.15092184449953988,Normal
TRP10832,1,0.13466068090168076,Normal
TRP10833,1,0.06668409049650381,Normal
TRP10834,1,0.0760959456890481,Normal
TRP10835,-1,-0.04019380032194009,Anomaly
TRP10836,1,0.04125194594778647,Normal
TRP10837,1,0.12098312137265527,Normal
TRP10838,1,0.1671486752562923,Normal
TRP10839,1,0.05044472138641132,Normal
TRP10840,1,0.16859598560227868,Normal
TRP10841,1,0.11520687765799464,Normal
TRP10842,1,0.04834807833189325,Normal
TRP10843,-1,-0.07499483082029756,Anomaly
TRP10844,1,0.06495635275940248,Normal
TRP10845,1,0.1287648722017823,Normal
TRP10846,1,0.0996570915396478,Normal
TRP10847,1,0.10788033338369524,Normal
TRP10848,1,0.0386987754209871,Normal
TRP10849,1,0.1659278538780632,Normal
TRP10850,1,0.07766024114727099,Normal
TRP10851,1,0.15635944879955643,Normal
TRP10852,1,0.13649004400893994,Normal
TRP10853,1,0.17703190716098688,Normal
TRP10854,1,0.11438561690545118,Normal
TRP10855,1,0.11338790077558636,Normal
TRP10856,1,0.11269370271529555,Normal
TRP10857,1,0.16445806737106683,Normal
TRP10858,1,0.17445490130867852,Normal
TRP10859,1,0.09901335328559113,Normal
TRP10860,1,0.14307996322989286,Normal
TRP10861,1,0.10136555242494982,Normal
TRP10862,1,0.14011877599088035,Normal
TRP10863,1,0.04783089066634583,Normal
TRP10864,1,0.10139141739342067,Normal
TRP10865,1,0.039698354147518766,Normal
TRP10866,1,0.17931170038354255,Normal
TRP10867,1,0.1782178447642852,Normal
TRP10868,1,0.17516659784339628,Normal
TRP10869,1,0.1528934439062944,Normal
TRP10870,1,0.1389896654040867,Normal
TRP10871,1,0.14553781879702116,Normal
TRP10872,1,0.07890822853988622,Normal
TRP10873,1,0.11619610173343137,Normal
TRP10874,1,0.1613767302323193,Normal
TRP10875,1,0.0903903156636589,Normal
TRP10876,1,0.12754528338997667,Normal
TRP10877,1,0.13868530190545142,Normal
TRP10878,1,0.1507259583387417,Normal
TRP10879,1,0.06757204792241256,Normal
TRP10880,1,0.05992603602721491,Normal
TRP10881,1,0.038219478490799874,Normal
TRP10882,1,0.12137380947764626,Normal
TRP10883,1,0.10240917675437983,Normal
TRP10884,1,0.1643975472204912,Normal
TRP10885,1,0.16024920537959486,Normal
TRP10886,1,0.17605819260252042,Normal
TRP10887,-1,-0.014989078971488934,Anomaly
TRP10888,1,0.0182095224243638,Normal
TRP10889,1,0.12286243053792328,Normal
TRP10890,1,0.042060530446037525,Normal
TRP10891,1,0.07147656227131083,Normal
TRP10892,1,0.1805829190024315,Normal
TRP10893,1,0.09151117256663666,Normal
TRP10894,1,0.14756154160325158,Normal
TRP10895,1,0.1453012265135547,Normal
TRP10896,1,0.17431141426636354,Normal
TRP10897,1,0.14486572868036635,Normal
TRP10898,1,0.12571827483583026,Normal
TRP10899,1,0.1456075848160857,Normal
TRP10900,1,0.17053887486923858,Normal
TRP10901,1,0.04549071915152836,Normal
TRP10902,1,0.17912399040709764,Normal
TRP10903,1,0.14252487379365175,Normal
TRP10904,1,0.17879010824221908,Normal
TRP10905,1,0.10429914520196465,Normal
TRP10906,1,0.06085022820682673,Normal
TRP10907,1,0.17633423680913946,Normal
TRP10908,1,0.18390752096147917,Normal
TRP10909,1,0.07373648289067525,Normal
TRP10910,-1,-0.039731222470853256,Anomaly
TRP10911,-1,-0.07209795842946709,Anomaly
TRP10912,1,0.09889138200343178,Normal
TRP10913,1,0.01336690559455933,Normal
TRP10914,1,0.115118541945253,Normal
TRP10915,1,0.06775596462017675,Normal
TRP10916,1,0.17662657657624403,Normal
TRP10917,1,0.08221743161272516,Normal
TRP10918,1,0.16748440241756912,Normal
TRP10919,1,0.1262426940199512,Normal
TRP10920,1,0.04233757186462006,Normal
TRP10921,1,0.15695158853634023,Normal
TRP10922,1,0.15871340625470187,Normal
TRP10923,1,0.09337411567476589,Normal
TRP10924,1,0.1654842228537361,Normal
TRP10925,-1,-0.036549815687875076,Anomaly
TRP10926,1,0.0731111132218798,Normal
TRP10927,1,0.16091156933565853,Normal
TRP10928,1,0.15744880398574806,Normal
TRP10929,1,0.1283310297447126,Normal
TRP10930,1,0.14618484142326293,Normal
TRP10931,1,0.16993698673635815,Normal
TRP10932,1,0.14316461836915007,Normal
TRP10933,1,0.14509303568675336,Normal
TRP10934,1,0.14990846967048932,Normal
TRP10935,1,0.004461480878763524,Normal
TRP10936,1,0.1389642905293797,Normal
TRP10937,1,0.010966828410991947,Normal
TRP10938,1,0.15172969203151732,Normal
TRP10939,1,0.09232574759211554,Normal
TRP10940,1,0.17985588869960456,Normal
TRP10941,1,0.08261598378112628,Normal
TRP10942,1,0.051321353305291195,Normal
TRP10943,1,0.17008328134742412,Normal
TRP10944,1,0.12603911055682204,Normal
TRP10945,1,0.04877897042691892,Normal
TRP10946,1,0.0591385421515227,Normal
TRP10947,1,0.1628460887091906,Normal
TRP10948,1,0.06943702356340609,Normal
TRP10949,1,0.18025247688165957,Normal
TRP10950,1,0.1571932524276362,Normal
TRP10951,1,0.05615107319435375,Normal
TRP10952,1,0.07105854692227342,Normal
TRP10953,1,0.16936570582539195,Normal
TRP10954,1,0.10761705516823361,Normal
TRP10955,1,0.03965524535371112,Normal
TRP10956,1,0.10786152220650802,Normal
TRP10957,1,0.18375240774460744,Normal
TRP10958,1,0.06658581125403029,Normal
TRP10959,1,0.1526982875263041,Normal
TRP10960,1,0.11519406727001369,Normal
TRP10961,1,0.16407705035137687,Normal
TRP10962,1,0.008573352201250328,Normal
TRP10963,1,0.15666254153481002,Normal
TRP10964,1,0.09789096872970182,Normal
TRP10965,1,0.07549384235120415,Normal
TRP10966,1,0.058519913426507864,Normal
TRP10967,1,0.07397619722313276,Normal
TRP10968,1,0.08130632344742905,Normal
TRP10969,1,0.1358434077045918,Normal
TRP10970,1,0.15874881079689768,Normal
TRP10971,1,0.07558888092571175,Normal
TRP10972,1,0.07182203790063346,Normal
TRP10973,1,0.07952143909742487,Normal
TRP10974,1,0.14703727750954715,Normal
TRP10975,1,0.18513352583604276,Normal
TRP10976,1,0.07956691906184521,Normal
TRP10977,1,0.09577157476380477,Normal
TRP10978,1,0.06092093013788469,Normal
TRP10979,1,0.04270101632807599,Normal
TRP10980,1,0.12165947995429671,Normal
TRP10981,1,0.10212668378731177,Normal
TRP10982,1,0.09169518039795749,Normal
TRP10983,1,0.11445658872294295,Normal
TRP10984,1,0.15909558823996234,Normal
TRP10985,1,0.002600011323283913,Normal
TRP10986,1,0.101769325377014,Normal
TRP10987,1,0.17485201008974166,Normal
TRP10988,1,0.14409221909461445,Normal
TRP10989,1,0.14236579612843459,Normal
TRP10990,1,0.11520505296150307,Normal
TRP10991,-1,-0.028999437499963143,Anomaly
TRP10992,1,0.17870949875092496,Normal
TRP10993,1,0.14740097801301327,Normal
TRP10994,1,0.17538406152185132,Normal
TRP10995,1,0.14568149474479175,Normal
TRP10996,1,0.05123484742811624,Normal
TRP10997,1,0.11464464145681941,Normal
TRP10998,1,0.13070542503392157,Normal
TRP10999,1,0.1671615785220099,Normal
TRP11000,1,0.10262794963017358,Normal
TRP11001,1,0.12453002129092627,Normal
TRP11002,-1,-0.05166459250580757,Anomaly
TRP11003,1,0.07397619722313276,Normal
TRP11004,1,0.11947662578769908,Normal
TRP11005,1,0.17904596360486624,Normal
TRP11006,1,0.05082840211292072,Normal
TRP11007,1,0.04918576597465696,Normal
TRP11008,1,0.17407124311305577,Normal
TRP11009,1,0.17791795759986534,Normal
TRP11010,1,0.15521206920706132,Normal
TRP11011,1,0.08977092788756685,Normal
TRP11012,1,0.14998936758529113,Normal
TRP11013,1,0.13531607001174223,Normal
TRP11014,1,0.1650186068047706,Normal
TRP11015,1,0.05664489099658099,Normal
TRP11016,1,0.18322506741538686,Normal
TRP11017,1,0.11652838648086855,Normal
TRP11018,1,0.09050583659274353,Normal
TRP11019,1,0.07461053825292374,Normal
TRP11020,1,0.16720034309041087,Normal
TRP11021,1,0.05132464496572953,Normal
TRP11022,1,0.06824609390494396,Normal
TRP11023,1,0.05449592019425065,Normal
TRP11024,1,0.08825450660868861,Normal
TRP11025,1,0.09443163132311633,Normal
TRP11026,1,0.10379079399880575,Normal
TRP11027,1,0.019353184206743257,Normal
TRP11028,-1,-0.055795368288221514,Anomaly
TRP11029,1,0.12192202062696356,Normal
TRP11030,1,0.16744835212164716,Normal
TRP11031,1,0.10438169378533196,Normal
TRP11032,1,0.14773589915320617,Normal
TRP11033,1,0.16595702710847432,Normal
TRP11034,1,0.14008442390963777,Normal
TRP11035,1,0.08064673498053787,Normal
TRP11036,1,0.1396401031531294,Normal
TRP11037,1,0.044737123740430595,Normal
TRP11038,1,0.15576363639117435,Normal
TRP11039,1,0.11660798832649949,Normal
TRP11040,1,0.16380982545697964,Normal
TRP11041,1,0.1273625358948699,Normal
TRP11042,1,0.07466305151886676,Normal
TRP11043,1,0.15287371696162044,Normal
TRP11044,1,0.0739197916648926,Normal
TRP11045,1,0.16638955411626394,Normal
TRP11046,1,0.14904172896088674,Normal
TRP11047,1,0.1631172844261466,Normal
TRP11048,1,0.14573100015894686,Normal
TRP11049,1,0.10370693334961062,Normal
TRP11050,1,0.1404395832318467,Normal
TRP11051,1,0.07556199721891821,Normal
TRP11052,1,0.1622178853087306,Normal
TRP11053,1,0.1516954138043331,Normal
TRP11054,1,0.0599787840969781,Normal
TRP11055,1,0.07301116803095653,Normal
TRP11056,1,0.07630369077533783,Normal
TRP11057,1,0.131346388933462,Normal
TRP11058,1,0.14267847787758925,Normal
TRP11059,1,0.13197996583213828,Normal
TRP11060,1,0.05123484742811624,Normal
TRP11061,1,0.17840548254176758,Normal
TRP11062,1,0.12719421064497294,Normal
TRP11063,1,0.10790216622409138,Normal
TRP11064,1,0.06770194705195332,Normal
TRP11065,1,0.1000015800087174,Normal
TRP11066,1,0.10841601429131204,Normal
TRP11067,-1,-0.018584149834089625,Anomaly
TRP11068,1,0.10080534511068556,Normal
TRP11069,1,0.08282951697100083,Normal
TRP11070,1,0.10262794963017358,Normal
TRP11071,-1,-0.02629678199348251,Anomaly
TRP11072,1,0.12507042361190823,Normal
TRP11073,-1,-0.0032258827402462664,Anomaly
TRP11074,1,0.12510157285269458,Normal
TRP11075,1,0.013466262160329978,Normal
TRP11076,1,0.17131044769798043,Normal
TRP11077,1,0.10516910198378593,Normal
TRP11078,1,0.09633915882176564,Normal
TRP11079,1,0.12887118526926805,Normal
TRP11080,-1,-0.014989078971488934,Anomaly
TRP11081,1,0.06777702691668774,Normal
TRP11082,1,0.023831341217790514,Normal
TRP11083,1,0.04037671531198339,Normal
TRP11084,1,0.06393040075775769,Normal
TRP11085,1,0.09913112891622611,Normal
TRP11086,1,0.1741930315760049,Normal
TRP11087,1,0.15480984693204763,Normal
TRP11088,1,0.050580691686462065,Normal
TRP11089,1,0.18358919646342986,Normal
TRP11090,1,0.09479998669273443,Normal
TRP11091,1,0.17968214938077226,Normal
TRP11092,1,0.1425092227093825,Normal
TRP11093,1,0.09727393662245354,Normal
TRP11094,1,0.10282658302969871,Normal
TRP11095,1,0.055360944382887634,Normal
TRP11096,1,0.16736897693749886,Normal
TRP11097,1,0.1310900041184475,Normal
TRP11098,1,0.1307453841559983,Normal
TRP11099,1,0.06746820897666572,Normal
TRP11100,1,0.06021581239579077,Normal
TRP11101,-1,-0.010391314915228711,Anomaly
TRP11102,1,0.1524095450208689,Normal
TRP11103,1,0.16816924718563708,Normal
TRP11104,1,0.08620385004479914,Normal
TRP11105,1,0.1191725354453313,Normal
TRP11106,1,0.08480343171752386,Normal
TRP11107,1,0.08390720204951907,Normal
TRP11108,1,0.17424822695367148,Normal
TRP11109,1,0.1757634452595015,Normal
TRP11110,1,0.1500048766809826,Normal
TRP11111,1,0.034091992600878696,Normal
TRP11112,1,0.15413513794982797,Normal
TRP11113,1,0.039661869902745894,Normal
TRP11114,1,0.052265210853924104,Normal
TRP11115,1,0.03274587629544368,Normal
TRP11116,1,0.06470646455382811,Normal
TRP11117,1,0.16773126281922468,Normal
TRP11118,1,0.12254461000777356,Normal
TRP11119,1,0.14998438334610142,Normal
TRP11120,1,0.10183240387890691,Normal
TRP11121,1,0.10168450036359389,Normal
TRP11122,1,0.11905746080786789,Normal
TRP11123,1,0.11861521897588656,Normal
TRP11124,1,0.1775108629355972,Normal
TRP11125,1,0.10314991105536098,Normal
TRP11126,1,0.17539701452966,Normal
TRP11127,1,0.1520734793363423,Normal
TRP11128,1,0.1643868441330405,Normal
TRP11129,1,0.1049840332631028,Normal
TRP11130,1,0.13344910151416162,Normal
TRP11131,1,0.17380435130212102,Normal
TRP11132,1,0.17103814161162906,Normal
TRP11133,1,0.0801815198086942,Normal
TRP11134,1,0.13382922882387094,Normal
TRP11135,1,0.04719252237882754,Normal
TRP11136,1,0.07218014565434194,Normal
TRP11137,1,0.09799674790604229,Normal
TRP11138,1,0.1713390705707935,Normal
TRP11139,1,0.15945373638927046,Normal
TRP11140,1,0.16017818676578394,Normal
TRP11141,1,0.061672030097884245,Normal
TRP11142,1,0.14718475005570442,Normal
TRP11143,1,0.01368875813961079,Normal
TRP11144,1,0.18543723002194162,Normal
TRP11145,1,0.0686651525730062,Normal
TRP11146,1,0.09139691282552481,Normal
TRP11147,1,0.0753698402855269,Normal
TRP11148,1,0.05479187009803732,Normal
TRP11149,1,0.09291511889203674,Normal
TRP11150,1,0.07500418127259323,Normal
TRP11151,1,0.18008925465926107,Normal
TRP11152,1,0.17526059345711875,Normal
TRP11153,1,0.17550671122402084,Normal
TRP11154,1,0.07267131560430728,Normal
TRP11155,1,0.14973948530201048,Normal
TRP11156,-1,-0.010427400729104641,Anomaly
TRP11157,1,0.1536446087697112,Normal
TRP11158,1,0.16754053277107717,Normal
TRP11159,1,0.17048832660862662,Normal
TRP11160,1,0.08128083338418551,Normal
TRP11161,-1,-0.024072356103259973,Anomaly
TRP11162,1,0.17480937400275165,Normal
TRP11163,1,0.15761080234768127,Normal
TRP11164,1,0.017483762128302383,Normal
TRP11165,1,0.07009483104407643,Normal
TRP11166,1,0.15513847865192965,Normal
TRP11167,1,0.055670140470573504,Normal
TRP11168,1,0.05123484742811624,Normal
TRP11169,1,0.07147301896304425,Normal
TRP11170,1,0.18364327579369938,Normal
TRP11171,1,0.151460618833618,Normal
TRP11172,1,0.13389377566762345,Normal
TRP11173,1,0.15632085210539826,Normal
TRP11174,1,0.08735202178323953,Normal
TRP11175,1,0.14618430783873831,Normal
TRP11176,1,0.09543150556736918,Normal
TRP11177,1,0.09739257854941763,Normal
TRP11178,1,0.05946844438207577,Normal
TRP11179,1,0.04664096171531318,Normal
TRP11180,1,0.12509524456732196,Normal
TRP11181,-1,-0.020930926662222182,Anomaly
TRP11182,1,0.10817589184245086,Normal
TRP11183,1,0.03986020991687911,Normal
TRP11184,1,0.17643791227645583,Normal
TRP11185,1,0.1540888076714908,Normal
TRP11186,1,0.06311107100276003,Normal
TRP11187,1,0.0763301082614462,Normal
TRP11188,1,0.11817783304313673,Normal
TRP11189,1,0.05775394182694482,Normal
TRP11190,1,0.18247540491131437,Normal
TRP11191,1,0.15180417981066857,Normal
TRP11192,1,0.05488880116113648,Normal
TRP11193,1,0.15357419544242001,Normal
TRP11194,1,0.08626407886886045,Normal
TRP11195,1,0.05311033307695889,Normal
TRP11196,1,0.13057203321882443,Normal
TRP11197,1,0.14806125480296473,Normal
TRP11198,1,0.17967753476458798,Normal
TRP11199,1,0.1796644633680038,Normal
TRP11200,1,0.05506765111832479,Normal
TRP11201,-1,-0.05789290641650091,Anomaly
TRP11202,1,0.11574104131423957,Normal
TRP11203,1,0.12352882561067352,Normal
TRP11204,1,0.1137880234806321,Normal
TRP11205,1,0.08935687801848058,Normal
TRP11206,1,0.004174160131075855,Normal
TRP11207,1,0.170430551688866,Normal
TRP11208,1,0.0757514088443314,Normal
TRP11209,1,0.03191903832212384,Normal
TRP11210,1,0.016275321409920496,Normal
TRP11211,1,0.06297425879628504,Normal
TRP11212,1,0.1175919711280834,Normal
TRP11213,1,0.12069268388982984,Normal
TRP11214,1,0.10016047216605578,Normal
TRP11215,1,0.07952143909742487,Normal
TRP11216,1,0.08480343171752386,Normal
TRP11217,1,0.17401040618467783,Normal
TRP11218,1,0.0838718943939718,Normal
TRP11219,1,0.0838718943939718,Normal
TRP11220,1,0.18111112483004027,Normal
TRP11221,1,0.17720823848371164,Normal
TRP11222,-1,-0.013427769744281948,Anomaly
TRP11223,1,0.030611544895341458,Normal
TRP11224,1,0.14976340355460144,Normal
TRP11225,1,0.05431970350786952,Normal
TRP11226,1,0.1624111476840946,Normal
TRP11227,1,0.049433699930111374,Normal
TRP11228,1,0.045734297938841206,Normal
TRP11229,1,0.12362176711282036,Normal
TRP11230,1,0.07846322636632935,Normal
TRP11231,1,0.07875283312612902,Normal
TRP11232,1,0.05011673605040767,Normal
TRP11233,1,0.16503553575980762,Normal
TRP11234,1,0.09090260416869245,Normal
TRP11235,1,0.089085255162136,Normal
TRP11236,1,0.16023267161659593,Normal
TRP11237,1,0.16763241692499048,Normal
TRP11238,1,0.14380290952286245,Normal
TRP11239,1,0.089085255162136,Normal
TRP11240,1,0.04825104193206886,Normal
TRP11241,1,0.16598717198643642,Normal
TRP11242,1,0.16909987997918102,Normal
TRP11243,1,0.1484174876577623,Normal
TRP11244,1,0.09738291151004258,Normal
TRP11245,1,0.1166672262681635,Normal
TRP11246,1,0.13206292549047693,Normal
TRP11247,1,0.045908506933030946,Normal
TRP11248,1,0.04693945172056435,Normal
TRP11249,1,0.16887133261479154,Normal
TRP11250,1,0.07267131560430728,Normal
TRP11251,1,0.07732586552747761,Normal
TRP11252,1,0.023693080168512348,Normal
TRP11253,1,0.07500418127259323,Normal
TRP11254,1,0.10262794963017358,Normal
TRP11255,1,0.1450594427453104,Normal
TRP11256,1,0.17988915823948481,Normal
TRP11257,1,0.11682789929514747,Normal
TRP11258,1,0.12437280101282278,Normal
TRP11259,1,0.15345284187394337,Normal
TRP11260,1,0.16081617388680974,Normal
TRP11261,1,0.16815020389808732,Normal
TRP11262,1,0.17791169518877253,Normal
TRP11263,1,0.18113074588611522,Normal
TRP11264,1,0.16906440860196348,Normal
TRP11265,1,0.18246676597454936,Normal
TRP11266,1,0.08556002726531498,Normal
TRP11267,1,0.03537886486901931,Normal
TRP11268,1,0.14289198942228876,Normal
TRP11269,1,0.14707436344070912,Normal
TRP11270,1,0.13404311967062377,Normal
TRP11271,1,0.1824315153972561,Normal
TRP11272,1,0.18103320123162708,Normal
TRP11273,1,0.11236545512148888,Normal
TRP11274,1,0.14477821831619153,Normal
TRP11275,1,0.09921331379775133,Normal
TRP11276,1,0.05417570870685784,Normal
TRP11277,-1,-0.013902524155484541,Anomaly
TRP11278,1,0.17057720206880578,Normal
TRP11279,1,0.054849672741345556,Normal
TRP11280,1,0.181800938815323,Normal
TRP11281,1,0.12997337818513677,Normal
TRP11282,1,0.09771869365525576,Normal
TRP11283,1,0.08846108398745561,Normal
TRP11284,1,0.03885092241926846,Normal
TRP11285,1,0.13621113978827581,Normal
TRP11286,1,0.16393690551798257,Normal
TRP11287,1,0.18033566981105975,Normal
TRP11288,1,0.14298532141918568,Normal
TRP11289,1,0.09237006644805301,Normal
TRP11290,1,0.06021581239579077,Normal
TRP11291,1,0.15181093496959758,Normal
TRP11292,1,0.07785587052710491,Normal
TRP11293,1,0.13740809082969613,Normal
TRP11294,1,0.09626610663975205,Normal
TRP11295,1,0.1436671229852594,Normal
TRP11296,1,0.09799674790604229,Normal
TRP11297,1,0.17923484458489003,Normal
TRP11298,1,0.1296398160430997,Normal
TRP11299,1,0.18423683397656582,Normal
TRP11300,1,0.18734746456605683,Normal
TRP11301,1,0.12272002248294694,Normal
TRP11302,1,0.0800421677623378,Normal
TRP11303,1,0.12365027923927019,Normal
TRP11304,1,0.17034701507822292,Normal
TRP11305,1,0.06470646455382811,Normal
TRP11306,1,0.09227272163739586,Normal
TRP11307,1,0.13406952042751236,Normal
TRP11308,1,0.12964593816025538,Normal
TRP11309,1,0.1625207920443647,Normal
TRP11310,1,0.046966147265496194,Normal
TRP11311,1,0.08576458360427375,Normal
TRP11312,1,0.0910480814918685,Normal
TRP11313,1,0.07766024114727099,Normal
TRP11314,1,0.10016047216605578,Normal
TRP11315,1,0.11159485794298185,Normal
TRP11316,1,0.007664330920203244,Normal
TRP11317,-1,-0.002564331907523254,Anomaly
TRP11318,1,0.16524572699372492,Normal
TRP11319,1,0.1811385384697191,Normal
TRP11320,1,0.13638244543817268,Normal
TRP11321,1,0.0386987754209871,Normal
TRP11322,1,0.12330233315753975,Normal
TRP11323,1,0.08375891527086488,Normal
TRP11324,1,0.13502033046124673,Normal
TRP11325,1,0.1831516350417337,Normal
TRP11326,1,0.15473678327028884,Normal
TRP11327,1,0.09443856087594321,Normal
TRP11328,1,0.17006756839585896,Normal
TRP11329,1,0.030218604694244533,Normal
TRP11330,1,0.10214387038892897,Normal
TRP11331,1,0.15198087573886998,Normal
TRP11332,1,0.12304382365736705,Normal
TRP11333,1,0.04311156241940606,Normal
TRP11334,1,0.16548753992886261,Normal
TRP11335,1,0.11902194948899292,Normal
TRP11336,1,0.14383449511352087,Normal
TRP11337,1,0.10280665267881778,Normal
TRP11338,1,0.15605584095211433,Normal
TRP11339,1,0.037937150825956945,Normal
TRP11340,1,0.05400261012462371,Normal
TRP11341,1,0.1428064480894381,Normal
TRP11342,1,0.1633169328532348,Normal
TRP11343,1,0.05123484742811624,Normal
TRP11344,1,0.09727393662245354,Normal
TRP11345,1,0.16600006521102106,Normal
TRP11346,1,0.1209647184251208,Normal
TRP11347,1,0.13219747895418837,Normal
TRP11348,1,0.13449660153062876,Normal
TRP11349,1,0.08197689646331047,Normal
TRP11350,1,0.1009197121254361,Normal
TRP11351,1,0.14238736206696123,Normal
TRP11352,1,0.0929594796236266,Normal
TRP11353,1,0.1308048748106595,Normal
TRP11354,1,0.18064963894123987,Normal
TRP11355,1,0.16011424899940685,Normal
TRP11356,1,0.17386677743970302,Normal
TRP11357,1,0.1604471264436304,Normal
TRP11358,-1,-0.004526311833477625,Anomaly
TRP11359,1,0.07267131560430728,Normal
TRP11360,1,0.10262794963017358,Normal
TRP11361,1,0.07227145421265291,Normal
TRP11362,1,0.1812803206067891,Normal
TRP11363,1,0.027264683565324188,Normal
TRP11364,1,0.04532123857475767,Normal
TRP11365,1,0.04534046543089554,Normal
TRP11366,1,0.18200288579124324,Normal
TRP11367,1,0.126005291344499,Normal
TRP11368,1,0.15258848089756366,Normal
TRP11369,1,0.10660827638580112,Normal
TRP11370,-1,-0.00874993224783105,Anomaly
TRP11371,1,0.15058201663023035,Normal
TRP11372,1,0.14560858052831965,Normal
TRP11373,1,0.11897656573699844,Normal
TRP11374,1,0.17613298839782654,Normal
TRP11375,1,0.1347173825062022,Normal
TRP11376,1,0.18086143493946882,Normal
TRP11377,1,0.17282469704637538,Normal
TRP11378,1,0.11806603234543323,Normal
TRP11379,1,0.15429475845726942,Normal
TRP11380,-1,-0.02381639586574058,Anomaly
TRP11381,1,0.1090657687081521,Normal
TRP11382,1,0.09689578538153115,Normal
TRP11383,-1,-0.00027244233867762535,Anomaly
TRP11384,-1,-0.06993033780095292,Anomaly
TRP11385,1,0.09167762106141258,Normal
TRP11386,1,0.07371225769296752,Normal
TRP11387,1,0.06695606854021852,Normal
TRP11388,1,0.14263278549568653,Normal
TRP11389,1,0.05055463245944358,Normal
TRP11390,1,0.11700840278844243,Normal
TRP11391,1,0.1068526746274881,Normal
TRP11392,1,0.18007617019581101,Normal
TRP11393,-1,-0.007155898352251389,Anomaly
TRP11394,1,0.18175394392902505,Normal
TRP11395,1,0.11157473635590903,Normal
TRP11396,1,0.15201718861565788,Normal
TRP11397,1,0.1128168636402675,Normal
TRP11398,1,0.17074233805424588,Normal
TRP11399,1,0.08533409700374778,Normal
TRP11400,1,0.16619008571749716,Normal
TRP11401,1,0.08885775793703954,Normal
TRP11402,1,0.13772041437243587,Normal
TRP11403,1,0.037937150825956945,Normal
TRP11404,1,0.10379079399880575,Normal
TRP11405,1,0.05123484742811624,Normal
TRP11406,1,0.1674038474949875,Normal
TRP11407,1,0.164280316208593,Normal
TRP11408,1,0.04695761079926242,Normal
TRP11409,1,0.15732981046629496,Normal
TRP11410,1,0.09050583659274353,Normal
TRP11411,1,0.05990175166226819,Normal
TRP11412,1,0.18235649181909253,Normal
TRP11413,1,0.09749453441474343,Normal
TRP11414,1,0.17907481655863655,Normal
TRP11415,1,0.16128659324454198,Normal
TRP11416,1,0.07602889237077781,Normal
TRP11417,1,0.11664258004086431,Normal
TRP11418,1,0.13203954447798139,Normal
TRP11419,1,0.0952830147849476,Normal
TRP11420,1,0.16982142273437018,Normal
TRP11421,1,0.08155837143437661,Normal
TRP11422,1,0.10032602722784778,Normal
TRP11423,1,0.07371225769296752,Normal
TRP11424,1,0.16609455140422064,Normal
TRP11425,1,0.1563941362327934,Normal
TRP11426,1,0.05552385403335869,Normal
TRP11427,1,0.09911119502690907,Normal
TRP11428,1,0.1789085460204397,Normal
TRP11429,1,0.1442636512639554,Normal
TRP11430,-1,-0.04106110377709493,Anomaly
TRP11431,1,0.005377805823919668,Normal
TRP11432,1,0.170813303048249,Normal
TRP11433,1,0.08004463104063403,Normal
TRP11434,1,0.03408409581563143,Normal
TRP11435,1,0.106938534947779,Normal
TRP11436,1,0.06649905852423832,Normal
TRP11437,1,0.03254637915054659,Normal
TRP11438,1,0.1791827953996864,Normal
TRP11439,1,0.12088714087297425,Normal
TRP11440,-1,-0.03138518642130106,Anomaly
TRP11441,1,0.1655261942014542,Normal
TRP11442,1,0.0725532239652803,Normal
TRP11443,1,0.09562935352554014,Normal
TRP11444,1,0.16522165301287595,Normal
TRP11445,1,0.0868805635332428,Normal
TRP11446,1,0.019359158697334178,Normal
TRP11447,1,0.12024879795546323,Normal
TRP11448,1,0.11825508952848524,Normal
TRP11449,1,0.1721205351579269,Normal
TRP11450,-1,-0.010359830497708944,Anomaly
TRP11451,1,0.15410582755089142,Normal
TRP11452,1,0.10717854269351734,Normal
TRP11453,1,0.16491960618070978,Normal
TRP11454,1,0.18249368762862833,Normal
TRP11455,1,0.1555704317874167,Normal
TRP11456,1,0.10760748200651671,Normal
TRP11457,1,0.12509716745441601,Normal
TRP11458,1,0.09038827269142902,Normal
TRP11459,1,0.1684153065904142,Normal
TRP11460,1,0.09407667468406933,Normal
TRP11461,1,0.0980071190852258,Normal
TRP11462,1,0.025935223039191935,Normal
TRP11463,1,0.13285561468966012,Normal
TRP11464,1,0.18021480905428677,Normal
TRP11465,1,0.16175407833591698,Normal
TRP11466,1,0.12161684028219077,Normal
TRP11467,1,0.1296764207626943,Normal
TRP11468,1,0.09717711662648892,Normal
TRP11469,-1,-0.0060432978136735205,Anomaly
TRP11470,1,0.039028272256352525,Normal
TRP11471,1,0.10983794385314177,Normal
TRP11472,1,0.16012031305334345,Normal
TRP11473,1,0.15559405445072733,Normal
TRP11474,-1,-0.06803182430724808,Anomaly
TRP11475,1,0.14257957814996058,Normal
TRP11476,1,0.12938780385520832,Normal
TRP11477,-1,-0.051125630877100314,Anomaly
TRP11478,1,0.11050002529744768,Normal
TRP11479,1,0.09050583659274353,Normal
TRP11480,1,0.08715891396006148,Normal
TRP11481,1,0.15951813720840863,Normal
TRP11482,1,4.481395471944705e-05,Normal
TRP11483,1,0.01939486816792113,Normal
TRP11484,1,0.17623251144748753,Normal
TRP11485,1,0.018115274726762554,Normal
TRP11486,1,0.10186291665058533,Normal
TRP11487,1,0.18379595442832464,Normal
TRP11488,1,0.1479742036715791,Normal
TRP11489,1,0.09045768462128817,Normal
TRP11490,1,0.1796476462349954,Normal
TRP11491,1,0.1515482567769172,Normal
TRP11492,-1,-0.020631620925611105,Anomaly
TRP11493,1,0.12339384677669712,Normal
TRP11494,1,0.10673458714277101,Normal
TRP11495,1,0.05389222107849012,Normal
TRP11496,1,0.06642438607968026,Normal
TRP11497,1,0.1775204181321614,Normal
TRP11498,1,0.08087866761249829,Normal
TRP11499,1,0.03799526424837152,Normal
TRP11500,1,0.06092093013788469,Normal
TRP11501,1,0.05882212185721414,Normal
TRP11502,1,0.09617186763975832,Normal
TRP11503,1,0.10785301186261809,Normal
TRP11504,1,0.11043697572683076,Normal
TRP11505,1,0.16542612072532736,Normal
TRP11506,1,0.1652981435183587,Normal
TRP11507,1,0.10016047216605578,Normal
TRP11508,1,0.007664330920203244,Normal
TRP11509,1,0.15683977405615723,Normal
TRP11510,1,0.16320585299473012,Normal
TRP11511,1,0.11921527600233123,Normal
TRP11512,1,0.09888731912189275,Normal
TRP11513,1,0.042862093089782394,Normal
TRP11514,1,0.1600050669841902,Normal
TRP11515,1,0.18426076730222807,Normal
TRP11516,1,0.0726660131981931,Normal
TRP11517,1,0.021240133535145422,Normal
TRP11518,1,0.1527969690497193,Normal
TRP11519,1,0.1296675844896748,Normal
TRP11520,1,0.16983342590452538,Normal
TRP11521,1,0.1060430187657887,Normal
TRP11522,1,0.1695132174366899,Normal
TRP11523,1,0.1592396972584113,Normal
TRP11524,1,0.09126974720327241,Normal
TRP11525,1,0.11495863295476172,Normal
TRP11526,1,0.167974100463902,Normal
TRP11527,1,0.0996570915396478,Normal
TRP11528,1,0.03274587629544368,Normal
TRP11529,1,0.03239238406160416,Normal
TRP11530,1,0.1566144935459588,Normal
TRP11531,1,0.0879430231173135,Normal
TRP11532,1,0.06867228413711335,Normal
TRP11533,1,0.06403522269760187,Normal
TRP11534,1,0.0744111520145776,Normal
TRP11535,1,0.08142137979334191,Normal
TRP11536,1,0.14942769680374823,Normal
TRP11537,1,0.0494576373404817,Normal
TRP11538,1,0.09921677592703637,Normal
TRP11539,1,0.039661869902745894,Normal
TRP11540,1,0.10705726117657977,Normal
TRP11541,1,0.0494576373404817,Normal
TRP11542,1,0.10677963485564596,Normal
TRP11543,1,0.09544690337269973,Normal
TRP11544,1,0.12077359821561734,Normal
TRP11545,1,0.15584612092147393,Normal
TRP11546,1,0.17401878746077115,Normal
TRP11547,1,0.12529959847534666,Normal
TRP11548,-1,-0.007999226169457474,Anomaly
TRP11549,1,0.1753943237201131,Normal
TRP11550,1,0.04726145892501876,Normal
TRP11551,1,0.12977877628202728,Normal
TRP11552,1,0.16361634404824144,Normal
TRP11553,1,0.13813689763267106,Normal
TRP11554,1,0.13363277799306433,Normal
TRP11555,1,0.16197601276453166,Normal
TRP11556,1,0.11488106362591283,Normal
TRP11557,1,0.0924614907631422,Normal
TRP11558,1,0.18361591448106218,Normal
TRP11559,1,0.18101992066630596,Normal
TRP11560,1,0.059767327240767276,Normal
TRP11561,1,0.12460593198029829,Normal
TRP11562,1,0.16597764303259777,Normal
TRP11563,1,0.045156541808450745,Normal
TRP11564,1,0.13739882248815388,Normal
TRP11565,1,0.12382259758552994,Normal
TRP11566,1,0.1524497863510711,Normal
TRP11567,1,0.11899145271733069,Normal
TRP11568,1,0.09562131980816724,Normal
TRP11569,1,0.0739197916648926,Normal
TRP11570,1,0.17303302409412602,Normal
TRP11571,1,0.1336551229503411,Normal
TRP11572,1,0.11979128054322852,Normal
TRP11573,1,0.15920600547707658,Normal
TRP11574,1,0.15188928105989774,Normal
TRP11575,-1,-0.008076744363118005,Anomaly
TRP11576,1,0.05311033307695889,Normal
TRP11577,1,0.022628055191950325,Normal
TRP11578,1,0.18280122465450832,Normal
TRP11579,1,0.18206513094917737,Normal
TRP11580,1,0.12072693173235854,Normal
TRP11581,1,0.11505903466260797,Normal
TRP11582,1,0.10331895942447006,Normal
TRP11583,1,0.09771869365525576,Normal
TRP11584,1,0.15959015721359482,Normal
TRP11585,1,0.16434694533968947,Normal
TRP11586,1,0.05123484742811624,Normal
TRP11587,1,0.0037155579350248713,Normal
TRP11588,1,0.15271030522372386,Normal
TRP11589,1,0.12945231664942292,Normal
TRP11590,1,0.08057948739422927,Normal
TRP11591,1,0.024903178195473163,Normal
TRP11592,-1,-0.04937964368243131,Anomaly
TRP11593,1,0.09357170904713114,Normal
TRP11594,1,0.18410625621650095,Normal
TRP11595,1,0.036792655870388824,Normal
TRP11596,1,0.14931891391562885,Normal
TRP11597,1,0.11171883944532174,Normal
TRP11598,1,0.11171244602127245,Normal
TRP11599,1,0.0388989602436306,Normal
TRP11600,1,0.16198905484077541,Normal
TRP11601,1,0.0757514088443314,Normal
TRP11602,1,0.04147002301949987,Normal
TRP11603,1,0.15215087880782718,Normal
TRP11604,1,0.01981195031877414,Normal
TRP11605,1,0.057555765321907204,Normal
TRP11606,1,0.04826779772839607,Normal
TRP11607,1,0.18322993755047107,Normal
TRP11608,1,0.15989908538677816,Normal
TRP11609,1,0.18233423820415146,Normal
TRP11610,1,0.11818359434845932,Normal
TRP11611,1,0.17393178054804537,Normal
TRP11612,1,0.1767865335086246,Normal
TRP11613,1,0.05123484742811624,Normal
TRP11614,1,0.09814873062248752,Normal
TRP11615,1,0.07668865176307066,Normal
TRP11616,1,0.1496691543287766,Normal
TRP11617,1,0.15530647304881373,Normal
TRP11618,1,0.051321353305291195,Normal
TRP11619,1,0.1529221845490752,Normal
TRP11620,1,0.1634361026680176,Normal
TRP11621,1,0.07048547674565153,Normal
TRP11622,1,0.09738291151004258,Normal
TRP11623,1,0.10344825589100543,Normal
TRP11624,1,0.07175624384429957,Normal
TRP11625,1,0.10262794963017358,Normal
TRP11626,1,0.09355489717915288,Normal
TRP11627,1,0.09305611263825381,Normal
TRP11628,1,0.1831000919730002,Normal
TRP11629,1,0.08797279188703777,Normal
TRP11630,1,0.0772074433853448,Normal
TRP11631,1,0.12434774375160756,Normal
TRP11632,1,0.02254915883912867,Normal
TRP11633,1,0.1784505538302173,Normal
TRP11634,1,0.10372630970850222,Normal
TRP11635,1,0.061229661566749916,Normal
TRP11636,-1,-0.07363172414603947,Anomaly
TRP11637,1,0.07788179773889214,Normal
TRP11638,1,0.04703524244780932,Normal
TRP11639,1,0.11241276428662711,Normal
TRP11640,1,0.09024567722381166,Normal
TRP11641,1,0.12468409016623039,Normal
TRP11642,1,0.18151721574280605,Normal
TRP11643,1,0.07712374525272131,Normal
TRP11644,1,0.12930541607541868,Normal
TRP11645,1,0.08615652092086479,Normal
TRP11646,1,0.09652714056946171,Normal
TRP11647,1,0.17404044503681115,Normal
TRP11648,1,0.044868930916724725,Normal
TRP11649,1,0.17516370553637517,Normal
TRP11650,1,0.16395148368765405,Normal
TRP11651,1,0.10742266191948274,Normal
TRP11652,1,0.05293342744696583,Normal
TRP11653,1,0.003398481280460275,Normal
TRP11654,1,0.15797111840522365,Normal
TRP11655,-1,-0.11312600877327428,Anomaly
TRP11656,1,0.16030894440041854,Normal
TRP11657,1,0.08688309378476622,Normal
TRP11658,1,0.02254915883912867,Normal
TRP11659,1,0.17196936814623398,Normal
TRP11660,1,0.027105374404499782,Normal
TRP11661,1,0.1336558780133552,Normal
TRP11662,1,0.18278052944254958,Normal
TRP11663,1,0.05909958159215589,Normal
TRP11664,1,0.10198646548923257,Normal
TRP11665,1,0.07628688928889754,Normal
TRP11666,1,0.04695761079926242,Normal
TRP11667,1,0.04233757186462006,Normal
TRP11668,1,0.15227009114001033,Normal
TRP11669,1,0.14429145628616052,Normal
TRP11670,1,0.17219529235575126,Normal
TRP11671,1,0.12570119763199405,Normal
TRP11672,-1,-0.03477843861147145,Anomaly
TRP11673,1,0.037937150825956945,Normal
TRP11674,1,0.10411869410106289,Normal
TRP11675,1,0.10106708939071468,Normal
TRP11676,1,0.140612490081573,Normal
TRP11677,1,0.021240133535145422,Normal
TRP11678,1,0.03449646549051277,Normal
TRP11679,1,0.12275395998850075,Normal
TRP11680,1,0.14311825414046442,Normal
TRP11681,1,0.05123484742811624,Normal
TRP11682,1,0.18045343075744796,Normal
TRP11683,1,0.17029440025812664,Normal
TRP11684,1,0.061672030097884245,Normal
TRP11685,1,0.10437556396392117,Normal
TRP11686,1,0.08041614173589534,Normal
TRP11687,1,0.09510724304372858,Normal
TRP11688,1,0.0941762185916703,Normal
TRP11689,1,0.05923975664799752,Normal
TRP11690,1,0.1453999693187285,Normal
TRP11691,-1,-0.01936102534294526,Anomaly
TRP11692,1,0.08811987271975774,Normal
TRP11693,1,0.1200366412201549,Normal
TRP11694,1,0.11979591245001542,Normal
TRP11695,1,0.11306288152581467,Normal
TRP11696,1,0.16553797376453788,Normal
TRP11697,1,0.01436359820749411,Normal
TRP11698,1,0.18188679970649113,Normal
TRP11699,1,0.1316538955991287,Normal
TRP11700,1,0.14529549676216724,Normal
TRP11701,1,0.12926032079708172,Normal
TRP11702,1,0.011305158537322169,Normal
TRP11703,1,0.13889484626180515,Normal
TRP11704,1,0.15947941663626664,Normal
TRP11705,1,0.04768630660734752,Normal
TRP11706,1,0.17499456331183016,Normal
TRP11707,1,0.08337289365236411,Normal
TRP11708,1,0.1710283136133086,Normal
TRP11709,1,0.09807527630321367,Normal
TRP11710,1,0.14087899276676513,Normal
TRP11711,1,0.09409327085136643,Normal
TRP11712,1,0.12254402972579848,Normal
TRP11713,1,0.043865496042315155,Normal
TRP11714,1,0.13457377171060209,Normal
TRP11715,1,0.16489329017709148,Normal
TRP11716,1,0.08825450660868861,Normal
TRP11717,1,0.10214387038892897,Normal
TRP11718,1,0.16245247447938316,Normal
TRP11719,1,0.09800633608397757,Normal
TRP11720,1,0.14077354373930456,Normal
TRP11721,1,0.11499044056378693,Normal
TRP11722,1,0.16017465834863465,Normal
TRP11723,1,0.046029206105725806,Normal
TRP11724,1,0.1448180261954548,Normal
TRP11725,1,0.08456130889655478,Normal
TRP11726,1,0.1609754908106361,Normal
TRP11727,1,0.07397619722313276,Normal
TRP11728,1,0.11139599120291349,Normal
TRP11729,1,0.04003943953502764,Normal
TRP11730,1,0.1354631379758216,Normal
TRP11731,1,0.14532841193640328,Normal
TRP11732,1,0.06995845373358123,Normal
TRP11733,1,0.17034270157549697,Normal
TRP11734,1,0.09919254395923788,Normal
TRP11735,1,0.05835326639370364,Normal
TRP11736,1,0.07371225769296752,Normal
TRP11737,1,0.07484639317016284,Normal
TRP11738,-1,-0.002207319489827886,Anomaly
TRP11739,1,0.09913112891622611,Normal
TRP11740,1,0.1740771824885961,Normal
TRP11741,1,0.037632215987053574,Normal
TRP11742,1,0.14123362658002864,Normal
TRP11743,1,0.11544510821971121,Normal
TRP11744,1,0.15068799519702136,Normal
TRP11745,1,0.1295694539496216,Normal
TRP11746,1,0.08782153045271657,Normal
TRP11747,1,0.017453253471620633,Normal
TRP11748,1,0.09562935352554014,Normal
TRP11749,-1,-0.008784944487955748,Anomaly
TRP11750,1,0.1474590262850245,Normal
TRP11751,1,0.17675440010498106,Normal
TRP11752,-1,-0.004232571464382717,Anomaly
TRP11753,1,0.13525005167038873,Normal
TRP11754,1,0.09918203264921593,Normal
TRP11755,1,0.1799975891918802,Normal
TRP11756,1,0.13975397250949723,Normal
TRP11757,1,0.11854553406354285,Normal
TRP11758,1,0.09232574759211554,Normal
TRP11759,1,0.10711474176042557,Normal
TRP11760,1,0.14976944512335422,Normal
TRP11761,1,0.08533409700374778,Normal
TRP11762,1,0.16834148906429858,Normal
TRP11763,1,0.0967403322883858,Normal
TRP11764,1,0.1730976420538261,Normal
TRP11765,1,0.1751913526759482,Normal
TRP11766,1,0.02946492069949147,Normal
TRP11767,1,0.1254861424258733,Normal
TRP11768,-1,-0.01680088396324997,Anomaly
TRP11769,1,0.17213780037045273,Normal
TRP11770,1,0.007968427470802064,Normal
TRP11771,1,0.09738291151004258,Normal
TRP11772,1,0.11116959696173184,Normal
TRP11773,1,0.06551256808570471,Normal
TRP11774,1,0.13835907154336008,Normal
TRP11775,1,0.030878095242376946,Normal
TRP11776,1,0.05908079518674936,Normal
TRP11777,1,0.06149401709891478,Normal
TRP11778,1,0.059251109922773826,Normal
TRP11779,1,0.18376200204467796,Normal
TRP11780,-1,-0.014989078971488934,Anomaly
TRP11781,1,0.10183240387890691,Normal
TRP11782,1,0.15329903931682576,Normal
TRP11783,1,0.07110687425087514,Normal
TRP11784,1,0.12116836054225089,Normal
TRP11785,1,0.010132042716860523,Normal
TRP11786,1,0.09689578538153115,Normal
TRP11787,1,0.037871854410768346,Normal
TRP11788,1,0.12175161324829037,Normal
TRP11789,1,0.16535909219507433,Normal
TRP11790,1,0.03308552526115205,Normal
TRP11791,1,0.15990865335376242,Normal
TRP11792,1,0.17554078109072585,Normal
TRP11793,1,0.1593266784452177,Normal
TRP11794,1,0.14061261561565652,Normal
TRP11795,1,0.1446303135958451,Normal
TRP11796,1,0.05123484742811624,Normal
TRP11797,-1,-0.026972004797266025,Anomaly
TRP11798,1,0.06929189761365462,Normal
TRP11799,1,0.13318607598894444,Normal
TRP11800,1,0.1356280073648488,Normal
TRP11801,1,0.08626993968809182,Normal
TRP11802,1,0.11042172951929224,Normal
TRP11803,1,0.1397256357067434,Normal
TRP11804,1,0.1817852246880287,Normal
TRP11805,1,0.09821113445738461,Normal
TRP11806,1,0.1505957310877074,Normal
TRP11807,1,0.17884649464047542,Normal
TRP11808,1,0.10183240387890691,Normal
TRP11809,1,0.10063273794238276,Normal
TRP11810,1,0.06750087401690097,Normal
TRP11811,1,0.13224513158344303,Normal
TRP11812,1,0.11496028816814324,Normal
TRP11813,-1,-0.014777780820531494,Anomaly
TRP11814,1,0.12662020211580471,Normal
TRP11815,1,0.015605740667603119,Normal
TRP11816,1,0.17649001503561434,Normal
TRP11817,1,0.08825450660868861,Normal
TRP11818,1,0.17624844693148012,Normal
TRP11819,1,0.16412705229194902,Normal
TRP11820,-1,-0.00447757299260676,Anomaly
TRP11821,1,0.18278748072531453,Normal
TRP11822,1,0.10830688215782636,Normal
TRP11823,1,0.10461509960640863,Normal
TRP11824,1,0.1601538390311325,Normal
TRP11825,1,0.11661560062765458,Normal
TRP11826,-1,-0.009857117869586984,Anomaly
TRP11827,1,0.18136587636149354,Normal
TRP11828,1,0.17917530962281436,Normal
TRP11829,1,0.16881391473931495,Normal
TRP11830,1,0.10279343290511694,Normal
TRP11831,1,0.16129015720834478,Normal
TRP11832,1,0.035671166411683,Normal
TRP11833,1,0.025498635428415906,Normal
TRP11834,1,0.09564291126342012,Normal
TRP11835,1,0.12770232192793662,Normal
TRP11836,1,0.16552090411111792,Normal
TRP11837,1,0.06668409049650381,Normal
TRP11838,1,0.07766024114727099,Normal
TRP11839,1,0.03192918510562215,Normal
TRP11840,1,0.11896632246816596,Normal
TRP11841,1,0.09652714056946171,Normal
TRP11842,-1,-0.034936111202727105,Anomaly
TRP11843,1,0.09397259188838863,Normal
TRP11844,1,0.16288271683213318,Normal
TRP11845,1,0.17526891334190747,Normal
TRP11846,1,0.1647646080879211,Normal
TRP11847,1,0.1614538264726898,Normal
TRP11848,1,0.1669159062184158,Normal
TRP11849,1,0.16338028353786155,Normal
TRP11850,1,0.10275247127036496,Normal
TRP11851,1,0.14463010295260498,Normal
TRP11852,1,0.1351270155301194,Normal
TRP11853,1,0.10866515618257305,Normal
TRP11854,1,0.061672030097884245,Normal
TRP11855,1,0.13977678031160118,Normal
TRP11856,1,0.16720360556086233,Normal
TRP11857,1,0.13402194411833945,Normal
TRP11858,1,0.12111114071702023,Normal
TRP11859,1,0.09356712221154789,Normal
TRP11860,1,0.1487525866342258,Normal
TRP11861,1,0.18127554818293118,Normal
TRP11862,1,0.169301223210927,Normal
TRP11863,1,0.07712374525272131,Normal
TRP11864,1,0.1336453688822014,Normal
TRP11865,1,0.13770697620867917,Normal
TRP11866,1,0.05718887984229848,Normal
TRP11867,1,0.12355413459377118,Normal
TRP11868,1,0.16782540916561095,Normal
TRP11869,1,0.1467337204919057,Normal
TRP11870,1,0.1650183868055728,Normal
TRP11871,1,0.16226645154641256,Normal
TRP11872,1,0.1824014129998845,Normal
TRP11873,1,0.14326330429627404,Normal
TRP11874,1,0.058006743184094045,Normal
TRP11875,1,0.18567233384379755,Normal
TRP11876,1,0.08825450660868861,Normal
TRP11877,1,0.022357097027880912,Normal
TRP11878,1,0.0763301082614462,Normal
TRP11879,1,0.17325024786022275,Normal
TRP11880,1,0.07305605080657918,Normal
TRP11881,1,0.18370829985208298,Normal
TRP11882,1,0.0924567597759881,Normal
TRP11883,1,0.07267131560430728,Normal
TRP11884,1,0.11750675067818872,Normal
TRP11885,1,0.08905776065162668,Normal
TRP11886,1,0.16393322447710046,Normal
TRP11887,1,0.1474387927006639,Normal
TRP11888,1,0.16800130522859713,Normal
TRP11889,1,0.058006743184094045,Normal
TRP11890,1,0.09562935352554014,Normal
TRP11891,-1,-0.04456565280109093,Anomaly
TRP11892,1,0.1721294859112114,Normal
TRP11893,1,0.038297748146285615,Normal
TRP11894,1,0.07267131560430728,Normal
TRP11895,1,0.12161781548180772,Normal
TRP11896,1,0.046029206105725806,Normal
TRP11897,1,0.13650856805106198,Normal
TRP11898,1,0.10613339057208548,Normal
TRP11899,1,0.15393585114823483,Normal
TRP11900,1,0.07302736495266426,Normal
TRP11901,1,0.04419176058326979,Normal
TRP11902,-1,-0.013387987479650976,Anomaly
TRP11903,1,0.14858385411912728,Normal
TRP11904,1,0.15281872375204852,Normal
TRP11905,1,0.15431911134537896,Normal
TRP11906,1,0.019353184206743257,Normal
TRP11907,1,0.18113827037624236,Normal
TRP11908,1,0.09011087234853804,Normal
TRP11909,1,0.0979852457497532,Normal
TRP11910,1,0.09562314665348531,Normal
TRP11911,1,0.056793137648236125,Normal
TRP11912,1,0.030218604694244533,Normal
TRP11913,1,0.044556641785187145,Normal
TRP11914,1,0.10262794963017358,Normal
TRP11915,-1,-0.013088915180985539,Anomaly
TRP11916,1,0.03919657442141411,Normal
TRP11917,1,0.08337289365236411,Normal
TRP11918,1,0.09151670479573976,Normal
TRP11919,1,0.07267131560430728,Normal
TRP11920,1,0.15637902809478949,Normal
TRP11921,1,0.026734896163019606,Normal
TRP11922,1,0.05452243822771485,Normal
TRP11923,1,0.13824010693069533,Normal
TRP11924,1,0.14398250416654346,Normal
TRP11925,1,0.05123484742811624,Normal
TRP11926,1,0.08629607262890904,Normal
TRP11927,1,0.06180140966946612,Normal
TRP11928,1,0.11080723467322778,Normal
TRP11929,1,0.10161188198453475,Normal
TRP11930,1,0.12867530940278515,Normal
TRP11931,1,0.12434423959005142,Normal
TRP11932,1,0.13731020305486674,Normal
TRP11933,1,0.059002179876557426,Normal
TRP11934,1,0.17294158636127954,Normal
TRP11935,1,0.0920609115139634,Normal
TRP11936,-1,-0.08982603591773464,Anomaly
TRP11937,1,0.07397619722313276,Normal
TRP11938,1,0.1810948596029041,Normal
TRP11939,1,0.1739290622496672,Normal
TRP11940,1,0.16264308394726495,Normal
TRP11941,1,0.08825450660868861,Normal
TRP11942,1,0.17000765497966985,Normal
TRP11943,1,0.11810266750483922,Normal
TRP11944,1,0.15388928720826045,Normal
TRP11945,1,0.15231534761368853,Normal
TRP11946,1,0.08452358561546153,Normal
TRP11947,1,0.059363707691016177,Normal
TRP11948,1,0.17645448867343266,Normal
TRP11949,1,0.015237638385642627,Normal
TRP11950,1,0.14406098293133035,Normal
TRP11951,1,0.168996383596845,Normal
TRP11952,1,0.1736558005312454,Normal
TRP11953,1,0.10501647542633114,Normal
TRP11954,1,0.16959266811121132,Normal
TRP11955,1,0.09747582279205053,Normal
TRP11956,1,0.038601292154518796,Normal
TRP11957,1,0.07952143909742487,Normal
TRP11958,1,0.10910776313261727,Normal
TRP11959,1,0.07936141355229287,Normal
TRP11960,1,0.1739960751186151,Normal
TRP11961,1,0.09064536886715358,Normal
TRP11962,1,0.0426321734890851,Normal
TRP11963,1,0.15770126447156407,Normal
TRP11964,1,0.0962398835771468,Normal
TRP11965,1,0.06375273770726109,Normal
TRP11966,1,0.1797982708399451,Normal
TRP11967,1,0.009772840999500154,Normal
TRP11968,1,0.07628688928889754,Normal
TRP11969,1,0.09035068326061813,Normal
TRP11970,1,0.06549168193734856,Normal
TRP11971,1,0.05153949527645141,Normal
TRP11972,1,0.0698705900358303,Normal
TRP11973,1,0.04454688935388196,Normal
TRP11974,1,0.046765062862395235,Normal
TRP11975,1,0.18250651581152866,Normal
TRP11976,1,0.09714911523883624,Normal
TRP11977,1,0.14960677218531643,Normal
TRP11978,1,0.08465270150563053,Normal
TRP11979,1,0.09203674937518319,Normal
TRP11980,1,0.08155837143437661,Normal
TRP11981,1,0.1635933723263328,Normal
TRP11982,1,0.16703539384179839,Normal
TRP11983,1,0.15375911571861167,Normal
TRP11984,1,0.037579647001912186,Normal
TRP11985,-1,-0.057320781187633174,Anomaly
TRP11986,1,0.023878044165587364,Normal
TRP11987,1,0.07061228214629478,Normal
TRP11988,1,0.0599787840969781,Normal
TRP11989,1,0.18330471813203147,Normal
TRP11990,1,0.16652513510923012,Normal
TRP11991,1,0.11018876788532533,Normal
TRP11992,1,0.14307903153190776,Normal
TRP11993,1,0.16321513499675067,Normal
TRP11994,1,0.12510454141750244,Normal
TRP11995,1,0.10166537789608238,Normal
TRP11996,1,0.15234070037469982,Normal
TRP11997,1,0.17860256343026337,Normal
TRP11998,1,0.11817087986933972,Normal
TRP11999,1,0.07878742304614583,Normal
TRP12000,1,0.151441241235588,Normal
TRP12001,1,0.18568485433396786,Normal
TRP12002,1,0.04962582660678616,Normal
TRP12003,1,0.07952143909742487,Normal
TRP12004,1,0.1691643560386154,Normal
TRP12005,-1,-0.05865852785826564,Anomaly
TRP12006,1,0.1735646937663355,Normal
TRP12007,1,0.05881460508647707,Normal
TRP12008,1,0.0599787840969781,Normal
TRP12009,1,0.1750586012656281,Normal
TRP12010,1,0.1033964780472098,Normal
TRP12011,1,0.04011625649648887,Normal
TRP12012,1,0.15829143438892085,Normal
TRP12013,1,0.030218604694244533,Normal
TRP12014,1,0.0971387900709153,Normal
TRP12015,1,0.1772310049744022,Normal
TRP12016,1,0.18124085083517866,Normal
TRP12017,1,0.02390897651264401,Normal
TRP12018,1,0.10161216379569143,Normal
TRP12019,1,0.1606530103463748,Normal
TRP12020,1,0.09911119502690907,Normal
TRP12021,1,0.055573873711956545,Normal
TRP12022,1,0.14403321366056548,Normal
TRP12023,1,0.17663160587349142,Normal
TRP12024,1,0.14176320773105344,Normal
TRP12025,1,0.16702655305327468,Normal
TRP12026,1,0.17368506407661982,Normal
TRP12027,1,0.15765231733266982,Normal
TRP12028,1,0.1515861872578439,Normal
TRP12029,1,0.0947562086678273,Normal
TRP12030,1,0.1384420923713388,Normal
TRP12031,1,0.0757514088443314,Normal
TRP12032,1,0.058728168284503224,Normal
TRP12033,1,0.17743422943912257,Normal
TRP12034,1,0.018846526380562834,Normal
TRP12035,1,0.12316939325246884,Normal
TRP12036,1,0.07270288170121408,Normal
TRP12037,1,0.11358445063572165,Normal
TRP12038,1,0.01307086498483312,Normal
TRP12039,1,0.05123484742811624,Normal
TRP12040,1,0.17176880964184088,Normal
TRP12041,1,0.09689578538153115,Normal
TRP12042,1,0.15617249596090443,Normal
TRP12043,1,0.08286593839305362,Normal
TRP12044,1,0.013049108961987854,Normal
TRP12045,1,0.0767898677584567,Normal
TRP12046,1,0.04531765508313923,Normal
TRP12047,1,0.17421933457425487,Normal
TRP12048,1,0.15611787893071388,Normal
TRP12049,1,0.04583022060888453,Normal
TRP12050,1,0.09652714056946171,Normal
TRP12051,1,0.0031815849128024043,Normal
TRP12052,1,0.185779487700385,Normal
TRP12053,1,0.0619419995375573,Normal
TRP12054,1,0.16072636650617245,Normal
TRP12055,1,0.15264032464646266,Normal
TRP12056,1,0.12602669298755725,Normal
TRP12057,1,0.0586495183330803,Normal
TRP12058,1,0.024890296131006573,Normal
TRP12059,1,0.1120129416788414,Normal
TRP12060,1,0.1272448683146084,Normal
TRP12061,-1,-0.00132804339771031,Anomaly
TRP12062,1,0.1516264961098276,Normal
TRP12063,1,0.15507089291541798,Normal
TRP12064,1,0.11919372587083554,Normal
TRP12065,1,0.07609601137125005,Normal
TRP12066,1,0.0639970008146944,Normal
TRP12067,1,0.07561376948372667,Normal
TRP12068,1,0.07810816367726081,Normal
TRP12069,1,0.10416948439192014,Normal
TRP12070,1,0.08501691710678427,Normal
TRP12071,1,0.14021583752967376,Normal
TRP12072,-1,-0.01181094113844905,Anomaly
TRP12073,1,0.17484846871946225,Normal
TRP12074,-1,-0.04292190880408442,Anomaly
TRP12075,1,0.05506657472076559,Normal
TRP12076,1,0.10429914520196465,Normal
TRP12077,-1,-0.034961756893332474,Anomaly
TRP12078,1,0.11976672080375328,Normal
TRP12079,1,0.17725730101624698,Normal
TRP12080,-1,-0.012930441563786976,Anomaly
TRP12081,1,0.06434463210630414,Normal
TRP12082,1,0.13867493124010638,Normal
TRP12083,-1,-0.015599401700630011,Anomaly
TRP12084,1,0.05097873323902502,Normal
TRP12085,1,0.16044706611279014,Normal
TRP12086,1,0.07305605080657918,Normal
TRP12087,1,0.1812971420524649,Normal
TRP12088,1,0.15828464677340592,Normal
TRP12089,1,0.046528110867298245,Normal
TRP12090,1,0.10689859922972372,Normal
TRP12091,1,0.10210938789506213,Normal
TRP12092,1,0.16365137704686944,Normal
TRP12093,1,0.0571933355044737,Normal
TRP12094,1,0.17997711467683175,Normal
TRP12095,1,0.1473139487713545,Normal
TRP12096,1,0.139095990834597,Normal
TRP12097,1,0.10284520473204434,Normal
TRP12098,1,0.1470730809741625,Normal
TRP12099,1,0.12124273750970171,Normal
TRP12100,1,0.17924258628968615,Normal
TRP12101,1,0.08337289365236411,Normal
TRP12102,1,0.17646948267683937,Normal
TRP12103,1,0.05937010375568652,Normal
TRP12104,-1,-0.06873002801024852,Anomaly
TRP12105,1,0.15323895722234238,Normal
TRP12106,1,0.13020097982783674,Normal
TRP12107,1,0.08501691710678427,Normal
TRP12108,1,0.10183240387890691,Normal
TRP12109,1,0.00833762899205992,Normal
TRP12110,1,0.05123484742811624,Normal
TRP12111,1,0.16077477368345788,Normal
TRP12112,1,0.1261893814052456,Normal
TRP12113,1,0.07980515586276526,Normal
TRP12114,1,0.04534046543089554,Normal
TRP12115,1,0.11617735132473339,Normal
TRP12116,1,0.12207049403418957,Normal
TRP12117,1,0.16274703269756396,Normal
TRP12118,1,0.03846557487025748,Normal
TRP12119,1,0.14257530606780255,Normal
TRP12120,1,0.09353728979281961,Normal
TRP12121,1,0.043859868237390076,Normal
TRP12122,1,0.007144491129558728,Normal
TRP12123,1,0.12812291626152916,Normal
TRP12124,1,0.16684554459455792,Normal
TRP12125,1,0.1598115267799628,Normal
TRP12126,1,0.04071956114994113,Normal
TRP12127,-1,-0.011606959674362538,Anomaly
TRP12128,1,0.16118252910566194,Normal
TRP12129,1,0.1286765355146825,Normal
TRP12130,1,0.09738291151004258,Normal
TRP12131,1,0.0860266111604554,Normal
TRP12132,1,0.11245399412735096,Normal
TRP12133,1,0.15423852998525178,Normal
TRP12134,1,0.16149003270454926,Normal
TRP12135,1,0.10136424349470258,Normal
TRP12136,1,0.17599335849525588,Normal
TRP12137,1,0.14335946419397272,Normal
TRP12138,1,0.15746688725128527,Normal
TRP12139,1,0.14330673749649964,Normal
TRP12140,1,0.1594415222560619,Normal
TRP12141,1,0.1453037339566669,Normal
TRP12142,1,0.03753693375106637,Normal
TRP12143,1,0.10556544469149931,Normal
TRP12144,1,0.12125435138994534,Normal
TRP12145,1,0.14546335251475828,Normal
TRP12146,1,0.1603176922119483,Normal
TRP12147,1,0.18350789158434,Normal
TRP12148,1,0.09227047960883755,Normal
TRP12149,1,0.08898223241396613,Normal
TRP12150,1,0.1051051467369119,Normal
TRP12151,1,0.049447568863369096,Normal
TRP12152,1,0.1655041038770359,Normal
TRP12153,1,0.1479097349706306,Normal
TRP12154,1,0.16849757129429876,Normal
TRP12155,1,0.1632861109623131,Normal
TRP12156,1,0.17945846747514332,Normal
TRP12157,1,0.09812601791072628,Normal
TRP12158,1,0.10106708939071468,Normal
TRP12159,1,0.024702168877050013,Normal
TRP12160,1,0.16438130314936467,Normal
TRP12161,1,0.13760131095780787,Normal
TRP12162,1,0.13034594800329502,Normal
TRP12163,1,0.142855914022411,Normal
TRP12164,1,0.16969148176367976,Normal
TRP12165,1,0.17467158878975086,Normal
TRP12166,1,0.049208630683588606,Normal
TRP12167,1,0.1732571219344396,Normal
TRP12168,1,0.11714698660793604,Normal
TRP12169,1,0.15910273356173565,Normal
TRP12170,1,0.177550529729519,Normal
TRP12171,1,0.1508940848673574,Normal
TRP12172,1,0.10379079399880575,Normal
TRP12173,1,0.12349495649401565,Normal
TRP12174,1,0.1563570352288644,Normal
TRP12175,1,0.04524651323104667,Normal
TRP12176,1,0.08876621019499076,Normal
TRP12177,1,0.04012138943895205,Normal
TRP12178,1,0.027111304166961614,Normal
TRP12179,-1,-0.06276032489548,Anomaly
TRP12180,-1,-0.01680088396324997,Anomaly
TRP12181,1,0.13187926632720293,Normal
TRP12182,1,0.15840393279488568,Normal
TRP12183,1,0.05123484742811624,Normal
TRP12184,1,0.08839310013923984,Normal
TRP12185,1,0.07493783924070041,Normal
TRP12186,1,0.09090260416869245,Normal
TRP12187,1,0.08666199400600422,Normal
TRP12188,1,0.08427430337040603,Normal
TRP12189,1,0.016757877415888744,Normal
TRP12190,1,0.05391099704253921,Normal
TRP12191,1,0.1563941362327934,Normal
TRP12192,1,0.09050583659274353,Normal
TRP12193,1,0.08469200194863269,Normal
TRP12194,1,0.025381759402706594,Normal
TRP12195,1,0.15022136684365628,Normal
TRP12196,1,0.11445674228947594,Normal
TRP12197,-1,-0.004352703827046556,Anomaly
TRP12198,1,0.13601277293804132,Normal
TRP12199,1,0.1832814562863314,Normal
TRP12200,1,0.05804920517035195,Normal
TRP12201,1,0.06981813096055667,Normal
TRP12202,1,0.05631472095531975,Normal
TRP12203,1,0.13682843370711806,Normal
TRP12204,1,0.12701549683981356,Normal
TRP12205,1,0.12763748760301918,Normal
TRP12206,1,0.03399007662750675,Normal
TRP12207,1,0.07433707318360738,Normal
TRP12208,1,0.1734484149204199,Normal
TRP12209,1,0.1224283742700954,Normal
TRP12210,1,0.17827885065679167,Normal
TRP12211,1,0.07246817494329705,Normal
TRP12212,1,0.0031815849128024043,Normal
TRP12213,-1,-0.029431974408985706,Anomaly
TRP12214,1,0.1388027768804433,Normal
TRP12215,1,0.07225834113782992,Normal
TRP12216,1,0.16175138036201253,Normal
TRP12217,1,0.15611655672100178,Normal
TRP12218,1,0.16002459180929857,Normal
TRP12219,1,0.13365575448210643,Normal
TRP12220,1,0.11237325850827168,Normal
TRP12221,-1,-0.016616061444735153,Anomaly
TRP12222,1,0.0979852457497532,Normal
TRP12223,1,0.17446389945531898,Normal
TRP12224,1,0.15861650456489373,Normal
TRP12225,1,0.1336785332427619,Normal
TRP12226,1,0.15358823226108015,Normal
TRP12227,1,0.085943565252378,Normal
TRP12228,1,0.1616634139214193,Normal
TRP12229,1,0.03192918510562215,Normal
TRP12230,1,0.1586162030266537,Normal
TRP12231,1,0.05391099704253921,Normal
TRP12232,1,0.1181375131305264,Normal
TRP12233,1,0.17039008252576537,Normal
TRP12234,1,0.02143732004785459,Normal
TRP12235,1,0.13413803386890544,Normal
TRP12236,1,0.14095967417783828,Normal
TRP12237,1,0.05948676140665743,Normal
TRP12238,1,0.10429914520196465,Normal
TRP12239,1,0.08666199400600422,Normal
TRP12240,1,0.14955884712751838,Normal
TRP12241,1,0.17614926928998426,Normal
TRP12242,1,0.14211207586435332,Normal
TRP12243,1,0.057555765321907204,Normal
TRP12244,1,0.10262794963017358,Normal
TRP12245,1,0.17120621350863185,Normal
TRP12246,1,0.17963450424241012,Normal
TRP12247,1,0.1623928092097328,Normal
TRP12248,1,0.11634248016831844,Normal
TRP12249,1,0.17236022504144183,Normal
TRP12250,1,0.0954708331712148,Normal
TRP12251,1,0.0495381959911001,Normal
TRP12252,1,0.09556304940827542,Normal
TRP12253,1,0.1220355826742387,Normal
TRP12254,1,0.08510439287980615,Normal
TRP12255,1,0.08714987834778498,Normal
TRP12256,1,0.16683101482088292,Normal
TRP12257,1,0.17793758154354294,Normal
TRP12258,1,0.11891851001285964,Normal
TRP12259,1,0.1473168897865662,Normal
TRP12260,1,0.02858389388796745,Normal
TRP12261,1,0.023488819751756318,Normal
TRP12262,1,0.09718217103615495,Normal
TRP12263,1,0.029038255008623892,Normal
TRP12264,1,0.009680987750699921,Normal
TRP12265,1,0.16965406828642593,Normal
TRP12266,1,0.1734205460294485,Normal
TRP12267,1,0.1696341460789877,Normal
TRP12268,1,0.15491657408041076,Normal
TRP12269,1,0.1515017138394527,Normal
TRP12270,1,0.02244619634626077,Normal
TRP12271,1,0.021708258094516375,Normal
TRP12272,1,0.17618258750655835,Normal
TRP12273,1,0.17656180652805487,Normal
TRP12274,1,0.15192334849174804,Normal
TRP12275,1,0.14968266827873877,Normal
TRP12276,1,0.11878793580871544,Normal
TRP12277,1,0.15949355097579243,Normal
TRP12278,1,0.09564291126342012,Normal
TRP12279,1,0.18047870584213288,Normal
TRP12280,1,0.05123484742811624,Normal
TRP12281,1,0.13728811614133868,Normal
TRP12282,1,0.11593640786581993,Normal
TRP12283,1,0.10741901122747555,Normal
TRP12284,1,0.1284877547723372,Normal
TRP12285,1,0.04598308154010289,Normal
TRP12286,1,0.11245536824020635,Normal
TRP12287,-1,-0.006491591698060684,Anomaly
TRP12288,1,0.09919254395923788,Normal
TRP12289,1,0.16630318567802255,Normal
TRP12290,1,0.01419258117696931,Normal
TRP12291,1,0.08268156520145087,Normal
TRP12292,1,0.07875283312612902,Normal
TRP12293,1,0.17465963104811538,Normal
TRP12294,1,0.14286490349427378,Normal
TRP12295,1,0.09239207762914758,Normal
TRP12296,1,0.08872096017544168,Normal
TRP12297,1,0.10344825589100543,Normal
TRP12298,1,0.02239490302718561,Normal
TRP12299,1,0.17226070935818838,Normal
TRP12300,-1,-0.004788388640302399,Anomaly
TRP12301,1,0.1605621403803541,Normal
TRP12302,1,0.13858291126714606,Normal
TRP12303,1,0.16851153482874792,Normal
TRP12304,1,0.13541001409804726,Normal
TRP12305,1,0.0694796740440774,Normal
TRP12306,1,0.024676902696807557,Normal
TRP12307,1,0.18129288457915665,Normal
TRP12308,1,0.1744642587218561,Normal
TRP12309,1,0.1035792183074215,Normal
TRP12310,1,0.10088448499433694,Normal
TRP12311,1,0.16739224657806617,Normal
TRP12312,-1,-0.0865973322773348,Anomaly
TRP12313,1,0.05820337322956082,Normal
TRP12314,1,0.1394518139357414,Normal
TRP12315,1,0.08459844488412077,Normal
TRP12316,1,0.021240133535145422,Normal
TRP12317,1,0.07775801652977049,Normal
TRP12318,1,0.1602771135360655,Normal
TRP12319,1,0.09575321362775607,Normal
TRP12320,1,0.14356868218714847,Normal
TRP12321,1,0.028137043358316904,Normal
TRP12322,1,0.13998048637353389,Normal
TRP12323,1,0.0589657751728353,Normal
TRP12324,1,0.05123484742811624,Normal
TRP12325,1,0.06554719655258212,Normal
TRP12326,1,0.18295130795732278,Normal
TRP12327,1,0.06616978117419037,Normal
TRP12328,1,0.172505645861314,Normal
TRP12329,1,0.1225984132941913,Normal
TRP12330,1,0.17845315774685933,Normal
TRP12331,1,0.1716295404296257,Normal
TRP12332,1,0.11682789929514747,Normal
TRP12333,1,0.14540710073692376,Normal
TRP12334,1,0.1735693650056045,Normal
TRP12335,1,0.1264304025083805,Normal
TRP12336,1,0.16770070093927275,Normal
TRP12337,1,0.17214359886322805,Normal
TRP12338,1,0.11192317890379089,Normal
TRP12339,1,0.16070295280709607,Normal
TRP12340,1,0.0501765738931198,Normal
TRP12341,1,0.17604699839796595,Normal
TRP12342,1,0.08041614173589534,Normal
TRP12343,1,0.13823514480723198,Normal
TRP12344,-1,-0.017780628975362478,Anomaly
TRP12345,1,0.024553928992954832,Normal
TRP12346,1,0.1636921671635621,Normal
TRP12347,1,0.07256565487018796,Normal
TRP12348,1,0.08322491999974868,Normal
TRP12349,1,0.06021581239579077,Normal
TRP12350,1,0.02254915883912867,Normal
TRP12351,1,0.08030261554042395,Normal
TRP12352,1,0.122480924260219,Normal
TRP12353,1,0.17251527588692872,Normal
TRP12354,1,0.1137691238550243,Normal
TRP12355,1,0.03001357106851399,Normal
TRP12356,1,0.058006743184094045,Normal
TRP12357,1,0.18150544746230524,Normal
TRP12358,1,0.09602958444605614,Normal
TRP12359,1,0.08261140391388472,Normal
TRP12360,1,0.036033842410150174,Normal
TRP12361,1,0.14881111140542302,Normal
TRP12362,1,0.14378796996877613,Normal
TRP12363,1,0.06676105124451359,Normal
TRP12364,1,0.0823285821877428,Normal
TRP12365,1,0.0077775357772913445,Normal
TRP12366,-1,-0.022691589261982337,Anomaly
TRP12367,1,0.12125631513318436,Normal
TRP12368,1,0.17562051415274121,Normal
TRP12369,1,0.08120286909533642,Normal
TRP12370,1,0.07110687425087514,Normal
TRP12371,1,0.027709341787879427,Normal
TRP12372,1,0.18259602808722608,Normal
TRP12373,1,0.0654558744489141,Normal
TRP12374,-1,-0.031120939244230206,Anomaly
TRP12375,1,0.17618629890706766,Normal
TRP12376,1,0.05123484742811624,Normal
TRP12377,1,0.18332725198793565,Normal
TRP12378,1,0.08714987834778498,Normal
TRP12379,1,0.15556747831187956,Normal
TRP12380,1,0.1012869757897713,Normal
TRP12381,1,0.17600423462607523,Normal
TRP12382,1,0.10379079399880575,Normal
TRP12383,1,0.0909633405736035,Normal
TRP12384,1,0.0739197916648926,Normal
TRP12385,-1,-0.010638464178181595,Anomaly
TRP12386,1,0.17644596720910616,Normal
TRP12387,1,0.15631702445842666,Normal
TRP12388,1,0.1693541875923666,Normal
TRP12389,1,0.10992011913986216,Normal
TRP12390,1,0.16486685983115884,Normal
TRP12391,1,0.1738735307968699,Normal
TRP12392,1,0.10170162096097984,Normal
TRP12393,1,0.16404981013577713,Normal
TRP12394,1,0.1442933018011947,Normal
TRP12395,-1,-0.007903660137756785,Anomaly
TRP12396,1,0.10136354076735143,Normal
TRP12397,1,0.10379079399880575,Normal
TRP12398,1,0.05347033518724853,Normal
TRP12399,1,0.09258790361215619,Normal
TRP12400,1,0.07444232327291522,Normal
TRP12401,1,0.021612211699035044,Normal
TRP12402,1,0.07397619722313276,Normal
TRP12403,1,0.06850004400255594,Normal
TRP12404,1,0.14978867294462428,Normal
TRP12405,1,0.12283387882359276,Normal
TRP12406,1,0.17272572075628484,Normal
TRP12407,-1,-0.024039787705364413,Anomaly
TRP12408,1,0.1460118571862835,Normal
TRP12409,1,0.10016047216605578,Normal
TRP12410,1,0.16264728918130683,Normal
TRP12411,1,0.07572285429788483,Normal
TRP12412,1,0.11485350235901487,Normal
TRP12413,1,0.18039440035420273,Normal
TRP12414,1,0.04032700198548467,Normal
TRP12415,1,0.06374331191273175,Normal
TRP12416,1,0.1362745313134457,Normal
TRP12417,1,0.05123484742811624,Normal
TRP12418,1,0.12834723889127703,Normal
TRP12419,1,0.022117958184389663,Normal
TRP12420,1,0.05123484742811624,Normal
TRP12421,1,0.13303237946282015,Normal
TRP12422,1,0.07712712839073083,Normal
TRP12423,1,0.05764934160729629,Normal
TRP12424,1,0.1539099468236892,Normal
TRP12425,1,0.12078862548114605,Normal
TRP12426,1,0.05639526785284432,Normal
TRP12427,1,0.09562935352554014,Normal
TRP12428,1,0.0645285217096524,Normal
TRP12429,-1,-0.0060432978136735205,Anomaly
TRP12430,-1,-0.06343597913530152,Anomaly
TRP12431,1,0.15750197018896583,Normal
TRP12432,-1,-0.01833827215210615,Anomaly
TRP12433,1,0.1566177893397359,Normal
TRP12434,1,0.1475096207299484,Normal
TRP12435,1,0.1606966907141245,Normal
TRP12436,1,0.1638404469891881,Normal
TRP12437,1,0.16844131364232612,Normal
TRP12438,1,0.15282851686157728,Normal
TRP12439,1,0.16660708879571817,Normal
TRP12440,1,0.15050813389628553,Normal
TRP12441,1,0.07563212578308637,Normal
TRP12442,1,0.1827327169020509,Normal
TRP12443,1,0.07385527877371179,Normal
TRP12444,1,0.13682427973757638,Normal
TRP12445,1,0.07150439809067366,Normal
TRP12446,1,0.13361309316923242,Normal
TRP12447,1,0.09840434780313145,Normal
TRP12448,1,0.14304060495700016,Normal
TRP12449,1,0.12299272216249207,Normal
TRP12450,1,0.17447681401997372,Normal
TRP12451,1,0.0026090346008340592,Normal
TRP12452,1,0.051321353305291195,Normal
TRP12453,1,0.09626708904310549,Normal
TRP12454,1,0.1596025169237824,Normal
TRP12455,1,0.01175216786721578,Normal
TRP12456,-1,-0.049615976774152304,Anomaly
TRP12457,1,0.06549168193734856,Normal
TRP12458,1,0.14711877616485797,Normal
TRP12459,1,0.11963833584022066,Normal
TRP12460,1,0.04257059871299218,Normal
TRP12461,1,0.11781787537962857,Normal
TRP12462,1,0.09562131980816724,Normal
TRP12463,1,0.0838718943939718,Normal
TRP12464,1,0.13485493856608677,Normal
TRP12465,1,0.07572285429788483,Normal
TRP12466,1,0.09218936860681487,Normal
TRP12467,1,0.11525266944717716,Normal
TRP12468,1,0.18106427003022224,Normal
TRP12469,1,0.013912319009879104,Normal
TRP12470,1,0.09652682908500881,Normal
TRP12471,1,0.09061490674692341,Normal
TRP12472,1,0.11842665297006622,Normal
TRP12473,1,0.0520642349089806,Normal
TRP12474,1,0.057555765321907204,Normal
TRP12475,1,0.14672227539665378,Normal
TRP12476,1,0.17944395354221981,Normal
TRP12477,1,0.15216172583426196,Normal
TRP12478,1,0.050230338430753196,Normal
TRP12479,1,0.046029206105725806,Normal
TRP12480,1,0.06372614466774329,Normal
TRP12481,1,0.09151117256663666,Normal
TRP12482,1,0.11247644674877572,Normal
TRP12483,1,0.05123484742811624,Normal
TRP12484,1,0.13736452315801323,Normal
TRP12485,1,0.17113369773238268,Normal
TRP12486,1,0.06922839709856876,Normal
TRP12487,1,0.1832405174254066,Normal
TRP12488,1,0.16021444371226212,Normal
TRP12489,1,0.11441362698021357,Normal
TRP12490,1,0.1394829781802822,Normal
TRP12491,1,0.10015747867743513,Normal
TRP12492,1,0.07305605080657918,Normal
TRP12493,1,0.07766024114727099,Normal
TRP12494,1,0.041380540656007936,Normal
TRP12495,1,0.10254624362040504,Normal
TRP12496,1,0.12966274090416918,Normal
TRP12497,1,0.18001706476568247,Normal
TRP12498,1,0.15194977306069068,Normal
TRP12499,1,0.02376951794662896,Normal
TRP12500,1,0.17157253039083864,Normal
TRP12501,1,0.1471575037242443,Normal
TRP12502,1,0.1644593155279056,Normal
TRP12503,1,0.04740669851441437,Normal
TRP12504,1,0.16845182482350657,Normal
TRP12505,1,0.09746752978961631,Normal
TRP12506,1,0.0694594628449604,Normal
TRP12507,1,0.08501691710678427,Normal
TRP12508,1,0.11633617659898887,Normal
TRP12509,-1,-0.05762846175423564,Anomaly
TRP12510,1,0.17866098591640278,Normal
TRP12511,1,0.13871562588376674,Normal
TRP12512,1,0.05123484742811624,Normal
TRP12513,1,0.09821113445738461,Normal
TRP12514,1,0.13354452491837343,Normal
TRP12515,1,0.0887428522356078,Normal
TRP12516,1,0.09391284711585124,Normal
TRP12517,1,0.16554811582583095,Normal
TRP12518,1,0.03191903832212384,Normal
TRP12519,1,0.08825450660868861,Normal
TRP12520,1,0.05661108556891126,Normal
TRP12521,1,0.07581313942283602,Normal
TRP12522,1,0.13412331172208392,Normal
TRP12523,1,0.050267168217606906,Normal
TRP12524,1,0.10640433238622887,Normal
TRP12525,1,0.06172137001235545,Normal
TRP12526,1,0.16455948958972366,Normal
TRP12527,1,0.09652946072833263,Normal
TRP12528,1,0.15421734093867023,Normal
TRP12529,1,0.09394393397797834,Normal
TRP12530,1,0.0838718943939718,Normal
TRP12531,1,0.13643662241179877,Normal
TRP12532,1,0.07158548711822121,Normal
TRP12533,1,0.07712374525272131,Normal
TRP12534,1,0.04344635435181754,Normal
TRP12535,1,0.08283994981717807,Normal
TRP12536,1,0.10681387653185415,Normal
TRP12537,1,0.016484660891095126,Normal
TRP12538,1,0.09430253856706405,Normal
TRP12539,1,0.12114977962253398,Normal
TRP12540,1,0.06824609390494396,Normal
TRP12541,1,0.17699980806166665,Normal
TRP12542,1,0.1362181127534111,Normal
TRP12543,1,0.07663445435412464,Normal
TRP12544,1,0.1684252179210604,Normal
TRP12545,1,0.1401423876514396,Normal
TRP12546,1,0.16985768462909528,Normal
TRP12547,1,0.14496796991105698,Normal
TRP12548,1,0.13726774967941968,Normal
TRP12549,1,0.1284169681033177,Normal
TRP12550,-1,-0.05045939498651575,Anomaly
TRP12551,1,0.03834817020458259,Normal
TRP12552,1,0.15476901442399,Normal
TRP12553,1,0.17667668561628846,Normal
TRP12554,1,0.11465238397892297,Normal
TRP12555,1,0.08221743161272516,Normal
TRP12556,1,0.08400648953133988,Normal
TRP12557,1,0.018785664988152928,Normal
TRP12558,1,0.12532731628005722,Normal
TRP12559,1,0.10584866470659127,Normal
TRP12560,1,0.1493083482641671,Normal
TRP12561,1,0.09812601791072628,Normal
TRP12562,1,0.18116224534852976,Normal
TRP12563,1,0.12491217924050024,Normal
TRP12564,1,0.09564529509847286,Normal
TRP12565,1,0.14025489517831424,Normal
TRP12566,1,0.05311033307695889,Normal
TRP12567,1,0.06824609390494396,Normal
TRP12568,1,0.1399927385397885,Normal
TRP12569,1,0.01048360197660514,Normal
TRP12570,1,0.14614750053418163,Normal
TRP12571,1,0.06644332935586916,Normal
TRP12572,1,0.17359723504435703,Normal
TRP12573,1,0.13819148795349223,Normal
TRP12574,1,0.10867419037543663,Normal
TRP12575,1,0.1462991766821048,Normal
TRP12576,1,0.13124534623871653,Normal
TRP12577,1,0.07479819992090475,Normal
TRP12578,1,0.15047957714647364,Normal
TRP12579,1,0.14687939617234935,Normal
TRP12580,1,0.019500505009681368,Normal
TRP12581,1,0.16861989434512764,Normal
TRP12582,1,0.18253839376487324,Normal
TRP12583,1,0.1473514516454451,Normal
TRP12584,1,0.01444433924885391,Normal
TRP12585,1,0.08750433495886989,Normal
TRP12586,1,0.06987511989508555,Normal
TRP12587,1,0.1683928188624676,Normal
TRP12588,1,0.06172137001235545,Normal
TRP12589,1,0.09913112891622611,Normal
TRP12590,1,0.1302922490221498,Normal
TRP12591,1,0.08777706397197033,Normal
TRP12592,1,0.07371225769296752,Normal
TRP12593,1,0.1648172159833292,Normal
TRP12594,1,0.05123484742811624,Normal
TRP12595,1,0.1272488081196962,Normal
TRP12596,1,0.10853304651276163,Normal
TRP12597,1,0.029032138463895074,Normal
TRP12598,1,0.16477519595150686,Normal
TRP12599,1,0.15674254886362637,Normal
TRP12600,1,0.09397259188838863,Normal
TRP12601,1,0.05855123939791207,Normal
TRP12602,1,0.17535513107559297,Normal
TRP12603,1,0.09504792706127368,Normal
TRP12604,1,0.07875283312612902,Normal
TRP12605,-1,-0.03159878427471485,Anomaly
TRP12606,1,0.0701407532968833,Normal
TRP12607,1,0.1813226582462058,Normal
TRP12608,1,0.0838718943939718,Normal
TRP12609,1,0.12638761771139878,Normal
TRP12610,1,0.08811987271975774,Normal
TRP12611,1,0.14841547482647444,Normal
TRP12612,1,0.0531241350460141,Normal
TRP12613,1,0.14412321545308499,Normal
TRP12614,1,0.10645627487014664,Normal
TRP12615,1,0.15114194723732083,Normal
TRP12616,1,0.17748909420530268,Normal
TRP12617,1,0.07145958872401847,Normal
TRP12618,1,0.09829029375918119,Normal
TRP12619,1,0.17809398333011167,Normal
TRP12620,1,0.1364885407865512,Normal
TRP12621,1,0.09049205701166574,Normal
TRP12622,1,0.18006993735648874,Normal
TRP12623,1,0.10009620786702189,Normal
TRP12624,1,0.15717217609672168,Normal
TRP12625,1,0.1646513416477517,Normal
TRP12626,1,0.031043900267049285,Normal
TRP12627,1,0.042956772138870836,Normal
TRP12628,1,0.13120670055088812,Normal
TRP12629,1,0.09205525540284065,Normal
TRP12630,1,0.10198646548923257,Normal
TRP12631,1,0.11811463712725817,Normal
TRP12632,1,0.12359405141207269,Normal
TRP12633,1,0.17190968699662407,Normal
TRP12634,1,0.07919475028455097,Normal
TRP12635,1,0.13069256465366008,Normal
TRP12636,-1,-0.04266854605774706,Anomaly
TRP12637,1,0.1855341490010458,Normal
TRP12638,1,0.17830232444524718,Normal
TRP12639,1,0.14946363367032972,Normal
TRP12640,1,0.16630050992766926,Normal
TRP12641,1,0.14058312328337724,Normal
TRP12642,1,0.11216207996209088,Normal
TRP12643,-1,-0.01680088396324997,Anomaly
TRP12644,1,0.14089835351494673,Normal
TRP12645,1,0.004261183568067595,Normal
TRP12646,1,0.16918226934606578,Normal
TRP12647,1,0.1670124066632711,Normal
TRP12648,1,0.08452358561546153,Normal
TRP12649,1,0.08164815939147957,Normal
TRP12650,1,0.025498635428415906,Normal
TRP12651,1,0.1517110003087232,Normal
TRP12652,1,0.11441118486997864,Normal
TRP12653,1,0.17538839676432688,Normal
TRP12654,1,0.05562196513390294,Normal
TRP12655,1,0.1652219797450724,Normal
TRP12656,1,0.16566983450946066,Normal
TRP12657,1,0.06919440739093408,Normal
TRP12658,1,0.15101722975637943,Normal
TRP12659,1,0.1315083885145184,Normal
TRP12660,1,0.09718217103615495,Normal
TRP12661,1,0.05308831388563229,Normal
TRP12662,1,0.14529881653180815,Normal
TRP12663,1,0.10272794545961023,Normal
TRP12664,1,0.16418628892914267,Normal
TRP12665,1,0.0758287215395031,Normal
TRP12666,1,0.04684159798544307,Normal
TRP12667,1,0.012755346430332493,Normal
TRP12668,1,0.14987988824049636,Normal
TRP12669,1,0.16024500297823974,Normal
TRP12670,1,0.17932272284785772,Normal
TRP12671,1,0.08334170784990902,Normal
TRP12672,1,0.1000115538306735,Normal
TRP12673,1,0.1301788325549228,Normal
TRP12674,1,0.13542684724464316,Normal
TRP12675,1,0.09214727345268309,Normal
TRP12676,1,0.18304031724774722,Normal
TRP12677,1,0.1646292110534987,Normal
TRP12678,1,0.10534800580423598,Normal
TRP12679,1,0.11844590253248954,Normal
TRP12680,1,0.1454573254206612,Normal
TRP12681,1,0.12143528350245714,Normal
TRP12682,1,0.1360587339017308,Normal
TRP12683,1,0.08260586998151892,Normal
TRP12684,1,0.14515202677199668,Normal
TRP12685,1,0.15553359206439227,Normal
TRP12686,1,0.13306502925789293,Normal
TRP12687,1,0.1209514491521893,Normal
TRP12688,1,0.14598863332174028,Normal
TRP12689,1,0.17645977762070403,Normal
TRP12690,1,0.18052439787674096,Normal
TRP12691,1,0.10861829570777115,Normal
TRP12692,1,0.15452110105176003,Normal
TRP12693,1,0.07337070120415312,Normal
TRP12694,1,0.07256565487018796,Normal
TRP12695,1,0.17428276756439637,Normal
TRP12696,1,0.1617283369518665,Normal
TRP12697,1,0.06668409049650381,Normal
TRP12698,1,0.13740201301232435,Normal
TRP12699,1,0.15673759633495754,Normal
TRP12700,1,0.06719325628328476,Normal
TRP12701,1,0.00344412670852301,Normal
TRP12702,1,0.07023052829737109,Normal
TRP12703,-1,-0.039771921895156104,Anomaly
TRP12704,1,0.1749380718217169,Normal
TRP12705,1,0.18092339359702053,Normal
TRP12706,1,0.08539002992980815,Normal
TRP12707,1,0.154982087261255,Normal
TRP12708,1,0.056784207004409115,Normal
TRP12709,1,0.1040377193407499,Normal
TRP12710,1,0.07628688928889754,Normal
TRP12711,1,0.0757514088443314,Normal
TRP12712,1,0.11998273556121403,Normal
TRP12713,1,0.07865505245920074,Normal
TRP12714,1,0.12864637148426877,Normal
TRP12715,1,0.09370511326592967,Normal
TRP12716,1,0.09888731912189275,Normal
TRP12717,1,0.07624989906360896,Normal
TRP12718,1,0.1670350928463391,Normal
TRP12719,1,0.1611529554266664,Normal
TRP12720,1,0.13133274547370488,Normal
TRP12721,1,0.058006743184094045,Normal
TRP12722,1,0.11277985255649209,Normal
TRP12723,1,0.10344825589100543,Normal
TRP12724,1,0.09350597659547444,Normal
TRP12725,1,0.11724301192794806,Normal
TRP12726,1,0.1517496721219313,Normal
TRP12727,1,0.17323486248682018,Normal
TRP12728,1,0.08979945913419074,Normal
TRP12729,1,0.14765499180690428,Normal
TRP12730,1,0.13166641416951896,Normal
TRP12731,-1,-0.03817243909831436,Anomaly
TRP12732,1,0.046029206105725806,Normal
TRP12733,1,0.18113196961993094,Normal
TRP12734,1,0.08268208862653686,Normal
TRP12735,1,0.011305158537322169,Normal
TRP12736,1,0.06260345528194555,Normal
TRP12737,1,0.17892538767696892,Normal
TRP12738,1,0.11867094660132521,Normal
TRP12739,1,0.03557656762441608,Normal
TRP12740,1,0.058511099116150045,Normal
TRP12741,1,0.08501691710678427,Normal
TRP12742,1,0.05675088578848042,Normal
TRP12743,1,0.08224067747080877,Normal
TRP12744,1,0.17041697204910028,Normal
TRP12745,1,0.1655543467677984,Normal
TRP12746,1,0.1300663316318294,Normal
TRP12747,1,0.15357548862188497,Normal
TRP12748,1,0.08041614173589534,Normal
TRP12749,1,0.13910509096856438,Normal
TRP12750,1,0.05607906563133058,Normal
TRP12751,1,0.05870277886774544,Normal
TRP12752,1,0.12241038761868006,Normal
TRP12753,1,0.022549420588801716,Normal
TRP12754,1,0.0619419995375573,Normal
TRP12755,1,0.10245262523747922,Normal
TRP12756,1,0.1261163335973881,Normal
TRP12757,1,0.1209931664181611,Normal
TRP12758,1,0.054763530727919396,Normal
TRP12759,1,0.17090013221995837,Normal
TRP12760,1,0.18385538046759975,Normal
TRP12761,1,0.06195092399768065,Normal
TRP12762,1,0.15844346754740307,Normal
TRP12763,1,0.09557322097868853,Normal
TRP12764,1,0.11481392104897242,Normal
TRP12765,1,0.10689432763096629,Normal
TRP12766,1,0.1585146956085428,Normal
TRP12767,1,0.14795832025451644,Normal
TRP12768,1,0.17994542803622948,Normal
TRP12769,1,0.1681325778429575,Normal
TRP12770,1,0.16910046102989978,Normal
TRP12771,1,0.09148668759571604,Normal
TRP12772,1,0.06021581239579077,Normal
TRP12773,1,0.15672444044247674,Normal
TRP12774,1,0.1857966197451068,Normal
TRP12775,1,0.05123484742811624,Normal
TRP12776,1,0.13747120324703088,Normal
TRP12777,1,0.08337843685262436,Normal
TRP12778,1,0.18316835772027146,Normal
TRP12779,1,0.12212109761889983,Normal
TRP12780,1,0.18001545827781512,Normal
TRP12781,1,0.07412420124228114,Normal
TRP12782,1,0.019510453450471088,Normal
TRP12783,1,0.1376273308300523,Normal
TRP12784,1,0.08971187642017187,Normal
TRP12785,1,0.11916700273080416,Normal
TRP12786,1,0.17919476049332506,Normal
TRP12787,1,0.021240133535145422,Normal
TRP12788,1,0.013049108961987854,Normal
TRP12789,1,0.1584969821097731,Normal
TRP12790,1,0.12945275544489193,Normal
TRP12791,1,0.06327182153714661,Normal
TRP12792,1,0.14476733320633461,Normal
TRP12793,1,0.08394752769173586,Normal
TRP12794,1,0.07099059616310299,Normal
TRP12795,1,0.14858119578066165,Normal
TRP12796,1,0.17566038425916342,Normal
TRP12797,1,0.17407684530376633,Normal
TRP12798,1,0.1633959312133899,Normal
TRP12799,1,0.14517839916200598,Normal
TRP12800,1,0.07137700950637715,Normal
TRP12801,1,0.07337814994580072,Normal
TRP12802,1,0.0031815849128024043,Normal
TRP12803,-1,-0.011435406403171311,Anomaly
TRP12804,1,0.17466898211438697,Normal
TRP12805,1,0.09087586102443634,Normal
TRP12806,1,0.04422889869365498,Normal
TRP12807,1,0.05308831388563229,Normal
TRP12808,-1,-0.12159105521476243,Anomaly
TRP12809,1,0.049678621784495114,Normal
TRP12810,1,0.1470266210801212,Normal
TRP12811,1,0.18167767861978068,Normal
TRP12812,1,0.1424015998525247,Normal
TRP12813,1,0.10579409407857238,Normal
TRP12814,1,0.1641052403133666,Normal
TRP12815,1,0.16810353440582904,Normal
TRP12816,1,0.11945201578670317,Normal
TRP12817,1,0.09319813891073864,Normal
TRP12818,1,0.10715994455694439,Normal
TRP12819,1,0.08178204900831981,Normal
TRP12820,1,0.13666936726065998,Normal
TRP12821,1,0.17162977611865265,Normal
TRP12822,1,0.1701254474260782,Normal
TRP12823,1,0.08661450810972832,Normal
TRP12824,1,0.11370977251312003,Normal
TRP12825,1,0.09532420504535982,Normal
TRP12826,1,0.0816775995281872,Normal
TRP12827,1,0.14286919008704585,Normal
TRP12828,1,0.07628688928889754,Normal
TRP12829,1,0.08626993968809182,Normal
TRP12830,1,0.054217087176971934,Normal
TRP12831,1,0.07484702960261569,Normal
TRP12832,1,0.09528201676026438,Normal
TRP12833,1,0.04534046543089554,Normal
TRP12834,1,0.17604152400164846,Normal
TRP12835,1,0.0753698402855269,Normal
TRP12836,1,0.11961389825584234,Normal
TRP12837,1,0.08404407199282998,Normal
TRP12838,1,0.1565965039747752,Normal
TRP12839,1,0.16210825734854845,Normal
TRP12840,1,0.03485057649880596,Normal
TRP12841,1,0.12163220176626027,Normal
TRP12842,1,0.1392249553562449,Normal
TRP12843,1,0.11948774633867709,Normal
TRP12844,1,0.07337070120415312,Normal
TRP12845,1,0.06668409049650381,Normal
TRP12846,1,0.17694107081270904,Normal
TRP12847,1,0.10540705418584334,Normal
TRP12848,1,0.09562131980816724,Normal
TRP12849,1,0.052707824497270406,Normal
TRP12850,1,0.0077775357772913445,Normal
TRP12851,1,0.007593497233313928,Normal
TRP12852,1,0.08375891527086488,Normal
TRP12853,1,0.1144081203441234,Normal
TRP12854,1,0.07712374525272131,Normal
TRP12855,1,0.07220889481676485,Normal
TRP12856,1,0.15670550781763942,Normal
TRP12857,1,0.16587822461459728,Normal
TRP12858,1,0.06365384212669645,Normal
TRP12859,1,0.10687290764390084,Normal
TRP12860,1,0.09714911523883624,Normal
TRP12861,1,0.1176843747278194,Normal
TRP12862,1,0.10237351603554534,Normal
TRP12863,1,0.17338703283208212,Normal
TRP12864,1,0.04686909252007376,Normal
TRP12865,1,0.11843934588965155,Normal
TRP12866,1,0.0038432499931702058,Normal
TRP12867,1,0.16844154445043863,Normal
TRP12868,1,0.05069842006561365,Normal
TRP12869,1,0.009680987750699921,Normal
TRP12870,1,0.07329457951672624,Normal
TRP12871,1,0.01599219491995796,Normal
TRP12872,1,0.18068157076841662,Normal
TRP12873,1,0.16796965911894346,Normal
TRP12874,1,0.1382055659221746,Normal
TRP12875,1,0.08243452731345063,Normal
TRP12876,1,0.08782935060264602,Normal
TRP12877,1,0.09714911523883624,Normal
TRP12878,1,0.09176804868898858,Normal
TRP12879,1,0.10177114112717311,Normal
TRP12880,1,0.11579501115514718,Normal
TRP12881,1,0.07829615269043882,Normal
TRP12882,1,0.05462462573304461,Normal
TRP12883,1,0.1051051467369119,Normal
TRP12884,1,0.05134375118247314,Normal
TRP12885,1,0.15672189712258727,Normal
TRP12886,1,0.032024947880865295,Normal
TRP12887,1,0.1816218675047065,Normal
TRP12888,1,0.12630392658766593,Normal
TRP12889,1,0.15024150184782342,Normal
TRP12890,1,0.07150439809067366,Normal
TRP12891,1,0.08359095561191188,Normal
TRP12892,1,0.16478290509650423,Normal
TRP12893,1,0.14423883211245786,Normal
TRP12894,1,0.17549687149362825,Normal
TRP12895,1,0.18108556950931415,Normal
TRP12896,1,0.08337289365236411,Normal
TRP12897,1,0.06549168193734856,Normal
TRP12898,1,0.15854440547783494,Normal
TRP12899,1,0.0980071190852258,Normal
TRP12900,1,0.14023498040304977,Normal
TRP12901,1,0.16093298343512236,Normal
TRP12902,1,0.15781812316638633,Normal
TRP12903,1,0.12173424198642158,Normal
TRP12904,1,0.057555765321907204,Normal
TRP12905,1,0.09804678948297252,Normal
TRP12906,1,0.0910280631278132,Normal
TRP12907,1,0.09450224925630701,Normal
TRP12908,1,0.17257381001251004,Normal
TRP12909,1,0.06361139219287237,Normal
TRP12910,1,0.11614955500592433,Normal
TRP12911,1,0.17145834906328783,Normal
TRP12912,1,0.18218124179709078,Normal
TRP12913,1,0.06470646455382811,Normal
TRP12914,1,0.18119865581644623,Normal
TRP12915,1,0.09815538877402374,Normal
TRP12916,1,0.14465144195525143,Normal
TRP12917,1,0.07371225769296752,Normal
TRP12918,1,0.1813601658339134,Normal
TRP12919,-1,-0.041141957199386514,Anomaly
TRP12920,1,0.09718217103615495,Normal
TRP12921,1,0.08518964982442628,Normal
TRP12922,1,0.16338068283086693,Normal
TRP12923,1,0.10857547346642948,Normal
TRP12924,1,0.09247086962491613,Normal
TRP12925,1,0.1662502960739094,Normal
TRP12926,1,0.07183861345858333,Normal
TRP12927,1,0.1719472587628364,Normal
TRP12928,1,0.0979852457497532,Normal
TRP12929,1,0.1317792812642397,Normal
TRP12930,1,0.057555765321907204,Normal
TRP12931,1,0.06981813096055667,Normal
TRP12932,1,0.0538644958309864,Normal
TRP12933,1,0.03274587629544368,Normal
TRP12934,1,0.11947477666460421,Normal
TRP12935,1,0.039868027207529466,Normal
TRP12936,1,0.14671390129076178,Normal
TRP12937,1,0.11094845307643475,Normal
TRP12938,1,0.1182799593394735,Normal
TRP12939,1,0.07167140712656972,Normal
TRP12940,1,0.15036916884185986,Normal
TRP12941,-1,-0.014989078971488934,Anomaly
TRP12942,1,0.17434192536000387,Normal
TRP12943,1,0.10588921191935113,Normal
TRP12944,1,0.15029217919995497,Normal
TRP12945,1,0.1532438940290186,Normal
TRP12946,1,0.11228039449479427,Normal
TRP12947,1,0.10210938789506213,Normal
TRP12948,-1,-0.023406457104887646,Anomaly
TRP12949,1,0.08378673114716573,Normal
TRP12950,1,0.0569227792973549,Normal
TRP12951,1,0.030708197884601662,Normal
TRP12952,1,0.1138517595938045,Normal
TRP12953,1,0.1671651344802742,Normal
TRP12954,1,0.1752059895872668,Normal
TRP12955,1,0.14992041015429491,Normal
TRP12956,1,0.15374592829995426,Normal
TRP12957,1,0.09218936860681487,Normal
TRP12958,1,0.14144496851361138,Normal
TRP12959,1,0.12181748009846355,Normal
TRP12960,1,0.15974975331143187,Normal
TRP12961,1,0.14776600026091596,Normal
TRP12962,1,0.14135014929406958,Normal
TRP12963,1,0.05640507239387249,Normal
TRP12964,1,0.15211837143292456,Normal
TRP12965,1,0.056389677536929694,Normal
TRP12966,1,0.03200048081615381,Normal
TRP12967,1,0.045300596611860366,Normal
TRP12968,1,0.051436131198071555,Normal
TRP12969,1,0.11053741719307902,Normal
TRP12970,1,0.11082525001619153,Normal
TRP12971,1,0.10811455430907807,Normal
TRP12972,1,0.17295848838853178,Normal
TRP12973,1,0.05123484742811624,Normal
TRP12974,1,0.03462245019627286,Normal
TRP12975,1,0.10879685672997119,Normal
TRP12976,1,0.08155837143437661,Normal
TRP12977,1,0.07777234399775262,Normal
TRP12978,1,0.09812601791072628,Normal
TRP12979,1,0.1010500582531918,Normal
TRP12980,1,0.13908510642412564,Normal
TRP12981,1,0.07639827318344455,Normal
TRP12982,1,0.16129872921848815,Normal
TRP12983,1,0.1542257321141916,Normal
TRP12984,1,0.04182738644742734,Normal
TRP12985,1,0.09718217103615495,Normal
TRP12986,1,0.050718685449557155,Normal
TRP12987,1,0.046385779545244143,Normal
TRP12988,1,0.16016272468494547,Normal
TRP12989,1,0.16218721372778566,Normal
TRP12990,1,0.1243681614832815,Normal
TRP12991,1,0.1013435864428982,Normal
TRP12992,1,0.0979852457497532,Normal
TRP12993,1,0.034109089839156725,Normal
TRP12994,1,0.030708197884601662,Normal
TRP12995,1,0.06981813096055667,Normal
TRP12996,1,0.16216344923822107,Normal
TRP12997,1,0.16972261766052577,Normal
TRP12998,1,0.1386928544409779,Normal
TRP12999,1,0.09821113445738461,Normal
TRP13000,1,0.07182203790063346,Normal
TRP13001,1,0.024324671475846715,Normal
TRP13002,1,0.12808070444222025,Normal
TRP13003,1,0.09669460981633088,Normal
TRP13004,1,0.17591991848549393,Normal
TRP13005,1,0.18056235028845447,Normal
TRP13006,1,0.11389531364144884,Normal
TRP13007,1,0.17553241878894055,Normal
TRP13008,1,0.11386436786639492,Normal
TRP13009,1,0.017401211675003192,Normal
TRP13010,1,0.14420958597353872,Normal
TRP13011,1,0.09167762106141258,Normal
TRP13012,1,0.10379079399880575,Normal
TRP13013,1,0.11712958688467756,Normal
TRP13014,1,0.050267168217606906,Normal
TRP13015,1,0.04147002301949987,Normal
TRP13016,1,0.11736297330850554,Normal
TRP13017,1,0.1745971871309699,Normal
TRP13018,1,0.17763463772803306,Normal
TRP13019,1,0.004219080633705463,Normal
TRP13020,1,0.052732596062851966,Normal
TRP13021,1,0.08441711598044249,Normal
TRP13022,1,0.04369796546305815,Normal
TRP13023,-1,-0.014281450217991432,Anomaly
TRP13024,1,0.1534704157731695,Normal
TRP13025,1,0.05782113543215195,Normal
TRP13026,1,0.14178327423090248,Normal
TRP13027,1,0.09079262061119991,Normal
TRP13028,1,0.1273787637545662,Normal
TRP13029,1,0.16809316680535863,Normal
TRP13030,1,0.059908584129220066,Normal
TRP13031,1,0.1569494311964103,Normal
TRP13032,-1,-0.067881875782008,Anomaly
TRP13033,1,0.09995444456431274,Normal
TRP13034,1,0.059002179876557426,Normal
TRP13035,1,0.11734760395107979,Normal
TRP13036,1,0.0036796505225658027,Normal
TRP13037,1,0.15278379013616733,Normal
TRP13038,1,0.1171784107949721,Normal
TRP13039,1,0.16222633849164497,Normal
TRP13040,1,0.18026251712173558,Normal
TRP13041,1,0.15091470430026238,Normal
TRP13042,1,0.1589350976957798,Normal
TRP13043,1,0.06403522269760187,Normal
TRP13044,1,0.055308047545705064,Normal
TRP13045,1,0.0388989602436306,Normal
TRP13046,1,0.08084902370737174,Normal
TRP13047,-1,-0.03235627818729159,Anomaly
TRP13048,1,0.15859157115738565,Normal
TRP13049,1,0.09945050873691985,Normal
TRP13050,1,0.12783171896645473,Normal
TRP13051,1,0.05123484742811624,Normal
TRP13052,1,0.16479312445854283,Normal
TRP13053,1,0.05489006170176236,Normal
TRP13054,1,0.1339407827822784,Normal
TRP13055,-1,-0.049671115234467766,Anomaly
TRP13056,1,0.16577872614668487,Normal
TRP13057,1,0.1334811001655224,Normal
TRP13058,1,0.09913112891622611,Normal
TRP13059,1,0.18156349350176032,Normal
TRP13060,1,0.10106708939071468,Normal
TRP13061,1,0.15205827382258252,Normal
TRP13062,1,0.018343972754082727,Normal
TRP13063,1,0.16141516446683402,Normal
TRP13064,1,0.07371225769296752,Normal
TRP13065,1,0.09906296956002553,Normal
TRP13066,1,0.11387128861980589,Normal
TRP13067,1,0.05123484742811624,Normal
TRP13068,1,0.13058738801826425,Normal
TRP13069,1,0.12246749560299225,Normal
TRP13070,1,0.1126279354309111,Normal
TRP13071,1,0.17533737717973835,Normal
TRP13072,1,0.04065626353378815,Normal
TRP13073,1,0.1388942679529377,Normal
TRP13074,1,0.05486773156139835,Normal
TRP13075,1,0.14742382037717122,Normal
TRP13076,1,0.13571545179146405,Normal
TRP13077,1,0.08660530339463307,Normal
TRP13078,1,0.05082563856546651,Normal
TRP13079,1,0.059177465784801986,Normal
TRP13080,1,0.12173649125119912,Normal
TRP13081,1,0.04011625649648887,Normal
TRP13082,1,0.06867228413711335,Normal
TRP13083,1,0.04646029760434511,Normal
TRP13084,1,0.09041723040939376,Normal
TRP13085,1,0.09771148357120124,Normal
TRP13086,1,0.15003756572211024,Normal
TRP13087,1,0.12378606184313568,Normal
TRP13088,1,0.17466204750949854,Normal
TRP13089,1,0.0813173435601311,Normal
TRP13090,1,0.16600800413796968,Normal
TRP13091,1,0.13593071868496287,Normal
TRP13092,1,0.001502282040195313,Normal
TRP13093,1,0.07286667809332381,Normal
TRP13094,1,0.06328950857198268,Normal
TRP13095,1,0.1497657313319536,Normal
TRP13096,1,0.10210938789506213,Normal
TRP13097,1,0.07225834113782992,Normal
TRP13098,1,0.04396992257688137,Normal
TRP13099,1,0.0007359569510877462,Normal
TRP13100,1,0.15545598650044806,Normal
TRP13101,1,0.14401884893503908,Normal
TRP13102,1,0.1670988064901771,Normal
TRP13103,1,0.11730690606506844,Normal
TRP13104,1,0.09901335328559113,Normal
TRP13105,1,0.14025806312764505,Normal
TRP13106,1,0.0853916424986923,Normal
TRP13107,1,0.08221743161272516,Normal
TRP13108,1,0.09700458924334732,Normal
TRP13109,1,0.11550055134913861,Normal
TRP13110,1,0.07150124671333191,Normal
TRP13111,1,0.04771293697662182,Normal
TRP13112,1,0.08871991437843063,Normal
TRP13113,-1,-0.020937599206228508,Anomaly
TRP13114,1,0.0274830863893315,Normal
TRP13115,1,0.13053597286688196,Normal
TRP13116,-1,-0.004546255937712629,Anomaly
TRP13117,1,0.183117016439732,Normal
TRP13118,-1,-0.048875052910588246,Anomaly
TRP13119,1,0.04828289065868796,Normal
TRP13120,1,0.08523864655016294,Normal
TRP13121,1,0.1093729174428586,Normal
TRP13122,1,0.0031815849128024043,Normal
TRP13123,1,0.14433976004061344,Normal
TRP13124,1,0.07572285429788483,Normal
TRP13125,1,0.1070206638760795,Normal
TRP13126,1,0.06668409049650381,Normal
TRP13127,1,0.08480343171752386,Normal
TRP13128,1,0.09232574759211554,Normal
TRP13129,1,0.0757514088443314,Normal
TRP13130,1,0.1684624647047071,Normal
TRP13131,1,0.1504452489805979,Normal
TRP13132,1,0.047192953972895135,Normal
TRP13133,1,0.17053027179618335,Normal
TRP13134,1,0.09918203264921593,Normal
TRP13135,1,0.13057790136908015,Normal
TRP13136,1,0.07421986139633019,Normal
TRP13137,1,0.05695883114092948,Normal
TRP13138,1,0.15681192579096925,Normal
TRP13139,1,0.17928671386954437,Normal
TRP13140,1,0.0342342779727548,Normal
TRP13141,1,0.1706568485507337,Normal
TRP13142,1,0.15184028684384093,Normal
TRP13143,1,0.09652714056946171,Normal
TRP13144,1,0.007664330920203244,Normal
TRP13145,1,0.17695606810116526,Normal
TRP13146,1,0.12240873434937755,Normal
TRP13147,1,0.059767327240767276,Normal
TRP13148,1,0.08092648175311218,Normal
TRP13149,1,0.10769616419053962,Normal
TRP13150,1,0.18531993983329248,Normal
TRP13151,1,0.18139352724002616,Normal
TRP13152,1,0.061229661566749916,Normal
TRP13153,1,0.06324240573179407,Normal
TRP13154,1,0.09167762106141258,Normal
TRP13155,1,0.016496291945351627,Normal
TRP13156,1,0.09329980401357285,Normal
TRP13157,1,0.17278978396024897,Normal
TRP13158,1,0.05798305188969555,Normal
TRP13159,1,0.16913746747756786,Normal
TRP13160,1,0.10129066042776519,Normal
TRP13161,-1,-0.061593278753646286,Anomaly
TRP13162,1,0.15238388241880246,Normal
TRP13163,1,0.06623506613746455,Normal
TRP13164,1,0.08507061741091776,Normal
TRP13165,1,0.09672818136409639,Normal
TRP13166,1,0.021455979391779456,Normal
TRP13167,1,0.13768173080808532,Normal
TRP13168,1,0.10984415838901573,Normal
TRP13169,1,0.17453240356442823,Normal
TRP13170,1,0.013879685429603605,Normal
TRP13171,1,0.11351105390747651,Normal
TRP13172,1,0.09125665715958076,Normal
TRP13173,1,0.0789481137437752,Normal
TRP13174,1,0.0077775357772913445,Normal
TRP13175,1,0.09931086320197563,Normal
TRP13176,1,0.05123484742811624,Normal
TRP13177,1,0.025573296484658226,Normal
TRP13178,1,0.1568181100612216,Normal
TRP13179,1,0.01779021900198441,Normal
TRP13180,1,0.13850098739613587,Normal
TRP13181,1,0.09257684194834437,Normal
TRP13182,1,0.10643806170919345,Normal
TRP13183,1,0.09358987713396266,Normal
TRP13184,1,0.1203996546284481,Normal
TRP13185,1,0.07504066169054457,Normal
TRP13186,1,0.16629052871334787,Normal
TRP13187,1,0.155227862217167,Normal
TRP13188,1,0.07023052829737109,Normal
TRP13189,1,0.10856202497994749,Normal
TRP13190,1,0.05963187948254467,Normal
TRP13191,1,0.0586495183330803,Normal
TRP13192,1,0.12959140300626826,Normal
TRP13193,1,0.1731822769848646,Normal
TRP13194,1,0.11790936045502753,Normal
TRP13195,1,0.07839718960419095,Normal
TRP13196,1,0.0868102109893602,Normal
TRP13197,1,0.15851893344117696,Normal
TRP13198,1,0.15516354366091822,Normal
TRP13199,1,0.13005989327056772,Normal
TRP13200,1,0.14154177294151948,Normal
TRP13201,1,0.09829029375918119,Normal
TRP13202,1,0.0767898677584567,Normal
TRP13203,1,0.15144460789373848,Normal
TRP13204,1,0.16734060367210657,Normal
TRP13205,1,0.14877432409101193,Normal
TRP13206,1,0.13112623841738213,Normal
TRP13207,1,0.16144732892646546,Normal
TRP13208,1,0.16787748373354322,Normal
TRP13209,1,0.1741616619898001,Normal
TRP13210,1,0.12417470271241915,Normal
TRP13211,-1,-0.05418435531443433,Anomaly
TRP13212,1,0.09357170904713114,Normal
TRP13213,1,0.1703150506822002,Normal
TRP13214,-1,-0.005736986213339845,Anomaly
TRP13215,1,0.11014134256513003,Normal
TRP13216,1,0.09002349944906096,Normal
TRP13217,1,0.1692776481187495,Normal
TRP13218,1,0.15911134066056637,Normal
TRP13219,1,0.17020168917119877,Normal
TRP13220,1,0.17043391911296035,Normal
TRP13221,1,0.0997117866971513,Normal
TRP13222,1,0.07288872704178306,Normal
TRP13223,1,0.07624989906360896,Normal
TRP13224,-1,-0.01680088396324997,Anomaly
TRP13225,1,0.041531516537957947,Normal
TRP13226,1,0.09313924275546553,Normal
TRP13227,1,0.17298982370899696,Normal
TRP13228,1,0.051436131198071555,Normal
TRP13229,1,0.12867168679470137,Normal
TRP13230,1,0.070949063748725,Normal
TRP13231,1,0.07385527877371179,Normal
TRP13232,-1,-0.012122796116380452,Anomaly
TRP13233,1,0.0925399205046834,Normal
TRP13234,1,0.10301249694690912,Normal
TRP13235,1,0.10578535307408526,Normal
TRP13236,1,0.14538990920836614,Normal
TRP13237,1,0.030708197884601662,Normal
TRP13238,1,0.07658082930809351,Normal
TRP13239,1,0.0811510442826342,Normal
TRP13240,1,0.05385477441102049,Normal
TRP13241,1,0.09895783741385611,Normal
TRP13242,-1,-0.044274959977926076,Anomaly
TRP13243,1,0.17413216525892317,Normal
TRP13244,1,0.1454579558000455,Normal
TRP13245,1,0.161595919248685,Normal
TRP13246,1,0.07881086142362936,Normal
TRP13247,1,0.10262794963017358,Normal
TRP13248,1,0.08796889949400244,Normal
TRP13249,1,0.17627974347504283,Normal
TRP13250,1,0.05123484742811624,Normal
TRP13251,1,0.07158548711822121,Normal
TRP13252,1,0.11681003476360147,Normal
TRP13253,1,0.019353184206743257,Normal
TRP13254,1,0.12320728478360432,Normal
TRP13255,1,0.04260401360919419,Normal
TRP13256,1,0.1795568437860594,Normal
TRP13257,1,0.06014577167971202,Normal
TRP13258,1,0.08825450660868861,Normal
TRP13259,1,0.12985151223921515,Normal
TRP13260,1,0.09522756374795527,Normal
TRP13261,1,0.18154545114999998,Normal
TRP13262,1,0.17998827937546452,Normal
TRP13263,1,0.1367706685816617,Normal
TRP13264,1,0.09968392695437939,Normal
TRP13265,1,0.15156122773643188,Normal
TRP13266,1,0.029307659570021127,Normal
TRP13267,1,0.1754929827592105,Normal
TRP13268,1,0.14456112369473179,Normal
TRP13269,1,0.11413430032473898,Normal
TRP13270,1,0.14931525727179001,Normal
TRP13271,1,0.08205013657068361,Normal
TRP13272,1,0.0979852457497532,Normal
TRP13273,1,0.15065947237703942,Normal
TRP13274,1,0.1499331124379193,Normal
TRP13275,1,0.09807527630321367,Normal
TRP13276,1,0.11695445932631215,Normal
TRP13277,1,0.08732795123669596,Normal
TRP13278,1,0.07820098762590011,Normal
TRP13279,1,0.09419746474943069,Normal
TRP13280,1,0.17862422397503902,Normal
TRP13281,1,0.07602889237077781,Normal
TRP13282,1,0.07471558538789436,Normal
TRP13283,1,0.15293312149528127,Normal
TRP13284,1,0.05123484742811624,Normal
TRP13285,1,0.01861754900737178,Normal
TRP13286,1,0.09136514282784125,Normal
TRP13287,1,0.17513498627130453,Normal
TRP13288,1,0.037154287264127506,Normal
TRP13289,1,0.022949923241151304,Normal
TRP13290,1,0.11962470941313497,Normal
TRP13291,1,0.13337014747522918,Normal
TRP13292,1,0.16738562376487093,Normal
TRP13293,1,0.07771156944181112,Normal
TRP13294,1,0.1702479536053107,Normal
TRP13295,1,0.12184065593167132,Normal
TRP13296,1,0.1848418250757266,Normal
TRP13297,1,0.17147382767495073,Normal
TRP13298,1,0.1190791026415538,Normal
TRP13299,1,0.14166382383494847,Normal
TRP13300,1,0.15703387993461232,Normal
TRP13301,1,0.13309834906426266,Normal
TRP13302,1,0.0630289181652035,Normal
TRP13303,1,0.11717650746233255,Normal
TRP13304,1,0.11389672561141884,Normal
TRP13305,1,0.15904690070601302,Normal
TRP13306,1,0.06808757459870929,Normal
TRP13307,1,0.10016047216605578,Normal
TRP13308,1,0.1205408545442962,Normal
TRP13309,1,0.04556619268227813,Normal
TRP13310,-1,-0.03435891613594877,Anomaly
TRP13311,1,0.10262794963017358,Normal
TRP13312,1,0.16442417887759048,Normal
TRP13313,1,0.10983017202122036,Normal
TRP13314,1,0.08067202941603646,Normal
TRP13315,1,0.13041625308313537,Normal
TRP13316,1,0.15229904158450347,Normal
TRP13317,1,0.07952143909742487,Normal
TRP13318,1,0.14326895117658256,Normal
TRP13319,1,0.16528741618248827,Normal
TRP13320,1,0.12182834585062297,Normal
TRP13321,1,0.02722731672503076,Normal
TRP13322,1,0.08298752434357848,Normal
TRP13323,1,0.08835846963659755,Normal
TRP13324,1,0.14487589831580283,Normal
TRP13325,1,0.13714143996788536,Normal
TRP13326,1,0.12764223274347647,Normal
TRP13327,1,0.16095667845715722,Normal
TRP13328,1,0.12567126124083355,Normal
TRP13329,1,0.11888392976668744,Normal
TRP13330,1,0.17709322913831366,Normal
TRP13331,1,0.10012433875052135,Normal
TRP13332,1,0.08825450660868861,Normal
TRP13333,1,0.03624341063871772,Normal
TRP13334,1,0.1161548576214333,Normal
TRP13335,1,0.06475093324165315,Normal
TRP13336,1,0.12019557681187554,Normal
TRP13337,1,0.1313431237674184,Normal
TRP13338,1,0.08390720204951907,Normal
TRP13339,1,0.031876235204031045,Normal
TRP13340,1,0.10290586309612987,Normal
TRP13341,1,0.16034783920007173,Normal
TRP13342,1,0.15934962339782127,Normal
TRP13343,1,0.17791365603592474,Normal
TRP13344,1,0.14886228373247445,Normal
TRP13345,1,0.11612642553380037,Normal
TRP13346,1,0.15726515973309912,Normal
TRP13347,1,0.05869415189085048,Normal
TRP13348,1,0.17631055132536405,Normal
TRP13349,1,0.17405127541117588,Normal
TRP13350,1,0.10528566568063275,Normal
TRP13351,1,0.16144904684475125,Normal
TRP13352,1,0.10923476712264923,Normal
TRP13353,1,0.16428306738699233,Normal
TRP13354,1,0.16412981600043414,Normal
TRP13355,1,0.16797127618458918,Normal
TRP13356,1,0.10106708939071468,Normal
TRP13357,1,0.15677538396033097,Normal
TRP13358,1,0.10859294277405063,Normal
TRP13359,1,0.09510724304372858,Normal
TRP13360,1,0.18066033831406564,Normal
TRP13361,1,0.10425750191846855,Normal
TRP13362,1,0.1766743992822446,Normal
TRP13363,1,0.0753698402855269,Normal
TRP13364,1,0.03445387715966086,Normal
TRP13365,1,0.07267131560430728,Normal
TRP13366,1,0.16753032957234104,Normal
TRP13367,1,0.10262794963017358,Normal
TRP13368,1,0.1598403088390528,Normal
TRP13369,1,0.053381379074184054,Normal
TRP13370,1,0.10238646373640242,Normal
TRP13371,1,0.15362105927391273,Normal
TRP13372,1,0.08811987271975774,Normal
TRP13373,1,0.10089848619681463,Normal
TRP13374,1,0.044737123740430595,Normal
TRP13375,1,0.06016277432591943,Normal
TRP13376,1,0.11535475592296407,Normal
TRP13377,1,0.14485812074365378,Normal
TRP13378,1,0.18136804423559183,Normal
TRP13379,1,0.02013128225976968,Normal
TRP13380,-1,-0.016219999595070145,Anomaly
TRP13381,1,0.02643166303162947,Normal
TRP13382,1,0.0979852457497532,Normal
TRP13383,1,0.03724456685484845,Normal
TRP13384,1,0.1758629162079542,Normal
TRP13385,1,0.12819278876977214,Normal
TRP13386,1,0.10183240387890691,Normal
TRP13387,1,0.17285197197466412,Normal
TRP13388,1,0.08155837143437661,Normal
TRP13389,1,0.030534478745538607,Normal
TRP13390,1,0.12961333126949198,Normal
TRP13391,-1,-0.00397597216447132,Anomaly
TRP13392,1,0.11422840825856168,Normal
TRP13393,-1,-0.09993161690795183,Anomaly
TRP13394,1,0.1534746092168081,Normal
TRP13395,1,0.08249100760834077,Normal
TRP13396,1,0.0699112621149951,Normal
TRP13397,1,0.12865837410726483,Normal
TRP13398,1,0.052531531574734114,Normal
TRP13399,1,0.1510193284820705,Normal
TRP13400,1,0.02254915883912867,Normal
TRP13401,1,0.05034074875276262,Normal
TRP13402,1,0.1114365436982297,Normal
TRP13403,1,0.10210938789506213,Normal
TRP13404,1,0.11364679819107854,Normal
TRP13405,1,0.11440161110360242,Normal
TRP13406,1,0.16392549844943605,Normal
TRP13407,1,0.13245014692049717,Normal
TRP13408,-1,-0.02187397194992835,Anomaly
TRP13409,1,0.12119396041994063,Normal
TRP13410,1,0.06762040565409311,Normal
TRP13411,1,0.009288040495398442,Normal
TRP13412,1,0.09452873016582958,Normal
TRP13413,1,0.017467199127168542,Normal
TRP13414,1,0.15545716919054053,Normal
TRP13415,1,0.1202361367484685,Normal
TRP13416,1,0.025115550035635148,Normal
TRP13417,1,0.18124019907176425,Normal
TRP13418,1,0.16950382446071577,Normal
TRP13419,1,0.14925896041967568,Normal
TRP13420,1,0.18005239557906827,Normal
TRP13421,1,0.06769279843160037,Normal
TRP13422,1,0.05055463245944358,Normal
TRP13423,1,0.12990655422542957,Normal
TRP13424,1,0.1330398848522759,Normal
TRP13425,1,0.17478154370259968,Normal
TRP13426,-1,-0.03176807234818402,Anomaly
TRP13427,1,0.07578170687535085,Normal
TRP13428,1,0.18061691106747868,Normal
TRP13429,1,0.09218936860681487,Normal
TRP13430,1,0.13826343210156516,Normal
TRP13431,1,0.07500418127259323,Normal
TRP13432,1,0.12148687441254885,Normal
TRP13433,1,0.07023052829737109,Normal
TRP13434,1,0.05123484742811624,Normal
TRP13435,1,0.15349091468912845,Normal
TRP13436,1,0.17708123068725223,Normal
TRP13437,1,0.031141141101310277,Normal
TRP13438,1,0.11143635898833942,Normal
TRP13439,1,0.07067833396036172,Normal
TRP13440,1,0.09118928452332592,Normal
TRP13441,1,0.18003416346640283,Normal
TRP13442,1,0.10687290764390084,Normal
TRP13443,1,0.16067600307589108,Normal
TRP13444,1,0.08666199400600422,Normal
TRP13445,-1,-0.03821731585172605,Anomaly
TRP13446,1,0.05771978670131839,Normal
TRP13447,1,0.1838638204216007,Normal
TRP13448,1,0.04364569767192217,Normal
TRP13449,1,0.13992183962713767,Normal
TRP13450,1,0.1496446432092804,Normal
TRP13451,1,0.044473477494334834,Normal
TRP13452,1,0.17430500913260788,Normal
TRP13453,1,0.09422490743016643,Normal
TRP13454,1,0.11565492333886734,Normal
TRP13455,1,0.0681026022733403,Normal
TRP13456,1,0.181236665407903,Normal
TRP13457,1,0.1556960893354028,Normal
TRP13458,1,0.04271758785341484,Normal
TRP13459,1,0.08753060905838739,Normal
TRP13460,1,0.16388883877973637,Normal
TRP13461,1,0.0031815849128024043,Normal
TRP13462,1,0.08087265081809653,Normal
TRP13463,1,0.03723321998027207,Normal
TRP13464,1,0.09562131980816724,Normal
TRP13465,1,0.15778203394898865,Normal
TRP13466,1,0.13366838154139665,Normal
TRP13467,1,0.10836911148991724,Normal
TRP13468,1,0.09884836778555783,Normal
TRP13469,1,0.1850638044849,Normal
TRP13470,1,0.09727393662245354,Normal
TRP13471,1,0.17894486458956504,Normal
TRP13472,1,0.12816130486998945,Normal
TRP13473,-1,-0.13586424602157876,Anomaly
TRP13474,1,0.15943038413250332,Normal
TRP13475,-1,-0.020786614649366153,Anomaly
TRP13476,1,0.14770363424522998,Normal
TRP13477,1,0.09633333982659958,Normal
TRP13478,1,0.03153095283868401,Normal
TRP13479,1,0.17731590656856494,Normal
TRP13480,1,0.054799759288120975,Normal
TRP13481,1,0.059363707691016177,Normal
TRP13482,1,0.029273408954822666,Normal
TRP13483,1,0.09644767830862538,Normal
TRP13484,1,0.16344185661180027,Normal
TRP13485,1,0.011381636981708243,Normal
TRP13486,1,0.06307862620887206,Normal
TRP13487,1,0.04565286141597924,Normal
TRP13488,1,0.1693611484721833,Normal
TRP13489,-1,-0.008727697761250153,Anomaly
TRP13490,1,0.1503347493518899,Normal
TRP13491,1,0.08400803251257272,Normal
TRP13492,1,0.18480841805927367,Normal
TRP13493,1,0.17159559876302538,Normal
TRP13494,1,0.03767366922725701,Normal
TRP13495,1,0.08725510894366129,Normal
TRP13496,1,0.009359815597022259,Normal
TRP13497,1,0.06464441482762928,Normal
TRP13498,1,0.08062726674152937,Normal
TRP13499,1,0.16193308808761975,Normal
TRP13500,1,0.03141666113384256,Normal
TRP13501,1,0.16679523461354628,Normal
TRP13502,1,0.1622506093175624,Normal
TRP13503,1,0.1703512924109573,Normal
TRP13504,1,0.12562755555403166,Normal
TRP13505,1,0.1580311772917063,Normal
TRP13506,1,0.09439939173637935,Normal
TRP13507,1,0.07523391326339346,Normal
TRP13508,1,0.026734896163019606,Normal
TRP13509,1,0.1675959365413665,Normal
TRP13510,1,0.18391692324990955,Normal
TRP13511,1,0.07110687425087514,Normal
TRP13512,1,0.07068241093239269,Normal
TRP13513,1,0.17489002948761262,Normal
TRP13514,1,0.1089623705392126,Normal
TRP13515,1,0.169044509309892,Normal
TRP13516,1,0.0970648708996501,Normal
TRP13517,1,0.09532420504535982,Normal
TRP13518,1,0.08381999853951849,Normal
TRP13519,1,0.16519251872568796,Normal
TRP13520,1,0.11783025765711813,Normal
TRP13521,1,0.015897068735158726,Normal
TRP13522,1,0.09913112891622611,Normal
TRP13523,1,0.1546085477268503,Normal
TRP13524,1,0.06115705257336446,Normal
TRP13525,1,0.1659384363394254,Normal
TRP13526,1,0.1529842562452784,Normal
TRP13527,1,0.0822872325124192,Normal
TRP13528,1,0.17379677711629815,Normal
TRP13529,1,0.07602889237077781,Normal
TRP13530,1,0.06628324375467665,Normal
TRP13531,1,0.03978238879076912,Normal
TRP13532,1,0.14610593517678327,Normal
TRP13533,1,0.17430144086424593,Normal
TRP13534,1,0.08573410040467216,Normal
TRP13535,1,0.15720344324173546,Normal
TRP13536,1,0.15414327881541678,Normal
TRP13537,1,0.13991099276122854,Normal
TRP13538,1,0.15156109680153657,Normal
TRP13539,1,0.1648417526383203,Normal
TRP13540,1,0.05698688529040741,Normal
TRP13541,1,0.010995303383624533,Normal
TRP13542,1,0.0586495183330803,Normal
TRP13543,1,0.13677295015563612,Normal
TRP13544,-1,-0.016351180463809012,Anomaly
TRP13545,1,0.1394241020925538,Normal
TRP13546,1,0.03008836261391379,Normal
TRP13547,1,0.1629991886843477,Normal
TRP13548,1,0.12753387227571378,Normal
TRP13549,1,0.1000321074230025,Normal
TRP13550,1,0.0789481137437752,Normal
TRP13551,1,0.042048284459963337,Normal
TRP13552,1,0.06852115727668873,Normal
TRP13553,-1,-0.03052503489257996,Anomaly
TRP13554,1,0.13214041797284026,Normal
TRP13555,1,0.0838718943939718,Normal
TRP13556,1,0.11181621952009047,Normal
TRP13557,1,0.1131521335685356,Normal
TRP13558,1,0.10700598753916402,Normal
TRP13559,1,0.13412910097249592,Normal
TRP13560,1,0.0954863073013778,Normal
TRP13561,1,0.14943969115845473,Normal
TRP13562,1,0.09556304940827542,Normal
TRP13563,1,0.12412350877449663,Normal
TRP13564,1,0.09006769857520502,Normal
TRP13565,1,0.08825632992945348,Normal
TRP13566,1,0.14195942190595828,Normal
TRP13567,1,0.14888654041931743,Normal
TRP13568,1,0.07177923126642183,Normal
TRP13569,1,0.09055632197304553,Normal
TRP13570,1,0.1404416664487989,Normal
TRP13571,1,0.024238511200173396,Normal
TRP13572,1,0.07430724625122742,Normal
TRP13573,1,0.05123484742811624,Normal
TRP13574,1,0.16353291939773834,Normal
TRP13575,1,0.14765994869509946,Normal
TRP13576,1,0.1710593077040916,Normal
TRP13577,1,0.046029206105725806,Normal
TRP13578,1,0.11181264857336132,Normal
TRP13579,1,0.1780646213917083,Normal
TRP13580,1,0.057555765321907204,Normal
TRP13581,1,0.16660477419639796,Normal
TRP13582,1,0.08390626949419755,Normal
TRP13583,1,0.1010541826814304,Normal
TRP13584,1,0.08501691710678427,Normal
TRP13585,1,0.12104516776759394,Normal
TRP13586,1,0.1682572775142933,Normal
TRP13587,1,0.0599787840969781,Normal
TRP13588,1,0.16141366104725036,Normal
TRP13589,1,0.05224999431565702,Normal
TRP13590,1,0.17919715345109644,Normal
TRP13591,1,0.15971293384248547,Normal
TRP13592,1,0.06981813096055667,Normal
TRP13593,1,0.16596084265187344,Normal
TRP13594,1,0.08626993968809182,Normal
TRP13595,1,0.17041498660055587,Normal
TRP13596,1,0.1091154426527095,Normal
TRP13597,1,0.09771869365525576,Normal
TRP13598,1,0.14643974373016644,Normal
TRP13599,1,0.0386987754209871,Normal
TRP13600,1,0.07070031351828554,Normal
TRP13601,-1,-0.027173797509228326,Anomaly
TRP13602,1,0.12452638137191863,Normal
TRP13603,1,0.049577190029788,Normal
TRP13604,1,0.15487241060492174,Normal
TRP13605,1,0.05460772066189978,Normal
TRP13606,1,0.09714911523883624,Normal
TRP13607,1,0.11446625533445892,Normal
TRP13608,1,0.1322136590855399,Normal
TRP13609,1,0.09307043410269439,Normal
TRP13610,1,0.05097873323902502,Normal
TRP13611,-1,-0.008004061853278843,Anomaly
TRP13612,1,0.12367565423621374,Normal
TRP13613,1,0.17572381559700156,Normal
TRP13614,1,0.169128963936169,Normal
TRP13615,1,0.09972257603749435,Normal
TRP13616,1,0.1361136310099318,Normal
TRP13617,1,0.14702324932210425,Normal
TRP13618,-1,-0.02185301779932547,Anomaly
TRP13619,1,0.10248116003674251,Normal
TRP13620,1,0.09889052180328184,Normal
TRP13621,1,0.10578535307408526,Normal
TRP13622,1,0.131219768460913,Normal
TRP13623,1,0.06042860359137203,Normal
TRP13624,1,0.11326339462266921,Normal
TRP13625,1,0.09832143367379736,Normal
TRP13626,1,0.05648605363994064,Normal
TRP13627,1,0.1323716557693343,Normal
TRP13628,1,0.05647298803540712,Normal
TRP13629,1,0.10009620786702189,Normal
TRP13630,1,0.06981813096055667,Normal
TRP13631,1,0.16043381973880871,Normal
TRP13632,1,0.15593877486678365,Normal
TRP13633,1,0.040588296618995656,Normal
TRP13634,1,0.11836043042643785,Normal
TRP13635,1,0.17853226301453068,Normal
TRP13636,1,0.015574681139185476,Normal
TRP13637,1,0.15844766143810712,Normal
TRP13638,1,0.052222505302910394,Normal
TRP13639,1,0.0716782304173047,Normal
TRP13640,1,0.11606870459321866,Normal
TRP13641,1,0.1508962841394525,Normal
TRP13642,1,0.09931308258972449,Normal
TRP13643,1,0.08155837143437661,Normal
TRP13644,1,0.08215873441210364,Normal
TRP13645,1,0.028205295487068183,Normal
TRP13646,1,0.004956919740200183,Normal
TRP13647,1,0.1335794230493556,Normal
TRP13648,1,0.07039270843255696,Normal
TRP13649,1,0.09621845134637746,Normal
TRP13650,1,0.1766902041928019,Normal
TRP13651,1,0.14227355392003183,Normal
TRP13652,1,0.14746924635067837,Normal
TRP13653,1,0.16986079954413996,Normal
TRP13654,1,0.07855324629312022,Normal
TRP13655,1,0.08291023239357881,Normal
TRP13656,1,0.13639409414260362,Normal
TRP13657,1,0.10926815256653538,Normal
TRP13658,1,0.05123484742811624,Normal
TRP13659,1,0.07776694062930317,Normal
TRP13660,1,0.06901382962587521,Normal
TRP13661,1,0.032134627980757835,Normal
TRP13662,1,0.11518027889975385,Normal
TRP13663,1,0.08274654245728291,Normal
TRP13664,1,0.15813935232352822,Normal
TRP13665,1,0.0409560512024697,Normal
TRP13666,1,0.1819328417880925,Normal
TRP13667,1,0.16957505197179307,Normal
TRP13668,1,0.1641308873786469,Normal
TRP13669,1,0.12992453434439166,Normal
TRP13670,1,0.09738291151004258,Normal
TRP13671,1,0.006727257149935495,Normal
TRP13672,1,0.07493783924070041,Normal
TRP13673,1,0.12942013988802964,Normal
TRP13674,1,0.10379079399880575,Normal
TRP13675,1,0.1430592933959997,Normal
TRP13676,1,0.1361650327737331,Normal
TRP13677,1,0.04940730550904837,Normal
TRP13678,1,0.13953029325553873,Normal
TRP13679,1,0.02217401838854194,Normal
TRP13680,1,0.07941345003098899,Normal
TRP13681,1,0.17232758591640696,Normal
TRP13682,1,0.18256472266300522,Normal
TRP13683,1,0.02806668443694227,Normal
TRP13684,1,0.15606304871756888,Normal
TRP13685,1,0.16922237832262826,Normal
TRP13686,1,0.08576419774421956,Normal
TRP13687,1,0.14070865165315594,Normal
TRP13688,1,0.16359664864718676,Normal
TRP13689,1,0.1615352687388375,Normal
TRP13690,1,0.12911896238247278,Normal
TRP13691,1,0.09232574759211554,Normal
TRP13692,1,0.10252559746078876,Normal
TRP13693,1,0.0924567597759881,Normal
TRP13694,1,0.10439780800020393,Normal
TRP13695,1,0.15661174555207275,Normal
TRP13696,1,0.0388989602436306,Normal
TRP13697,1,0.14123344741625782,Normal
TRP13698,1,0.052663364737458584,Normal
TRP13699,1,0.11890516365335607,Normal
TRP13700,1,0.181953016667041,Normal
TRP13701,1,0.15869209961705616,Normal
TRP13702,1,0.15070836292127088,Normal
TRP13703,1,0.0545462050454848,Normal
TRP13704,1,0.16802537873918055,Normal
TRP13705,1,0.06434104868393653,Normal
TRP13706,1,0.03322089148056784,Normal
TRP13707,1,0.16607201289579415,Normal
TRP13708,1,0.09695332595304518,Normal
TRP13709,1,0.0686732257081546,Normal
TRP13710,1,0.1742996468555134,Normal
TRP13711,1,0.15645214329361018,Normal
TRP13712,1,0.11932422890921468,Normal
TRP13713,1,0.11533668235813788,Normal
TRP13714,1,0.17486128396965495,Normal
TRP13715,1,0.12216302527565204,Normal
TRP13716,1,0.007329067516035459,Normal
TRP13717,1,0.16234540453503654,Normal
TRP13718,1,0.12336559304375594,Normal
TRP13719,-1,-0.012855077815491334,Anomaly
TRP13720,1,0.08572890897958202,Normal
TRP13721,1,0.03571830867015657,Normal
TRP13722,1,0.04137097629996733,Normal
TRP13723,1,0.007813267789419931,Normal
TRP13724,1,0.17325335435791134,Normal
TRP13725,1,0.1731096720487959,Normal
TRP13726,1,0.024119606359363388,Normal
TRP13727,1,0.17414728906995358,Normal
TRP13728,1,0.1676056636972738,Normal
TRP13729,1,0.12725309942057184,Normal
TRP13730,1,0.0920609115139634,Normal
TRP13731,1,0.050267168217606906,Normal
TRP13732,1,0.07044151843718682,Normal
TRP13733,1,0.16445351688720622,Normal
TRP13734,-1,-0.02002812806823029,Anomaly
TRP13735,1,0.08263232025300504,Normal
TRP13736,1,0.02957314422775381,Normal
TRP13737,1,0.1480860890450118,Normal
TRP13738,1,0.021612211699035044,Normal
TRP13739,1,0.08872096017544168,Normal
TRP13740,1,0.030708197884601662,Normal
TRP13741,1,0.12024997667241,Normal
TRP13742,1,0.14297651358884855,Normal
TRP13743,1,0.06305076266436727,Normal
TRP13744,1,0.021240133535145422,Normal
TRP13745,1,0.1787952653129466,Normal
TRP13746,1,0.08542387926313821,Normal
TRP13747,1,0.13486269298641756,Normal
TRP13748,-1,-0.011721596824278646,Anomaly
TRP13749,1,0.11062809342687135,Normal
TRP13750,1,0.1427035005587976,Normal
TRP13751,1,0.16234165239353904,Normal
TRP13752,1,0.14974759126345766,Normal
TRP13753,1,0.1777529369564686,Normal
TRP13754,1,0.16472451592071613,Normal
TRP13755,1,0.17501020071014733,Normal
TRP13756,1,0.17813595908805663,Normal
TRP13757,1,0.09558818842301925,Normal
TRP13758,1,0.01939486816792113,Normal
TRP13759,1,0.13841129750093173,Normal
TRP13760,1,0.0630289181652035,Normal
TRP13761,1,0.12459359750618171,Normal
TRP13762,1,0.17900459434909943,Normal
TRP13763,1,0.1325483752534244,Normal
TRP13764,1,0.060881680019701845,Normal
TRP13765,1,0.08459704722311023,Normal
TRP13766,1,0.14032978518481165,Normal
TRP13767,1,0.1251238154469645,Normal
TRP13768,1,0.028296725861612804,Normal
TRP13769,1,0.13908230774952773,Normal
TRP13770,1,0.045678001617056596,Normal
TRP13771,1,0.1719433940498441,Normal
TRP13772,1,0.1357265736639267,Normal
TRP13773,1,0.15444435895895237,Normal
TRP13774,1,0.08481144859512624,Normal
TRP13775,1,0.18111488173520074,Normal
TRP13776,1,0.17579242648958943,Normal
TRP13777,1,0.009680987750699921,Normal
TRP13778,1,0.10018632109207909,Normal
TRP13779,1,0.1804627527347928,Normal
TRP13780,1,0.1827094186297481,Normal
TRP13781,1,0.12516588488255864,Normal
TRP13782,1,0.051014646841781475,Normal
TRP13783,1,0.1678050605420161,Normal
TRP13784,1,0.09996718717078368,Normal
TRP13785,1,0.10016047216605578,Normal
TRP13786,1,0.164088813040071,Normal
TRP13787,1,0.17486708918205623,Normal
TRP13788,1,0.13222533276470094,Normal
TRP13789,1,0.0996570915396478,Normal
TRP13790,1,0.08390626949419755,Normal
TRP13791,1,0.11357344170319583,Normal
TRP13792,1,0.12850150453310882,Normal
TRP13793,1,0.051972609346007226,Normal
TRP13794,1,0.04078971040606538,Normal
TRP13795,1,0.18541090979702052,Normal
TRP13796,1,0.13855072869631263,Normal
TRP13797,1,0.15206039715119518,Normal
TRP13798,1,0.09116944439346164,Normal
TRP13799,1,0.16998990181867768,Normal
TRP13800,1,0.15558660868372182,Normal
TRP13801,1,0.11282714560186508,Normal
TRP13802,1,0.1279936690448925,Normal
TRP13803,1,0.0426731789929885,Normal
TRP13804,1,0.17479592475135886,Normal
TRP13805,1,0.16174520226810923,Normal
TRP13806,1,0.11358640250265384,Normal
TRP13807,1,0.09111067833230047,Normal
TRP13808,1,0.11311895684307366,Normal
TRP13809,1,0.09510724304372858,Normal
TRP13810,1,0.05495348679725154,Normal
TRP13811,1,0.08505050555575067,Normal
TRP13812,1,0.011305158537322169,Normal
TRP13813,1,0.1589873029025355,Normal
TRP13814,-1,-1.3980473634433999e-05,Anomaly
TRP13815,1,0.1397774093799138,Normal
TRP13816,1,0.07624989906360896,Normal
TRP13817,1,0.15518597505873655,Normal
TRP13818,1,0.11538272783211789,Normal
TRP13819,1,0.153492567039761,Normal
TRP13820,-1,-0.0752838619125279,Anomaly
TRP13821,1,0.16023110110805117,Normal
TRP13822,1,0.17949509697674404,Normal
TRP13823,1,0.11539773161243194,Normal
TRP13824,-1,-0.027509969284835845,Anomaly
TRP13825,1,0.03583499219270414,Normal
TRP13826,1,0.001332822919552501,Normal
TRP13827,1,0.12749312891520098,Normal
TRP13828,1,0.09747582279205053,Normal
TRP13829,1,0.18101841856125805,Normal
TRP13830,1,0.09644767830862538,Normal
TRP13831,1,0.18263567041267098,Normal
TRP13832,1,0.09689578538153115,Normal
TRP13833,-1,-0.017557908118652987,Anomaly
TRP13834,1,0.007457808668827615,Normal
TRP13835,1,0.1579893802370413,Normal
TRP13836,1,0.17818782059788513,Normal
TRP13837,1,0.028736625761280554,Normal
TRP13838,-1,-0.03343715230370636,Anomaly
TRP13839,1,0.01840384228541969,Normal
TRP13840,1,0.0820854988199351,Normal
TRP13841,1,0.07500418127259323,Normal
TRP13842,1,0.06403522269760187,Normal
TRP13843,1,0.009235458207870528,Normal
TRP13844,1,0.09708958437385307,Normal
TRP13845,1,0.17208250040029072,Normal
TRP13846,1,0.17942555588802406,Normal
TRP13847,1,0.10280665267881778,Normal
TRP13848,1,0.11448008872074533,Normal
TRP13849,1,0.046029206105725806,Normal
TRP13850,1,0.09347151536549586,Normal
TRP13851,1,0.056389677536929694,Normal
TRP13852,1,0.1732658313183117,Normal
TRP13853,1,0.09738291151004258,Normal
TRP13854,1,0.16893542742065287,Normal
TRP13855,1,0.0430291050010736,Normal
TRP13856,1,0.16418662164736353,Normal
TRP13857,1,0.0011841361406201845,Normal
TRP13858,1,0.10571351324253353,Normal
TRP13859,1,0.15986108983687825,Normal
TRP13860,1,0.16996623558761575,Normal
TRP13861,1,0.0987642080263248,Normal
TRP13862,1,0.12370602042132395,Normal
TRP13863,1,0.1627066820525379,Normal
TRP13864,1,0.07712374525272131,Normal
TRP13865,1,0.08666199400600422,Normal
TRP13866,1,0.016571208438812213,Normal
TRP13867,1,0.165939696389852,Normal
TRP13868,1,0.14422694596044866,Normal
TRP13869,1,0.0684899632311946,Normal
TRP13870,1,0.1190221890951701,Normal
TRP13871,1,0.09149532157107537,Normal
TRP13872,1,0.12394922690258547,Normal
TRP13873,1,0.11403261756815847,Normal
TRP13874,1,0.09452873016582958,Normal
TRP13875,1,0.14696792585224455,Normal
TRP13876,1,0.13197426283959585,Normal
TRP13877,-1,-0.011884489665535125,Anomaly
TRP13878,1,0.09931086320197563,Normal
TRP13879,1,0.060922961597081104,Normal
TRP13880,1,0.1721583435062468,Normal
TRP13881,1,0.16356648925249428,Normal
TRP13882,-1,-0.014989078971488934,Anomaly
TRP13883,1,0.10246475218262902,Normal
TRP13884,1,0.08455262606764163,Normal
TRP13885,1,0.04987505105752288,Normal
TRP13886,1,0.03356381831444988,Normal
TRP13887,1,0.10009620786702189,Normal
TRP13888,1,0.1569532947574317,Normal
TRP13889,1,0.16151652940439853,Normal
TRP13890,1,0.12136699837376469,Normal
TRP13891,1,0.06468604541510026,Normal
TRP13892,1,0.1790907627616185,Normal
TRP13893,1,0.02588855803916712,Normal
TRP13894,1,0.17347837833723329,Normal
TRP13895,1,0.07828273272407343,Normal
TRP13896,1,0.09258610681578539,Normal
TRP13897,1,0.1780034663067297,Normal
TRP13898,1,0.025498635428415906,Normal
TRP13899,1,0.16202490341738807,Normal
TRP13900,1,0.1713941524816046,Normal
TRP13901,1,0.10148221552698394,Normal
TRP13902,1,0.1752343698881869,Normal
TRP13903,1,0.15295062746451216,Normal
TRP13904,1,0.01703907621263845,Normal
TRP13905,1,0.15853504970182247,Normal
TRP13906,1,0.14170518912055124,Normal
TRP13907,1,0.18027786037665688,Normal
TRP13908,1,0.15424961981400154,Normal
TRP13909,1,0.11392012059925277,Normal
TRP13910,1,0.16564966060456982,Normal
TRP13911,1,0.16606083382729547,Normal
TRP13912,1,0.17317800364633312,Normal
TRP13913,1,0.17797702566636742,Normal
TRP13914,1,0.1467963597772689,Normal
TRP13915,1,0.15250596117984122,Normal
TRP13916,1,0.05768824787493532,Normal
TRP13917,1,0.0920609115139634,Normal
TRP13918,1,0.13477088321891328,Normal
TRP13919,1,0.053681520138507244,Normal
TRP13920,1,0.1543001211077828,Normal
TRP13921,1,0.11172091618362429,Normal
TRP13922,1,0.1551868691093926,Normal
TRP13923,1,0.06679161055559002,Normal
TRP13924,1,0.1585861828198633,Normal
TRP13925,1,0.10766227700617853,Normal
TRP13926,1,0.13774989263134868,Normal
TRP13927,1,0.1658033863441548,Normal
TRP13928,1,0.08847024508080553,Normal
TRP13929,1,0.10388943302061782,Normal
TRP13930,1,0.14477671626751415,Normal
TRP13931,1,0.16991398052184276,Normal
TRP13932,1,0.10214387038892897,Normal
TRP13933,1,0.16798843655076673,Normal
TRP13934,1,0.17441534022001615,Normal
TRP13935,1,0.12188004277842279,Normal
TRP13936,1,0.17477712457980105,Normal
TRP13937,1,0.07602889237077781,Normal
TRP13938,1,0.14425692312531913,Normal
TRP13939,1,0.16480817342919468,Normal
TRP13940,1,0.15062236263778916,Normal
TRP13941,1,0.12371870588005573,Normal
TRP13942,1,0.1797878748780246,Normal
TRP13943,1,0.1832572674811878,Normal
TRP13944,1,0.16269208610257596,Normal
TRP13945,1,0.051321353305291195,Normal
TRP13946,1,0.17418179565031106,Normal
TRP13947,-1,-0.062418366321624674,Anomaly
TRP13948,1,0.05907392815547807,Normal
TRP13949,1,0.07500418127259323,Normal
TRP13950,1,0.11167677683613758,Normal
TRP13951,1,0.01707960548873899,Normal
TRP13952,1,0.03514887196119465,Normal
TRP13953,1,0.09562314665348531,Normal
TRP13954,1,0.13620176049361815,Normal
TRP13955,1,0.024345263436372444,Normal
TRP13956,1,0.1333977279258785,Normal
TRP13957,1,0.10412731748735432,Normal
TRP13958,1,0.15897164091201688,Normal
TRP13959,1,0.06211533634913313,Normal
TRP13960,1,0.0652676833188921,Normal
TRP13961,1,0.022290369641172703,Normal
TRP13962,1,0.17341989034840977,Normal
TRP13963,1,0.03890382283832261,Normal
TRP13964,1,0.1825255058335128,Normal
TRP13965,1,0.16233933293508207,Normal
TRP13966,1,0.16281480024887374,Normal
TRP13967,1,0.14410420373683303,Normal
TRP13968,1,0.1264663283706992,Normal
TRP13969,1,0.14625162398409525,Normal
TRP13970,1,0.01649380114180299,Normal
TRP13971,1,0.17546410129663714,Normal
TRP13972,1,0.09923620946994449,Normal
TRP13973,1,0.09738291151004258,Normal
TRP13974,1,0.13777518477701312,Normal
TRP13975,1,0.17916736666872746,Normal
TRP13976,1,0.132628610282931,Normal
TRP13977,1,0.16649860834433805,Normal
TRP13978,1,0.1809895948776825,Normal
TRP13979,1,0.14131607165660104,Normal
TRP13980,1,0.1829477204338551,Normal
TRP13981,1,0.08934467370312377,Normal
TRP13982,1,0.02136363919976325,Normal
TRP13983,1,0.09091244539056714,Normal
TRP13984,1,0.05011673605040767,Normal
TRP13985,1,0.1516303917569733,Normal
TRP13986,-1,-0.012923295530670398,Anomaly
TRP13987,1,0.11255552444278011,Normal
TRP13988,1,0.13785253217531956,Normal
TRP13989,1,0.181871430210009,Normal
TRP13990,1,0.045908506933030946,Normal
TRP13991,1,0.15048408586754058,Normal
TRP13992,1,0.08295141348293161,Normal
TRP13993,1,0.05123484742811624,Normal
TRP13994,1,0.04937051795924874,Normal
TRP13995,1,0.12460527994168957,Normal
TRP13996,1,0.16058467616140043,Normal
TRP13997,1,0.11618069384658325,Normal
TRP13998,1,0.05398652182846886,Normal
TRP13999,1,0.0494576373404817,Normal
TRP14000,1,0.07270482944511347,Normal
TRP14001,1,0.18255866664845455,Normal
TRP14002,-1,-0.002207319489827886,Anomaly
TRP14003,1,0.1442604387714978,Normal
TRP14004,1,0.08825450660868861,Normal
TRP14005,1,0.02897899712146612,Normal
TRP14006,1,0.07647749862568093,Normal
TRP14007,1,0.1586039799241804,Normal
TRP14008,1,0.12816635763561812,Normal
TRP14009,1,0.022549420588801716,Normal
TRP14010,1,0.014585096637158457,Normal
TRP14011,1,0.02254915883912867,Normal
TRP14012,1,0.07602889237077781,Normal
TRP14013,1,0.18170049675093114,Normal
TRP14014,1,0.0175427830579874,Normal
TRP14015,1,0.05320812339723946,Normal
TRP14016,1,0.17070424508613163,Normal
TRP14017,1,0.08480343171752386,Normal
TRP14018,1,0.040686515179385485,Normal
TRP14019,1,0.057555765321907204,Normal
TRP14020,1,0.08051165458837756,Normal
TRP14021,1,0.166759935862008,Normal
TRP14022,1,0.16800131626879383,Normal
TRP14023,1,0.08589626435334685,Normal
TRP14024,1,0.05177599253491616,Normal
TRP14025,-1,-0.031161378369565784,Anomaly
TRP14026,1,0.004214745682871612,Normal
TRP14027,1,0.06011197197809348,Normal
TRP14028,1,0.11614505754199861,Normal
TRP14029,1,0.1830582267309318,Normal
TRP14030,1,0.15298712435546297,Normal
TRP14031,1,0.05103093851890217,Normal
TRP14032,1,0.15234055511709294,Normal
TRP14033,1,0.09718217103615495,Normal
TRP14034,1,0.04927747872814581,Normal
TRP14035,1,0.1572669123140893,Normal
TRP14036,1,0.14188366442963052,Normal
TRP14037,1,0.15967983266690122,Normal
TRP14038,1,0.1074507802830113,Normal
TRP14039,1,0.08155837143437661,Normal
TRP14040,1,0.17831489286316876,Normal
TRP14041,1,0.14861847109527804,Normal
TRP14042,1,0.1714339998631219,Normal
TRP14043,1,0.1783970725970611,Normal
TRP14044,1,0.1347477183169708,Normal
TRP14045,1,0.17656458068599862,Normal
TRP14046,-1,-0.01575872568714154,Anomaly
TRP14047,1,0.06371789778321557,Normal
TRP14048,1,0.0996570915396478,Normal
TRP14049,1,0.10460578119199349,Normal
TRP14050,1,0.14407400346303095,Normal
TRP14051,1,0.15820481056645008,Normal
TRP14052,-1,-0.0116423091187553,Anomaly
TRP14053,1,0.024324681033501827,Normal
TRP14054,1,0.05123484742811624,Normal
TRP14055,1,0.17357441264267431,Normal
TRP14056,1,0.1159131224222964,Normal
TRP14057,1,0.05946844438207577,Normal
TRP14058,1,0.10111090121796462,Normal
TRP14059,1,0.18034916415987806,Normal
TRP14060,1,0.12035856018028268,Normal
TRP14061,1,0.04147002301949987,Normal
TRP14062,1,0.040918682257420014,Normal
TRP14063,1,0.13846111458636623,Normal
TRP14064,1,0.12639419494346354,Normal
TRP14065,1,0.07371225769296752,Normal
TRP14066,1,0.051321353305291195,Normal
TRP14067,1,0.1545853764412316,Normal
TRP14068,1,0.17787790227448136,Normal
TRP14069,1,0.07225834113782992,Normal
TRP14070,1,0.04251270530152318,Normal
TRP14071,1,0.021510838196843296,Normal
TRP14072,1,0.1390094625430246,Normal
TRP14073,1,0.08390626949419755,Normal
TRP14074,1,0.16108079376206336,Normal
TRP14075,1,0.1697150393969763,Normal
TRP14076,1,0.13796200082218957,Normal
TRP14077,1,0.16350106671049502,Normal
TRP14078,1,0.09774098695395028,Normal
TRP14079,1,0.13453704425455199,Normal
TRP14080,1,0.12341304448304263,Normal
TRP14081,-1,-0.01744135209767872,Anomaly
TRP14082,1,0.1397842282632321,Normal
TRP14083,1,0.06921303574670667,Normal
TRP14084,1,0.1261915962211243,Normal
TRP14085,1,0.13811277423208362,Normal
TRP14086,1,0.15456898378491213,Normal
TRP14087,1,0.17261453130692572,Normal
TRP14088,1,0.0031815849128024043,Normal
TRP14089,1,0.016798184895613022,Normal
TRP14090,1,0.049625576561370455,Normal
TRP14091,1,0.151015391891351,Normal
TRP14092,1,0.18562123267337122,Normal
TRP14093,1,0.08716020574626548,Normal
TRP14094,-1,-0.017935111375938617,Anomaly
TRP14095,1,0.0938362858808447,Normal
TRP14096,1,0.05998980098926188,Normal
TRP14097,1,0.06781360317840579,Normal
TRP14098,1,0.16202011954538015,Normal
TRP14099,1,0.16671351600763068,Normal
TRP14100,1,0.0856422236174178,Normal
TRP14101,1,0.051321353305291195,Normal
TRP14102,1,0.07484639317016284,Normal
TRP14103,1,0.15434765609593942,Normal
TRP14104,1,0.08337289365236411,Normal
TRP14105,1,0.15040643492666245,Normal
TRP14106,1,0.07849251153544357,Normal
TRP14107,1,0.09011087234853804,Normal
TRP14108,1,0.09090260416869245,Normal
TRP14109,1,0.17723957617434005,Normal
TRP14110,1,0.15103290188356505,Normal
TRP14111,1,0.02669876638095603,Normal
TRP14112,1,0.15221469638850627,Normal
TRP14113,1,0.15732532829358714,Normal
TRP14114,1,0.09863957527706657,Normal
TRP14115,1,0.07508085973665246,Normal
TRP14116,1,0.0506465694546977,Normal
TRP14117,1,0.1591129708700782,Normal
TRP14118,1,0.16061926902769658,Normal
TRP14119,1,0.09186314295032316,Normal
TRP14120,1,0.15685147837423802,Normal
TRP14121,1,0.16494308901621213,Normal
TRP14122,1,0.17199057132963957,Normal
TRP14123,1,0.08519196140634155,Normal
TRP14124,1,0.16463416996225283,Normal
TRP14125,1,0.16619850795239116,Normal
TRP14126,1,0.12387766366851144,Normal
TRP14127,1,0.14812175094726743,Normal
TRP14128,1,0.07337070120415312,Normal
TRP14129,1,0.15045246103445253,Normal
TRP14130,1,0.15622072844498053,Normal
TRP14131,1,0.08609335738308899,Normal
TRP14132,1,0.1813288192078653,Normal
TRP14133,1,0.052278153989115395,Normal
TRP14134,1,0.14042929712414537,Normal
TRP14135,1,0.10852065463336696,Normal
TRP14136,1,0.16839151943787217,Normal
TRP14137,1,0.017886748140334974,Normal
TRP14138,1,0.11592401069585728,Normal
TRP14139,1,0.08355521877258021,Normal
TRP14140,1,0.13021504631670539,Normal
TRP14141,1,0.0791684805105719,Normal
TRP14142,1,0.1473105809325499,Normal
TRP14143,1,0.024369918405909963,Normal
TRP14144,1,0.17832983225445603,Normal
TRP14145,1,0.17260703620823242,Normal
TRP14146,1,0.10206391432886808,Normal
TRP14147,1,0.08572890897958202,Normal
TRP14148,-1,-0.008517366834073559,Anomaly
TRP14149,1,0.07995874277268017,Normal
TRP14150,1,0.15945373638927046,Normal
TRP14151,1,0.08479618066553124,Normal
TRP14152,1,0.08681942617967586,Normal
TRP14153,1,0.051321353305291195,Normal
TRP14154,1,0.06734552193913079,Normal
TRP14155,1,0.16236799548202563,Normal
TRP14156,-1,-0.01689387813413823,Anomaly
TRP14157,1,0.13554977148816383,Normal
TRP14158,1,0.13303842751398876,Normal
TRP14159,1,0.029120790265074414,Normal
TRP14160,1,0.05918628643434054,Normal
TRP14161,1,0.16177712650176163,Normal
TRP14162,1,0.05123484742811624,Normal
TRP14163,1,0.10237351603554534,Normal
TRP14164,1,0.1790195463283648,Normal
TRP14165,1,0.09168975282549874,Normal
TRP14166,1,0.16796977607978386,Normal
TRP14167,1,0.15052515432037722,Normal
TRP14168,1,0.08941746074565149,Normal
TRP14169,1,0.09493563684190987,Normal
TRP14170,1,0.17430500913260788,Normal
TRP14171,1,0.12277576249431715,Normal
TRP14172,1,0.09790599003590467,Normal
TRP14173,1,0.13884410586018242,Normal
TRP14174,1,0.1292433480894285,Normal
TRP14175,1,0.15695495143192117,Normal
TRP14176,1,0.16967672346795176,Normal
TRP14177,1,0.05987718758733496,Normal
TRP14178,1,0.16421796522662646,Normal
TRP14179,-1,-0.04358337923411648,Anomaly
TRP14180,1,0.15404023097384095,Normal
TRP14181,1,0.12264255091193427,Normal
TRP14182,1,0.12808252176917467,Normal
TRP14183,1,0.1357518822167333,Normal
TRP14184,1,0.10429914520196465,Normal
TRP14185,1,0.09035068326061813,Normal
TRP14186,1,0.17260340450526696,Normal
TRP14187,1,0.15052389727516652,Normal
TRP14188,1,0.06141165460091258,Normal
TRP14189,1,0.1614120198436667,Normal
TRP14190,1,0.1157538986498034,Normal
TRP14191,1,0.05941857629747305,Normal
TRP14192,1,0.08359095561191188,Normal
TRP14193,1,0.13007555710070123,Normal
TRP14194,1,0.0879373784319275,Normal
TRP14195,1,0.12755508845663943,Normal
TRP14196,-1,-0.05351112755196519,Anomaly
TRP14197,1,0.1499737003766376,Normal
TRP14198,1,0.18490260890546406,Normal
TRP14199,1,0.11416915672959183,Normal
TRP14200,1,0.025283285708715852,Normal
TRP14201,1,0.1563403057926545,Normal
TRP14202,1,0.14195044691192238,Normal
TRP14203,1,0.03491840020656889,Normal
TRP14204,1,0.098848405044548,Normal
TRP14205,1,0.04122135296033402,Normal
TRP14206,1,0.0408110277811895,Normal
TRP14207,1,0.18338064612506128,Normal
TRP14208,1,0.058933477951121804,Normal
TRP14209,1,0.13502564842032788,Normal
TRP14210,1,0.10089848619681463,Normal
TRP14211,1,0.1628016246266158,Normal
TRP14212,1,0.17047229271133368,Normal
TRP14213,1,0.02856033190218965,Normal
TRP14214,1,0.032148457408586406,Normal
TRP14215,1,0.17048189478612524,Normal
TRP14216,1,0.10761117244893204,Normal
TRP14217,1,0.16680403443174752,Normal
TRP14218,1,0.013448410539701805,Normal
TRP14219,1,0.17825283162225275,Normal
TRP14220,1,0.17002733378645257,Normal
TRP14221,1,0.08419105443875263,Normal
TRP14222,1,0.057495533908538565,Normal
TRP14223,1,0.05362425236879664,Normal
TRP14224,1,0.13598415753365706,Normal
TRP14225,1,0.14847459545934416,Normal
TRP14226,1,0.10721984385447525,Normal
TRP14227,1,0.15858670433281763,Normal
TRP14228,1,0.17994788318049437,Normal
TRP14229,1,0.0842713435435849,Normal
TRP14230,1,0.16498376764593053,Normal
TRP14231,1,0.10015018633492462,Normal
TRP14232,1,0.08286593839305362,Normal
TRP14233,1,0.06042860359137203,Normal
TRP14234,1,0.17706376020992626,Normal
TRP14235,1,0.07993291336775388,Normal
TRP14236,1,0.09931086320197563,Normal
TRP14237,1,0.04623220156770669,Normal
TRP14238,1,0.13397967654566234,Normal
TRP14239,1,0.13646701065142558,Normal
TRP14240,1,0.09884227729243383,Normal
TRP14241,1,0.13303620395011395,Normal
TRP14242,1,0.14008072035430713,Normal
TRP14243,1,0.08516213249579135,Normal
TRP14244,1,0.1389170522659227,Normal
TRP14245,1,0.045831804184604086,Normal
TRP14246,1,0.17502970500182347,Normal
TRP14247,1,0.04876178613438753,Normal
TRP14248,-1,-0.016114118181268844,Anomaly
TRP14249,1,0.06526807487913944,Normal
TRP14250,1,0.1794140696093009,Normal
TRP14251,-1,-0.05377912484241987,Anomaly
TRP14252,1,0.06824609390494396,Normal
TRP14253,1,0.03893035068762818,Normal
TRP14254,1,0.06181793993740492,Normal
TRP14255,1,0.15452011137860622,Normal
TRP14256,1,0.16095388331997412,Normal
TRP14257,1,0.08179941671951513,Normal
TRP14258,1,0.09013484373640263,Normal
TRP14259,1,0.024987364609131202,Normal
TRP14260,1,0.05123484742811624,Normal
TRP14261,1,0.1743034755011622,Normal
TRP14262,1,0.08501691710678427,Normal
TRP14263,1,0.046029206105725806,Normal
TRP14264,1,0.03050410359085942,Normal
TRP14265,1,0.10149258018262386,Normal
TRP14266,1,0.10972816098188254,Normal
TRP14267,1,0.07071343755713344,Normal
TRP14268,1,0.08719063562084967,Normal
TRP14269,1,0.13890571888429826,Normal
TRP14270,1,0.0961777856155549,Normal
TRP14271,1,0.009553000909974796,Normal
TRP14272,1,0.058006743184094045,Normal
TRP14273,1,0.1619741988116597,Normal
TRP14274,1,0.16223763939101993,Normal
TRP14275,1,0.08359095561191188,Normal
TRP14276,1,0.08569085137796811,Normal
TRP14277,1,0.0767898677584567,Normal
TRP14278,1,0.17162396927917828,Normal
TRP14279,1,0.0208144780695666,Normal
TRP14280,1,0.161981539765916,Normal
TRP14281,1,0.1256279273710641,Normal
TRP14282,1,0.17590166345678948,Normal
TRP14283,1,0.13040929453404893,Normal
TRP14284,1,0.18416323417755875,Normal
TRP14285,1,0.15373758369381674,Normal
TRP14286,1,0.1260487307051647,Normal
TRP14287,1,0.08146154912875508,Normal
TRP14288,1,0.15561005783682857,Normal
TRP14289,1,0.10016047216605578,Normal
TRP14290,1,0.06137537927542602,Normal
TRP14291,-1,-0.016242999273986536,Anomaly
TRP14292,1,0.17717450140793645,Normal
TRP14293,1,0.17056704645239557,Normal
TRP14294,1,0.051321353305291195,Normal
TRP14295,1,0.08609335738308899,Normal
TRP14296,1,0.02429992238120826,Normal
TRP14297,1,0.1561012893505131,Normal
TRP14298,1,0.05123484742811624,Normal
TRP14299,1,0.1490664117213587,Normal
TRP14300,1,0.06915496730500958,Normal
TRP14301,-1,-0.037523015165299434,Anomaly
TRP14302,1,0.1860324940498388,Normal
TRP14303,-1,-0.008502689101921423,Anomaly
TRP14304,1,0.14849875359644765,Normal
TRP14305,1,0.16345520339174163,Normal
TRP14306,1,0.13570938097727658,Normal
TRP14307,1,0.09787705735304253,Normal
TRP14308,1,0.16697207291326066,Normal
TRP14309,1,0.10262794963017358,Normal
TRP14310,1,0.16744131474620905,Normal
TRP14311,1,0.18028341604702663,Normal
TRP14312,1,0.09907151831920025,Normal
TRP14313,-1,-0.038586294435859814,Anomaly
TRP14314,1,0.1334228055975169,Normal
TRP14315,1,0.07023052829737109,Normal
TRP14316,1,0.18306999906268406,Normal
TRP14317,1,0.15769019705428278,Normal
TRP14318,1,0.0630289181652035,Normal
TRP14319,1,0.14600624381909133,Normal
TRP14320,1,0.02722731672503076,Normal
TRP14321,1,0.1647447614013769,Normal
TRP14322,1,0.01746141674242363,Normal
TRP14323,1,0.16592660975263374,Normal
TRP14324,1,0.10578535307408526,Normal
TRP14325,1,0.14638290751925281,Normal
TRP14326,1,0.14773509156000247,Normal
TRP14327,1,0.0319298703090648,Normal
TRP14328,1,0.17097612116918226,Normal
TRP14329,1,0.09821113445738461,Normal
TRP14330,1,0.12545355093659383,Normal
TRP14331,1,0.16150871314912835,Normal
TRP14332,1,0.1485745218816692,Normal
TRP14333,1,0.010231344507796503,Normal
TRP14334,1,0.03557656762441608,Normal
TRP14335,1,0.024381022701617683,Normal
TRP14336,1,0.07512834754302133,Normal
TRP14337,1,0.1597915508407145,Normal
TRP14338,1,0.09151117256663666,Normal
TRP14339,1,0.15345148436335432,Normal
TRP14340,-1,-0.010547080671641118,Anomaly
TRP14341,1,0.09532420504535982,Normal
TRP14342,1,0.0891317178767344,Normal
TRP14343,1,0.15850947631392148,Normal
TRP14344,1,0.10049395611957834,Normal
TRP14345,1,0.08126448945398262,Normal
TRP14346,1,0.1644839278259641,Normal
TRP14347,1,0.16584199256581666,Normal
TRP14348,1,0.025573296484658226,Normal
TRP14349,1,0.11347260678079168,Normal
TRP14350,-1,-0.036085900778222046,Anomaly
TRP14351,1,0.13393423603065113,Normal
TRP14352,1,0.08872096017544168,Normal
TRP14353,1,0.14730211318561975,Normal
TRP14354,1,0.058006743184094045,Normal
TRP14355,1,0.15602889411490845,Normal
TRP14356,1,0.052707824497270406,Normal
TRP14357,1,0.037937150825956945,Normal
TRP14358,1,0.11994206120833506,Normal
TRP14359,1,0.11298421528908509,Normal
TRP14360,1,0.019798149344444127,Normal
TRP14361,1,0.1745611943462425,Normal
TRP14362,1,0.1149824500063592,Normal
TRP14363,1,0.051981923989078416,Normal
TRP14364,1,0.17404947120527825,Normal
TRP14365,1,0.10790587604208585,Normal
TRP14366,1,0.11587093089650824,Normal
TRP14367,1,0.13021528408301586,Normal
TRP14368,1,0.020914904178708338,Normal
TRP14369,1,0.10192743647049951,Normal
TRP14370,1,0.131446758805073,Normal
TRP14371,1,0.08554282920936884,Normal
TRP14372,1,3.842937146447678e-05,Normal
TRP14373,1,0.09842714356977927,Normal
TRP14374,1,0.1259800862835006,Normal
TRP14375,1,0.14826243546623963,Normal
TRP14376,1,0.1733210233006483,Normal
TRP14377,1,0.1789951084428535,Normal
TRP14378,1,0.17307421087022723,Normal
TRP14379,1,0.06092093013788469,Normal
TRP14380,1,0.17053986375789243,Normal
TRP14381,1,0.18390413897742852,Normal
TRP14382,1,0.1451026273273071,Normal
TRP14383,1,0.16000289509316312,Normal
TRP14384,1,0.07875283312612902,Normal
TRP14385,1,0.006660054253092351,Normal
TRP14386,1,0.10196754360932853,Normal
TRP14387,1,0.16612806286371867,Normal
TRP14388,1,0.168204256017157,Normal
TRP14389,1,0.1512429299107929,Normal
TRP14390,1,0.1425350967252641,Normal
TRP14391,1,0.18199340478551002,Normal
TRP14392,1,0.1509078909269817,Normal
TRP14393,1,0.11159545675753169,Normal
TRP14394,1,0.16540141435961336,Normal
TRP14395,1,0.17622743837771382,Normal
TRP14396,1,0.17659460780065162,Normal
TRP14397,1,0.08337289365236411,Normal
TRP14398,1,0.08233254737763401,Normal
TRP14399,1,0.16825519671227246,Normal
TRP14400,1,0.09050583659274353,Normal
TRP14401,1,0.09689578538153115,Normal
TRP14402,1,0.06433958330254075,Normal
TRP14403,1,0.07337070120415312,Normal
TRP14404,1,0.1456168076802774,Normal
TRP14405,1,0.10253918868852918,Normal
TRP14406,1,0.1287371195594456,Normal
TRP14407,1,0.1797063467505874,Normal
TRP14408,1,0.022570943492962847,Normal
TRP14409,1,0.16537913668353632,Normal
TRP14410,1,0.15246469118762884,Normal
TRP14411,1,0.08480896373184382,Normal
TRP14412,1,0.1564284648168051,Normal
TRP14413,1,0.09630395755047977,Normal
TRP14414,1,0.15298195247087748,Normal
TRP14415,1,0.17585764576512236,Normal
TRP14416,1,0.11574594352428674,Normal
TRP14417,1,0.16818311546719988,Normal
TRP14418,1,0.17386321238745955,Normal
TRP14419,1,0.17751811793428268,Normal
TRP14420,1,0.08104010780565757,Normal
TRP14421,1,0.1072143130786215,Normal
TRP14422,1,0.16524523577543826,Normal
TRP14423,1,0.03389537343527249,Normal
TRP14424,1,0.049625576561370455,Normal
TRP14425,1,0.12719377441863855,Normal
TRP14426,1,0.050718685449557155,Normal
TRP14427,1,0.021548815292944834,Normal
TRP14428,1,0.09035068326061813,Normal
TRP14429,1,0.13168926600155667,Normal
TRP14430,1,0.12884799740352537,Normal
TRP14431,1,0.10237778602473985,Normal
TRP14432,1,0.14881100479064358,Normal
TRP14433,1,0.01975932511386813,Normal
TRP14434,1,0.0879019447084104,Normal
TRP14435,1,0.11485673684511088,Normal
TRP14436,1,0.12454386054814481,Normal
TRP14437,1,0.15594765012040168,Normal
TRP14438,-1,-0.10972297437944711,Anomaly
TRP14439,1,0.14864978883205754,Normal
TRP14440,1,0.16689763529891316,Normal
TRP14441,1,0.08887206493789179,Normal
TRP14442,1,0.09821113445738461,Normal
TRP14443,1,0.12748396531351297,Normal
TRP14444,1,0.05820337322956082,Normal
TRP14445,1,0.17745322667537794,Normal
TRP14446,1,0.09258610681578539,Normal
TRP14447,1,0.15626821975390093,Normal
TRP14448,1,0.08626993968809182,Normal
TRP14449,1,0.1266288844367749,Normal
TRP14450,1,0.13746383714499621,Normal
TRP14451,1,0.1753934309413696,Normal
TRP14452,1,0.18334075369775515,Normal
TRP14453,1,0.17673717015373974,Normal
TRP14454,1,0.11845854095475805,Normal
TRP14455,1,0.1824249423426455,Normal
TRP14456,1,0.16642674147061842,Normal
TRP14457,1,0.17353531621504464,Normal
TRP14458,1,0.12656481400982122,Normal
TRP14459,1,0.05863878467782957,Normal
TRP14460,1,0.12493102478924722,Normal
TRP14461,1,0.13076223882582322,Normal
TRP14462,1,0.10717811860412069,Normal
TRP14463,1,0.08609335738308899,Normal
TRP14464,1,0.014292818761726944,Normal
TRP14465,1,0.08525782084262501,Normal
TRP14466,1,0.17831036681265322,Normal
TRP14467,1,0.07337070120415312,Normal
TRP14468,1,0.1678404002912135,Normal
TRP14469,1,0.06789315688852193,Normal
TRP14470,-1,-0.03370564091707684,Anomaly
TRP14471,1,0.05123484742811624,Normal
TRP14472,1,0.04509663950470033,Normal
TRP14473,1,0.10501647542633114,Normal
TRP14474,1,0.10016047216605578,Normal
TRP14475,1,0.10262794963017358,Normal
TRP14476,1,0.1402248034764066,Normal
TRP14477,1,0.01674968432128221,Normal
TRP14478,1,0.17819537416379438,Normal
TRP14479,1,0.07182203790063346,Normal
TRP14480,1,0.17015449801820193,Normal
TRP14481,1,0.07184692972629336,Normal
TRP14482,1,0.07054099857634333,Normal
TRP14483,-1,-0.04682478346571706,Anomaly
TRP14484,1,0.12925274315507795,Normal
TRP14485,1,0.07484639317016284,Normal
TRP14486,1,0.11598384125717964,Normal
TRP14487,1,0.17009146937577146,Normal
TRP14488,-1,-0.0011744602978298602,Anomaly
TRP14489,1,0.1568921590432299,Normal
TRP14490,1,0.08390720204951907,Normal
TRP14491,-1,-0.014351184365619551,Anomaly
TRP14492,1,0.03274587629544368,Normal
TRP14493,1,0.09712449026328862,Normal
TRP14494,1,0.09689578538153115,Normal
TRP14495,1,0.17998658057075956,Normal
TRP14496,1,0.0363663193599163,Normal
TRP14497,1,0.09556304940827542,Normal
TRP14498,1,0.09357170904713114,Normal
TRP14499,1,0.09738291151004258,Normal
TRP14500,1,0.1031451363654437,Normal
TRP14501,1,0.12476430217203305,Normal
TRP14502,1,0.06987511989508555,Normal
TRP14503,1,0.18103862370108492,Normal
TRP14504,1,0.125359289845346,Normal
TRP14505,1,0.17489465886261085,Normal
TRP14506,-1,-0.015841317084995366,Anomaly
TRP14507,1,0.09717965384431165,Normal
TRP14508,1,0.1507340981046137,Normal
TRP14509,1,0.10846375953799098,Normal
TRP14510,1,0.03166284476174708,Normal
TRP14511,1,0.17528095607927568,Normal
TRP14512,1,0.08337289365236411,Normal
TRP14513,1,0.16959618818799277,Normal
TRP14514,1,0.07225834113782992,Normal
TRP14515,1,0.1766021736259052,Normal
TRP14516,1,0.09594863260784442,Normal
TRP14517,1,0.12338964329762647,Normal
TRP14518,1,0.1596974298743692,Normal
TRP14519,1,0.02678333176509895,Normal
TRP14520,1,0.10539720086973159,Normal
TRP14521,1,0.09363325203567413,Normal
TRP14522,1,0.10630655155665258,Normal
TRP14523,1,0.11275305711780831,Normal
TRP14524,1,0.03302270392357343,Normal
TRP14525,1,0.00502299001302986,Normal
TRP14526,1,0.07572285429788483,Normal
TRP14527,-1,-0.0020412846735440304,Anomaly
TRP14528,1,0.17492730398170286,Normal
TRP14529,1,0.0431376181030807,Normal
TRP14530,1,0.09821113445738461,Normal
TRP14531,1,0.009011444541989655,Normal
TRP14532,1,0.1799210572695304,Normal
TRP14533,1,0.051189744151028505,Normal
TRP14534,1,0.11778885852066129,Normal
TRP14535,1,0.07343698335614479,Normal
TRP14536,1,0.10900231183662845,Normal
TRP14537,1,0.16375227903919565,Normal
TRP14538,1,0.05550240510713278,Normal
TRP14539,1,0.17765512495424157,Normal
TRP14540,1,0.06781360317840579,Normal
TRP14541,1,0.11939200190421068,Normal
TRP14542,1,0.09562131980816724,Normal
TRP14543,1,0.161678108410023,Normal
TRP14544,1,0.17569457449381748,Normal
TRP14545,1,0.1441170455705753,Normal
TRP14546,1,0.07628688928889754,Normal
TRP14547,1,0.04955467568557348,Normal
TRP14548,1,0.07096977544388372,Normal
TRP14549,1,0.1488445561581389,Normal
TRP14550,1,0.16551818316922012,Normal
TRP14551,1,0.1774464328655938,Normal
TRP14552,1,0.17542650043756075,Normal
TRP14553,1,0.037584549274687795,Normal
TRP14554,1,0.053873433653309544,Normal
TRP14555,1,0.14005723968848177,Normal
TRP14556,1,0.15488547877289416,Normal
TRP14557,1,0.1793841820417939,Normal
TRP14558,1,0.174201706006812,Normal
TRP14559,1,0.05574766697794975,Normal
TRP14560,1,0.15752209740886902,Normal
TRP14561,1,0.17705552743526248,Normal
TRP14562,1,0.0031815849128024043,Normal
TRP14563,1,0.17884022250675286,Normal
TRP14564,1,0.1536744123751077,Normal
TRP14565,1,0.16512125380448534,Normal
TRP14566,1,0.14172606621635392,Normal
TRP14567,1,0.18186000405807912,Normal
TRP14568,1,0.1299713833640297,Normal
TRP14569,1,0.14662923934044536,Normal
TRP14570,1,0.16098901461170495,Normal
TRP14571,1,0.05546630493735971,Normal
TRP14572,1,0.04625976104457974,Normal
TRP14573,1,0.07412420124228114,Normal
TRP14574,1,0.08962973274772895,Normal
TRP14575,1,0.0767898677584567,Normal
TRP14576,1,0.17808929173020405,Normal
TRP14577,1,0.15895652470295757,Normal
TRP14578,1,0.12762193140152622,Normal
TRP14579,1,0.11330149893586228,Normal
TRP14580,1,0.11078187190656336,Normal
TRP14581,1,0.1326358330297175,Normal
TRP14582,1,0.05011673605040767,Normal
TRP14583,1,0.09075182760991801,Normal
TRP14584,1,0.1811419994174201,Normal
TRP14585,1,0.13091232411199505,Normal
TRP14586,1,0.1554387070376706,Normal
TRP14587,1,0.1650163699460414,Normal
TRP14588,1,0.1256133883450024,Normal
TRP14589,1,0.10440194140958892,Normal
TRP14590,-1,-0.027191676472222426,Anomaly
TRP14591,1,0.04534046543089554,Normal
TRP14592,1,0.051321353305291195,Normal
TRP14593,1,0.10210938789506213,Normal
TRP14594,1,0.17507556922597234,Normal
TRP14595,1,0.07628688928889754,Normal
TRP14596,1,0.09749453441474343,Normal
TRP14597,1,0.16850981333958004,Normal
TRP14598,1,0.014292818761726944,Normal
TRP14599,1,0.061203963547799556,Normal
TRP14600,1,0.13689871915246427,Normal
TRP14601,1,0.07903939629557322,Normal
TRP14602,1,0.02032946911939404,Normal
TRP14603,1,0.17934924018544834,Normal
TRP14604,1,0.17276801039644907,Normal
TRP14605,1,0.08830181781475499,Normal
TRP14606,1,0.13116632548322732,Normal
TRP14607,1,0.05557884685495684,Normal
TRP14608,1,0.13859324369386045,Normal
TRP14609,1,0.09714911523883624,Normal
TRP14610,1,0.17569677770646014,Normal
TRP14611,1,0.10960848678721041,Normal
TRP14612,1,0.05859618386665755,Normal
TRP14613,1,0.12320143195214756,Normal
TRP14614,1,0.04179781843540187,Normal
TRP14615,1,0.17356591971788898,Normal
TRP14616,1,0.07777234399775262,Normal
TRP14617,1,0.15941524336453738,Normal
TRP14618,1,0.07070031351828554,Normal
TRP14619,1,0.11233303153806118,Normal
TRP14620,1,0.06470646455382811,Normal
TRP14621,1,0.04877897042691892,Normal
TRP14622,1,0.051454331533615116,Normal
TRP14623,1,0.09562131980816724,Normal
TRP14624,1,0.15356625318894634,Normal
TRP14625,1,0.17535013506210778,Normal
TRP14626,1,0.1570356764938442,Normal
TRP14627,1,0.1518715502391471,Normal
TRP14628,1,0.04695761079926242,Normal
TRP14629,1,0.059208028724057615,Normal
TRP14630,1,0.1251344508487372,Normal
TRP14631,1,0.021510838196843296,Normal
TRP14632,1,0.11584540512260905,Normal
TRP14633,1,0.13710013951342592,Normal
TRP14634,1,0.14211782267754597,Normal
TRP14635,1,0.18506570842324233,Normal
TRP14636,1,0.1130791725351023,Normal
TRP14637,1,0.09522453858667512,Normal
TRP14638,1,0.13816496814254242,Normal
TRP14639,-1,-0.00033527898085261576,Anomaly
TRP14640,1,0.1617983274179055,Normal
TRP14641,1,0.1709650745896797,Normal
TRP14642,1,0.11835131181508746,Normal
TRP14643,1,0.17987424463387097,Normal
TRP14644,1,0.09691011391017107,Normal
TRP14645,1,0.15790276826218858,Normal
TRP14646,-1,-0.02950294284628352,Anomaly
TRP14647,1,0.045465270779212474,Normal
TRP14648,1,0.009680987750699921,Normal
TRP14649,1,0.030209042680147125,Normal
TRP14650,1,0.14093012760046664,Normal
TRP14651,1,0.012449425057736274,Normal
TRP14652,1,0.1295331137691777,Normal
TRP14653,1,0.12948500764310766,Normal
TRP14654,1,0.08703037017838644,Normal
TRP14655,1,0.16763718054993781,Normal
TRP14656,1,0.09895783741385611,Normal
TRP14657,1,0.1420308427053028,Normal
TRP14658,1,0.06400734828731258,Normal
TRP14659,1,0.12413752582959442,Normal
TRP14660,1,0.1453404990207371,Normal
TRP14661,1,0.006959203753287735,Normal
TRP14662,1,0.09996718717078368,Normal
TRP14663,1,0.0684899632311946,Normal
TRP14664,1,0.04978682286953995,Normal
TRP14665,1,0.03477028206320265,Normal
TRP14666,1,0.03076601628354203,Normal
TRP14667,1,0.16504126307057942,Normal
TRP14668,1,0.10629240319529742,Normal
TRP14669,1,0.08872096017544168,Normal
TRP14670,1,0.08943962165631753,Normal
TRP14671,1,0.1663288494409299,Normal
TRP14672,1,0.10381014072216044,Normal
TRP14673,-1,-0.018218886755796748,Anomaly
TRP14674,1,0.0599787840969781,Normal
TRP14675,1,0.04439813665097425,Normal
TRP14676,1,0.17534670156082793,Normal
TRP14677,1,0.054159570782255084,Normal
TRP14678,1,0.10016047216605578,Normal
TRP14679,1,0.09901335328559113,Normal
TRP14680,1,0.031522556856051875,Normal
TRP14681,1,0.1371617813383071,Normal
TRP14682,1,0.10209050022028465,Normal
TRP14683,1,0.17265657191029016,Normal
TRP14684,1,0.1788106710090338,Normal
TRP14685,1,0.18067816464742847,Normal
TRP14686,1,0.10434956872150891,Normal
TRP14687,1,0.12485982702706627,Normal
TRP14688,1,0.09218856762250782,Normal
TRP14689,1,0.05446473102799265,Normal
TRP14690,1,0.1283849121202399,Normal
TRP14691,1,0.17556510350997856,Normal
TRP14692,1,0.17667398047218286,Normal
TRP14693,1,0.013220963666260688,Normal
TRP14694,1,0.021510838196843296,Normal
TRP14695,1,0.051321353305291195,Normal
TRP14696,1,0.10729854018612034,Normal
TRP14697,1,0.1608706557103498,Normal
TRP14698,1,0.10872097434397537,Normal
TRP14699,1,0.004267640359880809,Normal
TRP14700,1,0.18570908648851675,Normal
TRP14701,1,0.16610016677485412,Normal
TRP14702,1,0.09564291126342012,Normal
TRP14703,1,0.16655027030854236,Normal
TRP14704,1,0.0816088011387987,Normal
TRP14705,1,0.15938196537557947,Normal
TRP14706,1,0.03607647039486317,Normal
TRP14707,1,0.08825450660868861,Normal
TRP14708,1,0.051321353305291195,Normal
TRP14709,1,0.1467911965738264,Normal
TRP14710,1,0.1806850662623608,Normal
TRP14711,1,0.17717891741888442,Normal
TRP14712,1,0.16668877007814092,Normal
TRP14713,1,0.07182203790063346,Normal
TRP14714,1,0.1576682489894033,Normal
TRP14715,1,0.13634212028246628,Normal
TRP14716,1,0.13328736409151443,Normal
TRP14717,1,0.032274751669441604,Normal
TRP14718,1,0.13598424385217167,Normal
TRP14719,1,0.056070098010984726,Normal
TRP14720,1,0.05420517815661252,Normal
TRP14721,1,0.07763591692522082,Normal
TRP14722,1,0.14526205816992827,Normal
TRP14723,1,0.03413522007848924,Normal
TRP14724,-1,-0.01680088396324997,Anomaly
TRP14725,1,0.051939579635988165,Normal
TRP14726,1,0.08656605276646268,Normal
TRP14727,1,0.15118464899083411,Normal
TRP14728,1,0.17389754175088967,Normal
TRP14729,-1,-0.010249430930706849,Anomaly
TRP14730,1,0.17130326096222487,Normal
TRP14731,1,0.10379079399880575,Normal
TRP14732,1,0.1736583244669001,Normal
TRP14733,1,0.0750390226182438,Normal
TRP14734,1,0.18296631212843967,Normal
TRP14735,1,0.0386987754209871,Normal
TRP14736,1,0.12650748038339255,Normal
TRP14737,1,0.15203980229805325,Normal
TRP14738,1,0.1472114120701275,Normal
TRP14739,1,0.17795111342974645,Normal
TRP14740,1,0.07493783924070041,Normal
TRP14741,1,0.08731092397424062,Normal
TRP14742,1,0.15481310659664627,Normal
TRP14743,1,0.1512624957476853,Normal
TRP14744,1,0.024324681033501827,Normal
TRP14745,1,0.12869823383044926,Normal
TRP14746,1,0.0823636890010841,Normal
TRP14747,1,0.08176217239267491,Normal
TRP14748,1,0.04238187163383855,Normal
TRP14749,1,0.0697686585343602,Normal
TRP14750,1,0.12685277684402546,Normal
TRP14751,1,0.15620156787549971,Normal
TRP14752,1,0.17789374613572612,Normal
TRP14753,1,0.0010484417212257569,Normal
TRP14754,1,0.013353747013894135,Normal
TRP14755,1,0.09482872767835704,Normal
TRP14756,1,0.07627422768585657,Normal
TRP14757,1,0.049625576561370455,Normal
TRP14758,1,0.12360187886272966,Normal
TRP14759,1,0.1327854011165162,Normal
TRP14760,1,0.03553501113490787,Normal
TRP14761,1,0.07456127181655259,Normal
TRP14762,1,0.107580538648817,Normal
TRP14763,1,0.10984445735494025,Normal
TRP14764,1,0.06311107100276003,Normal
TRP14765,1,0.08431196566552224,Normal
TRP14766,1,0.12607556208348264,Normal
TRP14767,1,0.1247520334112866,Normal
TRP14768,1,0.14960042454217065,Normal
TRP14769,1,0.12830311457960097,Normal
TRP14770,1,0.0684899632311946,Normal
TRP14771,1,0.11763677389512173,Normal
TRP14772,1,0.14180145437901842,Normal
TRP14773,1,0.18476913630390612,Normal
TRP14774,1,0.09258610681578539,Normal
TRP14775,1,0.06321597628773667,Normal
TRP14776,1,0.16642889112834436,Normal
TRP14777,1,0.1325470877505256,Normal
TRP14778,1,0.18383384059345298,Normal
TRP14779,1,0.009680987750699921,Normal
TRP14780,1,0.15513523453621975,Normal
TRP14781,1,0.17159018853314684,Normal
TRP14782,1,0.15005745303754486,Normal
TRP14783,1,0.11714788083083982,Normal
TRP14784,1,0.1444791801909353,Normal
TRP14785,1,0.08921591475403956,Normal
TRP14786,1,0.1865506421960862,Normal
TRP14787,1,0.09126180676267609,Normal
TRP14788,1,0.09829029375918119,Normal
TRP14789,1,0.07385527877371179,Normal
TRP14790,1,0.15821090709760494,Normal
TRP14791,1,0.06531207730596644,Normal
TRP14792,1,0.03126836970409874,Normal
TRP14793,1,0.1452469393425428,Normal
TRP14794,1,0.09420077531050625,Normal
TRP14795,1,0.1801619830912612,Normal
TRP14796,1,0.181536764144128,Normal
TRP14797,1,0.10629240319529742,Normal
TRP14798,1,0.16753589308547256,Normal
TRP14799,1,0.09806873544756917,Normal
TRP14800,1,0.1422849516978988,Normal
TRP14801,1,0.07394979487926623,Normal
TRP14802,1,0.1128813094496367,Normal
TRP14803,1,0.05384249999262025,Normal
TRP14804,1,0.06172137001235545,Normal
TRP14805,1,0.09931308258972449,Normal
TRP14806,1,0.16880520385457604,Normal
TRP14807,1,0.08732281222979232,Normal
TRP14808,1,0.0739197916648926,Normal
TRP14809,1,0.160027605896934,Normal
TRP14810,1,0.07110687425087514,Normal
TRP14811,1,0.10246196685124015,Normal
TRP14812,1,0.12554859778592903,Normal
TRP14813,1,0.11079760552738199,Normal
TRP14814,1,0.024324681033501827,Normal
TRP14815,1,0.1196170805212029,Normal
TRP14816,1,0.18161429823559633,Normal
TRP14817,1,0.10237351603554534,Normal
TRP14818,1,0.15308699768232542,Normal
TRP14819,1,0.16260846102507442,Normal
TRP14820,1,0.12188730113227336,Normal
TRP14821,1,0.05391099704253921,Normal
TRP14822,1,0.17248807919912684,Normal
TRP14823,1,0.09447948915393656,Normal
TRP14824,1,0.03566969859064084,Normal
TRP14825,1,0.17110428751946305,Normal
TRP14826,1,0.062356433614711215,Normal
TRP14827,1,0.15070773115893837,Normal
TRP14828,1,0.03967765473621332,Normal
TRP14829,1,0.09996718717078368,Normal
TRP14830,1,0.11892780915752649,Normal
TRP14831,1,0.024047151209550033,Normal
TRP14832,1,0.09350597659547444,Normal
TRP14833,1,0.12468788873965075,Normal
TRP14834,1,0.17284635934013542,Normal
TRP14835,1,0.054192514472440334,Normal
TRP14836,1,0.08609335738308899,Normal
TRP14837,1,0.11051455484390726,Normal
TRP14838,1,0.1416580056764415,Normal
TRP14839,1,0.07875283312612902,Normal
TRP14840,1,0.15100586407923616,Normal
TRP14841,1,0.1601474675777177,Normal
TRP14842,1,0.0979852457497532,Normal
TRP14843,1,0.09611995280813462,Normal
TRP14844,1,0.03191903832212384,Normal
TRP14845,1,0.0311307552128971,Normal
TRP14846,-1,-0.0010975688638713565,Anomaly
TRP14847,1,0.1504879542052277,Normal
TRP14848,1,0.05157596918021057,Normal
TRP14849,1,0.15143235717204168,Normal
TRP14850,1,0.05123484742811624,Normal
TRP14851,1,0.08868643804436804,Normal
TRP14852,1,0.0460184384980723,Normal
TRP14853,1,0.03168503416200619,Normal
TRP14854,1,0.1417301626429021,Normal
TRP14855,1,0.0862745199001464,Normal
TRP14856,1,0.15575710419172134,Normal
TRP14857,1,0.11255770339167104,Normal
TRP14858,1,0.12028066633937617,Normal
TRP14859,-1,-0.01255949912421328,Anomaly
TRP14860,1,0.10983549005545568,Normal
TRP14861,1,0.10813783477929195,Normal
TRP14862,1,0.13726014884316023,Normal
TRP14863,1,0.10421630984616748,Normal
TRP14864,-1,-0.05756321976563661,Anomaly
TRP14865,1,0.18117736574636895,Normal
TRP14866,1,0.12412066665534699,Normal
TRP14867,1,0.16553130069811234,Normal
TRP14868,1,0.0586495183330803,Normal
TRP14869,1,0.141450720409443,Normal
TRP14870,1,0.06988019672530887,Normal
TRP14871,1,0.16639985877983587,Normal
TRP14872,1,0.019353184206743257,Normal
TRP14873,1,0.0961777856155549,Normal
TRP14874,1,0.03191903832212384,Normal
TRP14875,1,0.05123484742811624,Normal
TRP14876,1,0.1487167930329718,Normal
TRP14877,1,0.15683355905662616,Normal
TRP14878,1,0.11857501555781591,Normal
TRP14879,1,0.1631472472626932,Normal
TRP14880,1,0.14530052146606803,Normal
TRP14881,1,0.0650048829895219,Normal
TRP14882,1,0.02219927792256149,Normal
TRP14883,1,0.14352109156303644,Normal
TRP14884,1,0.06958156500226709,Normal
TRP14885,1,0.10841347719039945,Normal
TRP14886,1,0.16383601277169507,Normal
TRP14887,1,0.17259300705766334,Normal
TRP14888,1,0.07861789341699088,Normal
TRP14889,1,0.10086060613012232,Normal
TRP14890,1,0.052205702059974324,Normal
TRP14891,1,0.011489761809968413,Normal
TRP14892,1,0.02080284148975242,Normal
TRP14893,1,0.049625576561370455,Normal
TRP14894,1,0.18112037250443475,Normal
TRP14895,1,0.003591041565238484,Normal
TRP14896,1,0.08073734158938556,Normal
TRP14897,1,0.05123484742811624,Normal
TRP14898,1,0.1161247983402866,Normal
TRP14899,1,0.09854145206836057,Normal
TRP14900,1,0.181890451530546,Normal
TRP14901,1,0.1731367493577825,Normal
TRP14902,1,0.15473422856149405,Normal
TRP14903,1,0.15770706642813764,Normal
TRP14904,1,0.16647341095410884,Normal
TRP14905,1,0.02277364620313327,Normal
TRP14906,1,0.14252925438191172,Normal
TRP14907,1,0.11714692165239116,Normal
TRP14908,1,0.16685495170304226,Normal
TRP14909,1,0.17386677743970302,Normal
TRP14910,1,0.09727393662245354,Normal
TRP14911,1,0.08278188362477545,Normal
TRP14912,1,0.12838630371623938,Normal
TRP14913,1,0.11408943763135332,Normal
TRP14914,1,0.12209697537567044,Normal
TRP14915,1,0.055573873711956545,Normal
TRP14916,1,0.0979852457497532,Normal
TRP14917,1,0.08337289365236411,Normal
TRP14918,1,0.16972168823004918,Normal
TRP14919,1,0.13997892349461855,Normal
TRP14920,1,0.014357134850087827,Normal
TRP14921,1,0.10669949338414308,Normal
TRP14922,1,0.18192909018389058,Normal
TRP14923,1,0.055573873711956545,Normal
TRP14924,1,0.09035068326061813,Normal
TRP14925,1,0.05225393114031063,Normal
TRP14926,1,0.051321353305291195,Normal
TRP14927,1,0.16258039022330073,Normal
TRP14928,1,0.1526059115345032,Normal
TRP14929,1,0.1662092913444404,Normal
TRP14930,1,0.16995945557007708,Normal
TRP14931,1,0.17803101033982438,Normal
TRP14932,1,0.12077988613049906,Normal
TRP14933,1,0.09687769448837413,Normal
TRP14934,1,0.15687458875095156,Normal
TRP14935,-1,-0.02918895542040556,Anomaly
TRP14936,1,0.1751814046820362,Normal
TRP14937,1,0.10012263268176208,Normal
TRP14938,-1,-0.02066452634319904,Anomaly
TRP14939,1,0.18094456971059075,Normal
TRP14940,1,0.14384739756325493,Normal
TRP14941,1,0.18217962305069024,Normal
TRP14942,1,0.15319599838414277,Normal
TRP14943,1,0.08872096017544168,Normal
TRP14944,1,0.09931086320197563,Normal
TRP14945,1,0.0753698402855269,Normal
TRP14946,-1,-0.004638444246249374,Anomaly
TRP14947,1,0.07421986139633019,Normal
TRP14948,1,0.16972821077115086,Normal
TRP14949,1,0.08380776833777676,Normal
TRP14950,1,0.08051834242482625,Normal
TRP14951,1,0.06850219630368781,Normal
TRP14952,1,0.13840525894413058,Normal
TRP14953,1,0.0785791634320187,Normal
TRP14954,1,0.05123484742811624,Normal
TRP14955,1,0.16631024320506138,Normal
TRP14956,1,0.1653520710833225,Normal
TRP14957,1,0.17414089441349245,Normal
TRP14958,1,0.1447944884363332,Normal
TRP14959,1,0.1553770362056357,Normal
TRP14960,1,0.10676914037973995,Normal
TRP14961,1,0.07491372842277688,Normal
TRP14962,1,0.039486518553801586,Normal
TRP14963,1,0.16118531673580372,Normal
TRP14964,1,0.1789819214768335,Normal
TRP14965,1,0.1666973420091949,Normal
TRP14966,1,0.05153224772672882,Normal
TRP14967,1,0.037202991906189586,Normal
TRP14968,1,0.1652986836168242,Normal
TRP14969,1,0.07500418127259323,Normal
TRP14970,1,0.15956893694356283,Normal
TRP14971,1,0.02127041444023503,Normal
TRP14972,1,0.13002010201673897,Normal
TRP14973,1,0.11042168246295186,Normal
TRP14974,1,0.17945255901503349,Normal
TRP14975,1,0.13006506515838456,Normal
TRP14976,1,0.08955758152458465,Normal
TRP14977,1,0.18187919395626995,Normal
TRP14978,1,0.09628789484985018,Normal
TRP14979,1,0.17659851582145747,Normal
TRP14980,1,0.0980071190852258,Normal
TRP14981,1,0.164931092191774,Normal
TRP14982,1,0.08825450660868861,Normal
TRP14983,1,0.15614054016001566,Normal
TRP14984,1,0.08825450660868861,Normal
TRP14985,1,0.15929184708744804,Normal
TRP14986,1,0.15826072753930415,Normal
TRP14987,1,0.09652714056946171,Normal
TRP14988,1,0.00027515175321235485,Normal
TRP14989,1,0.1067402920062076,Normal
TRP14990,1,0.17191046412813266,Normal
TRP14991,1,0.017267900478691978,Normal
TRP14992,1,0.1561185044946612,Normal
TRP14993,1,0.11759293154652883,Normal
TRP14994,1,0.16873049698115078,Normal
TRP14995,1,0.18281593287092646,Normal
TRP14996,1,0.17726870212028506,Normal
TRP14997,1,0.16793038173244806,Normal
TRP14998,-1,-0.007680174645307791,Anomaly
TRP14999,1,0.058123178352976756,Normal
TRP15000,1,0.12037662929627785,Normal
TRP15001,1,0.039661869902745894,Normal
TRP15002,1,0.08337289365236411,Normal
TRP15003,1,0.17111080421863667,Normal
TRP15004,1,0.05198053328178587,Normal
TRP15005,1,0.046029206105725806,Normal
TRP15006,1,0.062268507620926505,Normal
TRP15007,1,0.12128070927403506,Normal
TRP15008,1,0.10735738000810874,Normal
TRP15009,1,0.1825767159166169,Normal
TRP15010,1,0.03845127787503699,Normal
TRP15011,-1,-0.002283799536754172,Anomaly
TRP15012,1,0.08456130889655478,Normal
TRP15013,1,0.04501782440382773,Normal
TRP15014,1,0.13761943361981127,Normal
TRP15015,1,0.16817066079512072,Normal
TRP15016,1,0.14964746534371165,Normal
TRP15017,1,0.17878341269404746,Normal
TRP15018,1,0.16197366201279467,Normal
TRP15019,1,0.1655578410750771,Normal
TRP15020,1,0.11374569061224854,Normal
TRP15021,1,0.17816359587181624,Normal
TRP15022,-1,-0.008962742911400867,Anomaly
TRP15023,1,0.0272783177738799,Normal
TRP15024,1,0.15888597483187233,Normal
TRP15025,1,0.06824609390494396,Normal
TRP15026,1,0.08456130889655478,Normal
TRP15027,1,0.05992603602721491,Normal
TRP15028,1,0.1703858249599295,Normal
TRP15029,1,0.10755049235916475,Normal
TRP15030,1,0.14961538780139416,Normal
TRP15031,1,0.15740072787988957,Normal
TRP15032,1,0.17306160839435764,Normal
TRP15033,1,0.07421986139633019,Normal
TRP15034,1,0.14572696239656902,Normal
TRP15035,1,0.08825450660868861,Normal
TRP15036,1,0.021419646511447454,Normal
TRP15037,1,0.0996570915396478,Normal
TRP15038,1,0.11410436882084246,Normal
TRP15039,1,0.1469634581607378,Normal
TRP15040,1,0.15696316995466708,Normal
TRP15041,1,0.13445565338758608,Normal
TRP15042,1,0.06838261478640839,Normal
TRP15043,1,0.15328377617505679,Normal
TRP15044,1,0.1520346688373333,Normal
TRP15045,1,0.09147978312858002,Normal
TRP15046,1,0.07444232327291522,Normal
TRP15047,1,0.09644767830862538,Normal
TRP15048,1,0.09812601791072628,Normal
TRP15049,1,0.08626993968809182,Normal
TRP15050,-1,-0.03130607032829613,Anomaly
TRP15051,1,0.059031624310515673,Normal
TRP15052,1,0.1416905602303516,Normal
TRP15053,1,0.07412420124228114,Normal
TRP15054,1,0.16719055952644485,Normal
TRP15055,1,0.08626993968809182,Normal
TRP15056,1,0.10388648108890125,Normal
TRP15057,1,0.10388943302061782,Normal
TRP15058,1,0.14547716161049024,Normal
TRP15059,1,0.15568527508328733,Normal
TRP15060,1,0.16786075172325748,Normal
TRP15061,1,0.1826829688549823,Normal
TRP15062,-1,-0.014204974608727161,Anomaly
TRP15063,1,0.04211398940614797,Normal
TRP15064,1,0.03744560038440781,Normal
TRP15065,1,0.16422974068237545,Normal
TRP15066,1,0.1588917882338391,Normal
TRP15067,1,0.03370978434237848,Normal
TRP15068,1,0.14708742576969935,Normal
TRP15069,1,0.162173346224259,Normal
TRP15070,1,0.07918149060028079,Normal
TRP15071,1,0.07702451089326917,Normal
TRP15072,1,0.10055967306097258,Normal
TRP15073,1,0.05905147084390916,Normal
TRP15074,1,0.11041819794943059,Normal
TRP15075,1,0.11263365299316336,Normal
TRP15076,1,0.17401313377633404,Normal
TRP15077,1,0.12541284340647646,Normal
TRP15078,1,0.07602889237077781,Normal
TRP15079,1,0.13889147645733935,Normal
TRP15080,-1,-0.0054019729309507936,Anomaly
TRP15081,1,0.10237351603554534,Normal
TRP15082,1,0.15568304353790585,Normal
TRP15083,1,0.10785941277487521,Normal
TRP15084,-1,-0.014351184365619551,Anomaly
TRP15085,1,0.13631386397028372,Normal
TRP15086,1,0.08326275115187998,Normal
TRP15087,1,0.06470646455382811,Normal
TRP15088,1,0.05661108556891126,Normal
TRP15089,-1,-0.012930441563786976,Anomaly
TRP15090,1,0.10988601126115227,Normal
TRP15091,1,0.08952004050376494,Normal
TRP15092,1,0.05726100174196069,Normal
TRP15093,1,0.10494328170212225,Normal
TRP15094,1,0.08780544210110969,Normal
TRP15095,1,0.10691726294014214,Normal
TRP15096,-1,-0.00874993224783105,Anomaly
TRP15097,1,0.17545061736107503,Normal
TRP15098,1,0.07418393336813933,Normal
TRP15099,1,0.10214387038892897,Normal
TRP15100,1,0.11818846564572782,Normal
TRP15101,1,0.1542104974699286,Normal
TRP15102,1,0.051818390161113115,Normal
TRP15103,1,0.10449167724914121,Normal
TRP15104,1,0.1818269962977705,Normal
TRP15105,1,0.02254915883912867,Normal
TRP15106,1,0.18235263444857924,Normal
TRP15107,1,0.11186138429564779,Normal
TRP15108,1,0.11924160279756496,Normal
TRP15109,1,0.16771437790213556,Normal
TRP15110,1,0.16862932110163825,Normal
TRP15111,1,0.04940730550904837,Normal
TRP15112,1,0.14148493719501803,Normal
TRP15113,1,0.09582547661835306,Normal
TRP15114,1,0.06549168193734856,Normal
TRP15115,1,0.040437589376634,Normal
TRP15116,1,0.11302484523904754,Normal
TRP15117,1,0.06022650496622062,Normal
TRP15118,1,0.16125460709783912,Normal
TRP15119,1,0.10214387038892897,Normal
TRP15120,1,0.17093316240339868,Normal
TRP15121,1,0.09148769060524431,Normal
TRP15122,1,0.06507916979439332,Normal
TRP15123,1,0.12769384815827234,Normal
TRP15124,1,0.08880752376079254,Normal
TRP15125,1,0.04915989684947131,Normal
TRP15126,1,0.12765589938618038,Normal
TRP15127,1,0.07555448784197039,Normal
TRP15128,1,0.027264683565324188,Normal
TRP15129,1,0.05123484742811624,Normal
TRP15130,1,0.052732596062851966,Normal
TRP15131,-1,-0.007470885782384862,Anomaly
TRP15132,1,0.0986047637297438,Normal
TRP15133,1,0.05123484742811624,Normal
TRP15134,1,0.16699751853006417,Normal
TRP15135,1,0.09931308258972449,Normal
TRP15136,1,0.05266028174856263,Normal
TRP15137,1,0.08609335738308899,Normal
TRP15138,1,0.1235756596245246,Normal
TRP15139,1,0.15268812131221743,Normal
TRP15140,1,0.058417838468797556,Normal
TRP15141,1,0.02722731672503076,Normal
TRP15142,1,0.017554900417770303,Normal
TRP15143,1,0.15896619356427844,Normal
TRP15144,1,0.13627450915393063,Normal
TRP15145,1,0.17991168610834757,Normal
TRP15146,1,0.07777234399775262,Normal
TRP15147,1,0.06968846393775352,Normal
TRP15148,1,0.1487999107818313,Normal
TRP15149,1,0.15678237605220102,Normal
TRP15150,1,0.005182739714356233,Normal
TRP15151,1,0.17241031552986336,Normal
TRP15152,1,0.1606783240527025,Normal
TRP15153,1,0.16786478144750372,Normal
TRP15154,1,0.1629536392665798,Normal
TRP15155,1,0.12422578819794733,Normal
TRP15156,1,0.18087744131033168,Normal
TRP15157,1,0.14950240698761602,Normal
TRP15158,1,0.15891903417965886,Normal
TRP15159,1,0.16772024043251504,Normal
TRP15160,1,0.15041541890605764,Normal
TRP15161,1,0.10111536186965747,Normal
TRP15162,1,0.0630289181652035,Normal
TRP15163,1,0.06616978117419037,Normal
TRP15164,1,0.15613323822804215,Normal
TRP15165,1,0.05965464740547599,Normal
TRP15166,1,0.13059462626970791,Normal
TRP15167,1,0.014292818761726944,Normal
TRP15168,1,0.1579004846904677,Normal
TRP15169,1,0.14568610169225676,Normal
TRP15170,1,0.07938166965428478,Normal
TRP15171,-1,-0.022815378450580792,Anomaly
TRP15172,1,0.051436131198071555,Normal
TRP15173,1,0.16179073899303054,Normal
TRP15174,-1,-0.02359194653437302,Anomaly
TRP15175,1,0.052930335046245114,Normal
TRP15176,1,0.08375891527086488,Normal
TRP15177,1,0.09050583659274353,Normal
TRP15178,-1,-0.014989078971488934,Anomaly
TRP15179,1,0.08533409700374778,Normal
TRP15180,-1,-0.030991701793802506,Anomaly
TRP15181,1,0.17929450494508026,Normal
TRP15182,1,0.05355220804588723,Normal
TRP15183,1,0.1345945203283217,Normal
TRP15184,1,0.11016515291090373,Normal
TRP15185,1,0.08700821224835864,Normal
TRP15186,1,0.08929685694729472,Normal
TRP15187,1,0.16992445443576654,Normal
TRP15188,1,0.062846036852234,Normal
TRP15189,1,0.0757514088443314,Normal
TRP15190,1,0.17097738791002587,Normal
TRP15191,1,0.10265459689839196,Normal
TRP15192,1,0.16431061195024288,Normal
TRP15193,1,0.17959922369852543,Normal
TRP15194,1,0.1042104853472603,Normal
TRP15195,1,0.103325710279835,Normal
TRP15196,1,0.17315799799524462,Normal
TRP15197,1,0.1046275172459411,Normal
TRP15198,1,0.0739197916648926,Normal
TRP15199,1,0.07444232327291522,Normal
TRP15200,1,0.17333139951616677,Normal
TRP15201,-1,-0.02994840986701619,Anomaly
TRP15202,1,0.0996570915396478,Normal
TRP15203,1,0.13381155806388972,Normal
TRP15204,1,0.16891617484502014,Normal
TRP15205,1,0.1489347522023583,Normal
TRP15206,1,0.1630704675017457,Normal
TRP15207,1,0.16535699152185163,Normal
TRP15208,1,0.16705909490832743,Normal
TRP15209,1,0.10216570331331348,Normal
TRP15210,1,0.09353615838957946,Normal
TRP15211,1,0.1133958738557761,Normal
TRP15212,-1,-0.034920316406608976,Anomaly
TRP15213,1,0.17560991217066468,Normal
TRP15214,1,0.17788989025626595,Normal
TRP15215,1,0.13815473382123328,Normal
TRP15216,1,0.10251776565271736,Normal
TRP15217,1,0.0684899632311946,Normal
TRP15218,1,0.11367675056130644,Normal
TRP15219,1,0.14265364622492882,Normal
TRP15220,1,0.09327382306991522,Normal
TRP15221,1,0.11534968889658415,Normal
TRP15222,1,0.07510048056357899,Normal
TRP15223,1,0.009740191665157716,Normal
TRP15224,1,0.08390720204951907,Normal
TRP15225,1,0.15164134903814597,Normal
TRP15226,1,0.08439840003029087,Normal
TRP15227,1,0.13708910806895258,Normal
TRP15228,1,0.12292308062335722,Normal
TRP15229,1,0.1727626722161431,Normal
TRP15230,1,0.05630671492601025,Normal
TRP15231,1,0.07766024114727099,Normal
TRP15232,1,0.076661667124938,Normal
TRP15233,1,0.05463795316909181,Normal
TRP15234,1,0.11125121692931439,Normal
TRP15235,1,0.09534636153310272,Normal
TRP15236,1,0.053007437155373927,Normal
TRP15237,1,0.09452345951990326,Normal
TRP15238,1,0.0757514088443314,Normal
TRP15239,1,0.12128937311405275,Normal
TRP15240,1,0.09747582279205053,Normal
TRP15241,-1,-0.00680870287034252,Anomaly
TRP15242,1,0.09944250203107247,Normal
TRP15243,1,0.14564965802294888,Normal
TRP15244,1,0.16468877232425222,Normal
TRP15245,1,0.17518038457515034,Normal
TRP15246,1,0.15739723945346007,Normal
TRP15247,1,0.15415709895359536,Normal
TRP15248,1,0.17655625361806743,Normal
TRP15249,1,0.17079314616584318,Normal
TRP15250,1,0.18279629178284462,Normal
TRP15251,1,0.13037407758565028,Normal
TRP15252,1,0.15851307690833766,Normal
TRP15253,1,0.0569466955077903,Normal
TRP15254,1,0.07385527877371179,Normal
TRP15255,1,0.06762040565409311,Normal
TRP15256,1,0.15888386363543172,Normal
TRP15257,1,0.18570102669377064,Normal
TRP15258,1,0.11833552594532692,Normal
TRP15259,1,0.102420606536824,Normal
TRP15260,1,0.059767327240767276,Normal
TRP15261,1,0.03379835948179033,Normal
TRP15262,1,0.14193799729625511,Normal
TRP15263,1,0.16683101482088292,Normal
TRP15264,-1,-0.04034441228541208,Anomaly
TRP15265,1,0.09180353198778962,Normal
TRP15266,1,0.08237587804776225,Normal
TRP15267,1,0.14989803718361372,Normal
TRP15268,1,0.17039285677086713,Normal
TRP15269,1,0.10183240387890691,Normal
TRP15270,1,0.13348713009121638,Normal
TRP15271,1,0.08844733765896284,Normal
TRP15272,1,0.08510208178062223,Normal
TRP15273,1,0.06821609264307804,Normal
TRP15274,1,0.13671699759875044,Normal
TRP15275,1,0.025573296484658226,Normal
TRP15276,1,0.09598482893476645,Normal
TRP15277,1,0.04129833769668312,Normal
TRP15278,-1,-0.021341137014495692,Anomaly
TRP15279,1,0.10251620424867086,Normal
TRP15280,1,0.17941513621693378,Normal
TRP15281,1,0.12190112595723912,Normal
TRP15282,1,0.17136848791573117,Normal
TRP15283,1,0.11184607111261102,Normal
TRP15284,1,0.06094817731501856,Normal
TRP15285,1,0.11667377057959727,Normal
TRP15286,1,0.05937010375568652,Normal
TRP15287,1,0.0481597314714487,Normal
TRP15288,1,0.11676387600688543,Normal
TRP15289,1,0.15327767484671817,Normal
TRP15290,1,0.17695856624766654,Normal
TRP15291,-1,-0.05996369285641445,Anomaly
TRP15292,-1,-0.0050423104697479015,Anomaly
TRP15293,1,0.13311627211813698,Normal
TRP15294,1,0.10388943302061782,Normal
TRP15295,1,0.16283737254152542,Normal
TRP15296,1,0.11403157704947581,Normal
TRP15297,1,0.16911674800168813,Normal
TRP15298,1,0.11637441257294284,Normal
TRP15299,1,0.061539724993663114,Normal
TRP15300,-1,-0.01133392325411886,Anomaly
TRP15301,1,0.15190990344125344,Normal
TRP15302,1,0.002428396594230553,Normal
TRP15303,1,0.082911574332165,Normal
TRP15304,1,0.09621845134637746,Normal
TRP15305,1,0.04216319346582409,Normal
TRP15306,1,0.18212007380333484,Normal
TRP15307,1,0.18395680779990337,Normal
TRP15308,1,0.025494055488821,Normal
TRP15309,1,0.05123484742811624,Normal
TRP15310,1,0.13092444165940453,Normal
TRP15311,1,0.14577953809165017,Normal
TRP15312,1,0.16415960274298008,Normal
TRP15313,-1,-0.0016540200376862213,Anomaly
TRP15314,1,0.056538698207972415,Normal
TRP15315,-1,-0.04816880912867694,Anomaly
TRP15316,1,0.1834020253079055,Normal
TRP15317,1,0.1671367724797037,Normal
TRP15318,-1,-0.02232012524788385,Anomaly
TRP15319,1,0.1477898473964333,Normal
TRP15320,1,0.08811211689286735,Normal
TRP15321,1,0.17459985434609093,Normal
TRP15322,1,0.16303346732494894,Normal
TRP15323,1,0.17702774511319525,Normal
TRP15324,1,0.09431482915802147,Normal
TRP15325,1,0.15279955693350544,Normal
TRP15326,1,0.05123484742811624,Normal
TRP15327,-1,-0.035935380249821014,Anomaly
TRP15328,1,0.09652714056946171,Normal
TRP15329,1,0.09727393662245354,Normal
TRP15330,1,0.14456754548956963,Normal
TRP15331,1,0.17900570904311808,Normal
TRP15332,1,0.16386935162294453,Normal
TRP15333,1,0.08390720204951907,Normal
TRP15334,-1,-0.0009406312719947296,Anomaly
TRP15335,1,0.01939486816792113,Normal
TRP15336,1,0.10103513494865407,Normal
TRP15337,1,0.15682516099123345,Normal
TRP15338,1,0.08714987834778498,Normal
TRP15339,1,0.07954362795848635,Normal
TRP15340,1,0.11066271613928302,Normal
TRP15341,1,0.17270028274702287,Normal
TRP15342,1,0.089085255162136,Normal
TRP15343,1,0.10379079399880575,Normal
TRP15344,-1,-0.02365161542354066,Anomaly
TRP15345,1,0.09357170904713114,Normal
TRP15346,1,0.0976973138959416,Normal
TRP15347,1,0.14270271591213668,Normal
TRP15348,1,0.11846126784514105,Normal
TRP15349,-1,-0.04078556128254962,Anomaly
TRP15350,1,0.13335390382462858,Normal
TRP15351,1,0.10562270108834693,Normal
TRP15352,1,0.1540915334341193,Normal
TRP15353,1,0.17310211050594287,Normal
TRP15354,1,0.08811987271975774,Normal
TRP15355,1,0.1630863959600422,Normal
TRP15356,1,0.15926664387908962,Normal
TRP15357,1,0.008606220289829603,Normal
TRP15358,1,0.12672477027868928,Normal
TRP15359,1,0.08480343171752386,Normal
TRP15360,1,0.1462991766821048,Normal
TRP15361,1,0.04877897042691892,Normal
TRP15362,1,0.10104524846264029,Normal
TRP15363,1,0.09749453441474343,Normal
TRP15364,1,0.05055463245944358,Normal
TRP15365,1,0.0979852457497532,Normal
TRP15366,1,0.14089622399819457,Normal
TRP15367,1,0.11173695133004063,Normal
TRP15368,1,0.029124204732654646,Normal
TRP15369,-1,-0.07243168814792178,Anomaly
TRP15370,-1,-0.034261206557577584,Anomaly
TRP15371,1,0.09011087234853804,Normal
TRP15372,1,0.13801636737548484,Normal
TRP15373,1,0.08686987553790265,Normal
TRP15374,1,0.10631585158313461,Normal
TRP15375,1,0.01565983622879863,Normal
TRP15376,1,0.05177780868416215,Normal
TRP15377,1,0.09895783741385611,Normal
TRP15378,1,0.1857987088623227,Normal
TRP15379,1,0.10032602722784778,Normal
TRP15380,1,0.14132564562457967,Normal
TRP15381,1,0.11261082484085144,Normal
TRP15382,1,0.024556041056538525,Normal
TRP15383,1,0.14740854128134928,Normal
TRP15384,1,0.10203144992869917,Normal
TRP15385,1,0.06762040565409311,Normal
TRP15386,1,0.04147002301949987,Normal
TRP15387,1,0.021510838196843296,Normal
TRP15388,1,0.03991320958949596,Normal
TRP15389,1,0.15400203713163246,Normal
TRP15390,1,0.03888209083716765,Normal
TRP15391,1,0.08337289365236411,Normal
TRP15392,1,0.0569227792973549,Normal
TRP15393,1,0.13852073202510212,Normal
TRP15394,1,0.03654923298601365,Normal
TRP15395,1,0.1431483168645648,Normal
TRP15396,1,0.18336169662036672,Normal
TRP15397,1,0.170086444712088,Normal
TRP15398,1,0.07621653128969946,Normal
TRP15399,1,0.11759630483732791,Normal
TRP15400,1,0.17560450121873972,Normal
TRP15401,1,0.08155837143437661,Normal
TRP15402,1,0.1678517390521393,Normal
TRP15403,1,0.14144885403734664,Normal
TRP15404,1,0.16197260632250648,Normal
TRP15405,1,0.17647340532830086,Normal
TRP15406,1,0.09727393662245354,Normal
TRP15407,1,0.06958156500226709,Normal
TRP15408,1,0.004028502707787873,Normal
TRP15409,1,0.15131734407840347,Normal
TRP15410,1,0.16550968664656623,Normal
TRP15411,1,0.18280448516949072,Normal
TRP15412,1,0.15449354030563595,Normal
TRP15413,1,0.0619419995375573,Normal
TRP15414,1,0.1336749541950008,Normal
TRP15415,1,0.16361045020936782,Normal
TRP15416,1,0.17478160443391633,Normal
TRP15417,1,0.16170315345518882,Normal
TRP15418,1,0.11824253372513843,Normal
TRP15419,1,0.07023052829737109,Normal
TRP15420,1,0.07089168643061294,Normal
TRP15421,-1,-0.014915293891895276,Anomaly
TRP15422,1,0.03192570173163878,Normal
TRP15423,1,0.14897898818300492,Normal
TRP15424,1,0.08389060446161767,Normal
TRP15425,1,0.16003407979157563,Normal
TRP15426,1,0.15455850474611305,Normal
TRP15427,1,0.1756550149823739,Normal
TRP15428,1,0.09723044749315696,Normal
TRP15429,1,0.1724195253376169,Normal
TRP15430,1,0.010003291218549148,Normal
TRP15431,1,0.1716454105206459,Normal
TRP15432,1,0.08412981913155815,Normal
TRP15433,1,0.12124459161551349,Normal
TRP15434,1,0.17339117700744006,Normal
TRP15435,1,0.13157706930005192,Normal
TRP15436,1,0.05456819933323043,Normal
TRP15437,1,0.12403372177778438,Normal
TRP15438,1,0.13643802926686754,Normal
TRP15439,-1,-0.020868597504468234,Anomaly
TRP15440,1,0.15400121998371374,Normal
TRP15441,1,0.16386331116154812,Normal
TRP15442,1,0.06668409049650381,Normal
TRP15443,1,0.1724832149317449,Normal
TRP15444,1,0.1337348554177069,Normal
TRP15445,1,0.1775335705158103,Normal
TRP15446,1,0.04825027764458556,Normal
TRP15447,-1,-0.00022967505391047194,Anomaly
TRP15448,1,0.12554045313779344,Normal
TRP15449,1,0.10610787383045783,Normal
TRP15450,1,0.003349851965960049,Normal
TRP15451,1,0.17435798360555171,Normal
TRP15452,1,0.041478996643074084,Normal
TRP15453,1,0.16933098891265025,Normal
TRP15454,1,0.10728924650326549,Normal
TRP15455,1,0.13179059900518575,Normal
TRP15456,1,0.06981813096055667,Normal
TRP15457,1,0.18124239063549208,Normal
TRP15458,1,0.1735148606056498,Normal
TRP15459,1,0.07371225769296752,Normal
TRP15460,1,0.030775242477223297,Normal
TRP15461,1,0.1454067551257841,Normal
TRP15462,1,0.18404314064505212,Normal
TRP15463,1,0.00039847869591369545,Normal
TRP15464,1,0.040060727439508725,Normal
TRP15465,1,0.08907167173062264,Normal
TRP15466,1,0.14702453792852238,Normal
TRP15467,1,0.1261365469969979,Normal
TRP15468,-1,-0.059657445338164417,Anomaly
TRP15469,1,0.1185792140337501,Normal
TRP15470,1,0.05846731366734004,Normal
TRP15471,1,0.18432498435017386,Normal
TRP15472,1,0.16474743166711958,Normal
TRP15473,1,0.14556161896597236,Normal
TRP15474,1,0.1791730281807586,Normal
TRP15475,1,0.1333389119646063,Normal
TRP15476,1,0.1388382321900683,Normal
TRP15477,1,0.09035068326061813,Normal
TRP15478,-1,-0.03306761417592907,Anomaly
TRP15479,1,0.0757514088443314,Normal
TRP15480,1,0.09771869365525576,Normal
TRP15481,1,0.08452358561546153,Normal
TRP15482,1,0.14585452978116575,Normal
TRP15483,1,0.09574869781612927,Normal
TRP15484,-1,-0.02631346881087715,Anomaly
TRP15485,1,0.1523882318936446,Normal
TRP15486,1,0.07712374525272131,Normal
TRP15487,1,0.07471558538789436,Normal
TRP15488,1,0.16660883351528816,Normal
TRP15489,1,0.07110687425087514,Normal
TRP15490,1,0.0753698402855269,Normal
TRP15491,1,0.1515786658190954,Normal
TRP15492,1,0.12192323556499196,Normal
TRP15493,1,0.017171086329335172,Normal
TRP15494,1,0.09397259188838863,Normal
TRP15495,1,0.1687729112626356,Normal
TRP15496,1,0.18152866012837676,Normal
TRP15497,1,0.17512263432528485,Normal
TRP15498,1,0.15831213982093734,Normal
TRP15499,1,0.16289989517960596,Normal
TRP15500,1,0.0059396708980261614,Normal
TRP15501,1,0.08985848490411008,Normal
TRP15502,1,0.12974758852743246,Normal
TRP15503,1,0.10268927691547147,Normal
TRP15504,1,0.05820337322956082,Normal
TRP15505,1,0.07875283312612902,Normal
TRP15506,1,0.11072561943415271,Normal
TRP15507,1,0.09621845134637746,Normal
TRP15508,1,0.15386233775441588,Normal
TRP15509,1,0.10724582666811827,Normal
TRP15510,1,0.15165879115497405,Normal
TRP15511,1,0.10429914520196465,Normal
TRP15512,1,0.15773679896567017,Normal
TRP15513,1,0.18355639942599422,Normal
TRP15514,1,0.016609366193653496,Normal
TRP15515,1,0.1270020046040437,Normal
TRP15516,-1,-0.030884286130257177,Anomaly
TRP15517,-1,-0.013370799469146988,Anomaly
TRP15518,1,0.16658919384660803,Normal
TRP15519,1,0.04147002301949987,Normal
TRP15520,1,0.025792037739281737,Normal
TRP15521,1,0.11477521599760476,Normal
TRP15522,1,0.1491719277694185,Normal
TRP15523,1,0.051321353305291195,Normal
TRP15524,1,0.04743941419669262,Normal
TRP15525,1,0.163113973957913,Normal
TRP15526,1,0.00584135894388671,Normal
TRP15527,1,0.011305158537322169,Normal
TRP15528,1,0.020475090747484992,Normal
TRP15529,1,0.08312819559798429,Normal
TRP15530,1,0.03209866196700539,Normal
TRP15531,1,0.09933945305150782,Normal
TRP15532,1,0.012107844976352866,Normal
TRP15533,1,0.11166124558549972,Normal
TRP15534,1,0.142309406150869,Normal
TRP15535,1,0.0739197916648926,Normal
TRP15536,1,0.16796178967318404,Normal
TRP15537,1,0.10922072838213698,Normal
TRP15538,1,0.07484639317016284,Normal
TRP15539,1,0.07471558538789436,Normal
TRP15540,1,0.10861923465577517,Normal
TRP15541,1,0.09763608997049211,Normal
TRP15542,1,0.13867777324577057,Normal
TRP15543,1,0.04721253490889754,Normal
TRP15544,1,0.09421052017490139,Normal
TRP15545,1,0.002128847408926937,Normal
TRP15546,1,0.17791960919378708,Normal
TRP15547,1,0.0739197916648926,Normal
TRP15548,1,0.09995444456431274,Normal
TRP15549,1,0.06695824670223038,Normal
TRP15550,1,0.10687290764390084,Normal
TRP15551,1,0.07311589315456857,Normal
TRP15552,1,0.022549420588801716,Normal
TRP15553,1,0.1516294080249676,Normal
TRP15554,1,0.16277632803003106,Normal
TRP15555,1,0.13701085941796526,Normal
TRP15556,1,0.16255261838661395,Normal
TRP15557,1,0.09599644618024106,Normal
TRP15558,1,0.04247355777901185,Normal
TRP15559,-1,-0.002207319489827886,Anomaly
TRP15560,1,0.01812366908790375,Normal
TRP15561,1,0.1115777197412331,Normal
TRP15562,1,0.03956841629628116,Normal
TRP15563,1,0.09650772253481582,Normal
TRP15564,1,0.11855404179728385,Normal
TRP15565,1,0.15702380574257235,Normal
TRP15566,1,0.16134656833055194,Normal
TRP15567,1,0.08534121480333573,Normal
TRP15568,1,0.16605995862796025,Normal
TRP15569,1,0.04102447897313699,Normal
TRP15570,1,0.12522638831556687,Normal
TRP15571,1,0.16807593820813704,Normal
TRP15572,1,0.18267754281449294,Normal
TRP15573,1,0.08562546003288146,Normal
TRP15574,1,0.0725532239652803,Normal
TRP15575,1,0.14339484844417355,Normal
TRP15576,1,0.14914897361713453,Normal
TRP15577,1,0.10106708939071468,Normal
TRP15578,1,0.1416082161213556,Normal
TRP15579,1,0.024375850243916086,Normal
TRP15580,1,0.03470033728663091,Normal
TRP15581,1,0.012135762894563307,Normal
TRP15582,1,0.08936884021748154,Normal
TRP15583,1,0.1774508829758465,Normal
TRP15584,1,0.09357170904713114,Normal
TRP15585,1,0.06394367733972439,Normal
TRP15586,1,0.11712036185322977,Normal
TRP15587,1,0.11452514287029641,Normal
TRP15588,1,0.1792659766584752,Normal
TRP15589,1,0.07712374525272131,Normal
TRP15590,1,0.08503660244051314,Normal
TRP15591,1,0.05220152833635883,Normal
TRP15592,1,0.11507107996677113,Normal
TRP15593,1,0.17084909779732904,Normal
TRP15594,1,0.02708230626689656,Normal
TRP15595,1,0.09396324982187787,Normal
TRP15596,1,0.11591388935044833,Normal
TRP15597,-1,-0.11266163593909839,Anomaly
TRP15598,1,0.1741919341908173,Normal
TRP15599,1,0.1465302928269695,Normal
TRP15600,1,0.03592756120621843,Normal
TRP15601,1,0.04695761079926242,Normal
TRP15602,1,0.06332454894847994,Normal
TRP15603,1,0.0644857379899818,Normal
TRP15604,1,0.14189328776705862,Normal
TRP15605,1,0.037937150825956945,Normal
TRP15606,1,0.17424651240698935,Normal
TRP15607,1,0.04241974103109847,Normal
TRP15608,1,0.0775190542380712,Normal
TRP15609,1,0.10567073377952746,Normal
TRP15610,1,0.16974452964784992,Normal
TRP15611,1,0.1222344316425732,Normal
TRP15612,1,0.002245023718961403,Normal
TRP15613,1,0.1803453925462673,Normal
TRP15614,1,0.06569657338077817,Normal
TRP15615,1,0.04987634382862349,Normal
TRP15616,1,0.14175136433386898,Normal
TRP15617,1,0.09727393662245354,Normal
TRP15618,1,0.12577776188797263,Normal
TRP15619,1,0.10696436738594284,Normal
TRP15620,-1,-0.010913854975958648,Anomaly
TRP15621,1,0.12832568908868275,Normal
TRP15622,1,0.05442445440288246,Normal
TRP15623,1,0.000990408303771062,Normal
TRP15624,1,0.1237667125520231,Normal
TRP15625,1,0.16989451054904858,Normal
TRP15626,1,0.04733834853207708,Normal
TRP15627,1,0.05849953728488244,Normal
TRP15628,1,0.045831804184604086,Normal
TRP15629,1,0.18293769005217797,Normal
TRP15630,1,0.0739197916648926,Normal
TRP15631,1,0.050718685449557155,Normal
TRP15632,1,0.1391673305990473,Normal
TRP15633,1,0.11583314208424983,Normal
TRP15634,1,0.13787914358969505,Normal
TRP15635,1,0.10106708939071468,Normal
TRP15636,1,0.1694709833978576,Normal
TRP15637,1,0.15945746686275825,Normal
TRP15638,1,0.1733445590582937,Normal
TRP15639,1,0.09508410192592509,Normal
TRP15640,1,0.03628065971939176,Normal
TRP15641,1,0.11291038226923245,Normal
TRP15642,1,0.04901206198203889,Normal
TRP15643,1,0.1148374062859045,Normal
TRP15644,1,0.1247833308451547,Normal
TRP15645,1,0.14949899759413343,Normal
TRP15646,1,0.09884248548292246,Normal
TRP15647,1,0.16601861546817187,Normal
TRP15648,1,0.08803524580456679,Normal
TRP15649,1,0.01617186572658158,Normal
TRP15650,1,0.09931086320197563,Normal
TRP15651,1,0.07110687425087514,Normal
TRP15652,1,0.17505394072617092,Normal
TRP15653,1,0.16762530591407132,Normal
TRP15654,1,0.09995444456431274,Normal
TRP15655,1,0.06981813096055667,Normal
TRP15656,1,0.08337289365236411,Normal
TRP15657,1,0.09489468515897836,Normal
TRP15658,1,0.17564927817816817,Normal
TRP15659,1,0.06981813096055667,Normal
TRP15660,1,0.1527645816813284,Normal
TRP15661,1,0.04435532258034791,Normal
TRP15662,1,0.1588917882338391,Normal
TRP15663,1,0.18350743538394282,Normal
TRP15664,1,0.1609182809052362,Normal
TRP15665,1,0.07309583577821188,Normal
TRP15666,1,0.17449066600585372,Normal
TRP15667,1,0.10858675828731962,Normal
TRP15668,1,0.0713040672423122,Normal
TRP15669,1,0.1287828862080751,Normal
TRP15670,1,0.16636814300253727,Normal
TRP15671,1,0.05901370308927678,Normal
TRP15672,1,0.14724557185789067,Normal
TRP15673,1,0.09255072872574754,Normal
TRP15674,1,0.04940730550904837,Normal
TRP15675,1,0.12120459076645479,Normal
TRP15676,1,0.13915014501349426,Normal
TRP15677,1,0.07712374525272131,Normal
TRP15678,1,0.07609871256457257,Normal
TRP15679,1,0.09948644838164389,Normal
TRP15680,1,0.0569227792973549,Normal
TRP15681,1,0.11229214758993433,Normal
TRP15682,1,0.10009620786702189,Normal
TRP15683,1,0.05912257420820599,Normal
TRP15684,1,0.019587983882646154,Normal
TRP15685,-1,-0.0011744602978298602,Anomaly
TRP15686,1,0.16577722372450632,Normal
TRP15687,1,0.10089848619681463,Normal
TRP15688,-1,-0.014948501260977687,Anomaly
TRP15689,1,0.10914740253952004,Normal
TRP15690,1,0.10115763192761973,Normal
TRP15691,1,0.17054917934703562,Normal
TRP15692,1,0.1008594852715432,Normal
TRP15693,1,0.03191903832212384,Normal
TRP15694,1,0.11092124279054372,Normal
TRP15695,1,0.15081959282488172,Normal
TRP15696,1,0.08705243304602711,Normal
TRP15697,1,0.16404666774583848,Normal
TRP15698,1,0.0012003422988752233,Normal
TRP15699,1,0.07766024114727099,Normal
TRP15700,1,0.051321353305291195,Normal
TRP15701,1,0.062433470192034046,Normal
TRP15702,1,0.1549843053928286,Normal
TRP15703,1,0.08169455718023311,Normal
TRP15704,1,0.15082571621141438,Normal
TRP15705,1,0.0031815849128024043,Normal
TRP15706,1,0.05123484742811624,Normal
TRP15707,1,0.12769672780748126,Normal
TRP15708,1,0.09090260416869245,Normal
TRP15709,1,0.047609105798412044,Normal
TRP15710,1,0.10224069797281377,Normal
TRP15711,1,0.15439096646127198,Normal
TRP15712,1,0.171115472642008,Normal
TRP15713,1,0.08615652092086479,Normal
TRP15714,1,0.1162682516480592,Normal
TRP15715,1,0.14287853464895867,Normal
TRP15716,1,0.031657226985834175,Normal
TRP15717,1,0.07624989906360896,Normal
TRP15718,1,0.10302332958994154,Normal
TRP15719,1,0.06548434075311249,Normal
TRP15720,1,0.021035949534319753,Normal
TRP15721,1,0.11456039862020034,Normal
TRP15722,-1,-0.034064427771632655,Anomaly
TRP15723,1,0.17698937050744218,Normal
TRP15724,1,0.15509458465286213,Normal
TRP15725,1,0.01333676335061329,Normal
TRP15726,1,0.17465307285487447,Normal
TRP15727,1,0.0267557078869175,Normal
TRP15728,1,0.06150656879135419,Normal
TRP15729,1,0.07875283312612902,Normal
TRP15730,1,0.16132201717851574,Normal
TRP15731,1,0.15254032990488997,Normal
TRP15732,1,0.14698013258396264,Normal
TRP15733,1,0.11834131643852597,Normal
TRP15734,1,0.09799674790604229,Normal
TRP15735,1,0.05123484742811624,Normal
TRP15736,1,0.09691457414088844,Normal
TRP15737,-1,-0.028927244461974477,Anomaly
TRP15738,1,0.138302573927725,Normal
TRP15739,1,0.13615354387251843,Normal
TRP15740,1,0.15395406443484083,Normal
TRP15741,1,0.09911119502690907,Normal
TRP15742,1,0.061292274341350206,Normal
TRP15743,1,0.1341243610626799,Normal
TRP15744,1,0.09466868503437603,Normal
TRP15745,1,0.15603825274020983,Normal
TRP15746,1,0.1561764543218906,Normal
TRP15747,1,0.183776439904682,Normal
TRP15748,1,0.10341414641782393,Normal
TRP15749,1,0.07212260796339975,Normal
TRP15750,1,0.05123484742811624,Normal
TRP15751,1,0.0979852457497532,Normal
TRP15752,1,0.09350597659547444,Normal
TRP15753,1,0.18014444113527628,Normal
TRP15754,1,0.05107098319584269,Normal
TRP15755,1,0.06967770052197608,Normal
TRP15756,1,0.0545462050454848,Normal
TRP15757,1,0.031070166197879057,Normal
TRP15758,1,0.17631322966477608,Normal
TRP15759,1,0.07965701457480201,Normal
TRP15760,1,0.042767016838059724,Normal
TRP15761,1,0.0386987754209871,Normal
TRP15762,1,0.17368367932206663,Normal
TRP15763,1,0.14203263447357034,Normal
TRP15764,1,0.09807527630321367,Normal
TRP15765,1,0.1698985181320392,Normal
TRP15766,1,0.05768824787493532,Normal
TRP15767,1,0.1651103174257345,Normal
TRP15768,1,0.13142722400996565,Normal
TRP15769,1,0.15875819146973336,Normal
TRP15770,1,0.1749337803559105,Normal
TRP15771,1,0.0979852457497532,Normal
TRP15772,1,0.15322945731467363,Normal
TRP15773,1,0.07628688928889754,Normal
TRP15774,1,0.12002944788032088,Normal
TRP15775,1,0.07371225769296752,Normal
TRP15776,1,0.08747071664102868,Normal
TRP15777,1,0.15361256290477798,Normal
TRP15778,1,0.08354393409217387,Normal
TRP15779,1,0.17142279245753272,Normal
TRP15780,1,0.10244858599117307,Normal
TRP15781,1,0.02254915883912867,Normal
TRP15782,1,0.10702254823620216,Normal
TRP15783,1,0.17952185498094758,Normal
TRP15784,1,0.089085255162136,Normal
TRP15785,1,0.042543760840225486,Normal
TRP15786,1,0.07952143909742487,Normal
TRP15787,1,0.09895783741385611,Normal
TRP15788,1,0.07800198591581359,Normal
TRP15789,1,0.10818712383400347,Normal
TRP15790,1,0.17923968580850103,Normal
TRP15791,1,0.12095592208593092,Normal
TRP15792,-1,-0.03257332369083543,Anomaly
TRP15793,1,0.1354701260280166,Normal
TRP15794,1,0.004775629555026861,Normal
TRP15795,1,0.007664330920203244,Normal
TRP15796,1,0.027546815570756444,Normal
TRP15797,1,0.02002960201440629,Normal
TRP15798,1,0.098613886379736,Normal
TRP15799,1,0.18080453164131172,Normal
TRP15800,-1,-0.002676846256243093,Anomaly
TRP15801,1,0.060922961597081104,Normal
TRP15802,1,0.15082618826502608,Normal
TRP15803,1,0.1267798395889363,Normal
TRP15804,1,0.1721402367523845,Normal
TRP15805,1,0.10183240387890691,Normal
TRP15806,1,0.1178908713408513,Normal
TRP15807,1,0.051321353305291195,Normal
TRP15808,1,0.1564387095396264,Normal
TRP15809,1,0.16336903206143377,Normal
TRP15810,1,0.07636423652026308,Normal
TRP15811,1,0.14766070334789838,Normal
TRP15812,1,0.03410722710309566,Normal
TRP15813,1,0.09232574759211554,Normal
TRP15814,1,0.12954098703646455,Normal
TRP15815,-1,-0.011991780006228692,Anomaly
TRP15816,1,0.14463139057761704,Normal
TRP15817,-1,-0.012042061906090695,Anomaly
TRP15818,1,0.1804909621477645,Normal
TRP15819,1,0.07267131560430728,Normal
TRP15820,1,0.18401387838930344,Normal
TRP15821,1,0.09258610681578539,Normal
TRP15822,1,0.06323409368300181,Normal
TRP15823,1,0.08791625958523791,Normal
TRP15824,1,0.1842464538091792,Normal
TRP15825,1,0.10534453790049442,Normal
TRP15826,1,0.1574358578028524,Normal
TRP15827,1,0.08872096017544168,Normal
TRP15828,1,0.13789160514829935,Normal
TRP15829,1,0.07440114799584474,Normal
TRP15830,1,0.14613322369171633,Normal
TRP15831,1,0.08572890897958202,Normal
TRP15832,-1,-0.00874993224783105,Anomaly
TRP15833,-1,-0.025812282861754743,Anomaly
TRP15834,1,0.10501647542633114,Normal
TRP15835,1,0.06355850968735821,Normal
TRP15836,1,0.007205017614959841,Normal
TRP15837,1,0.12464232627300714,Normal
TRP15838,1,0.17969408383933555,Normal
TRP15839,1,0.1612761507706204,Normal
TRP15840,1,0.165215890551638,Normal
TRP15841,1,0.0911046880403718,Normal
TRP15842,1,0.12173659887037713,Normal
TRP15843,1,0.1779105199361381,Normal
TRP15844,1,0.15407146023171242,Normal
TRP15845,1,0.010944825679864989,Normal
TRP15846,1,0.12418938761326231,Normal
TRP15847,1,0.1235567635160682,Normal
TRP15848,1,0.17581644030378812,Normal
TRP15849,1,0.07397619722313276,Normal
TRP15850,1,0.0769974738156034,Normal
TRP15851,1,0.16785805774581897,Normal
TRP15852,1,0.021240133535145422,Normal
TRP15853,1,0.18411361943266935,Normal
TRP15854,1,0.1614781632241729,Normal
TRP15855,1,0.15371917643262717,Normal
TRP15856,1,0.16339754503906495,Normal
TRP15857,1,0.043526773268016905,Normal
TRP15858,1,0.10149258018262386,Normal
TRP15859,-1,-0.016028061182412956,Anomaly
TRP15860,1,0.09911119502690907,Normal
TRP15861,1,0.06029905737071484,Normal
TRP15862,1,0.024812648758637534,Normal
TRP15863,1,0.0494576373404817,Normal
TRP15864,1,0.14380909678143972,Normal
TRP15865,1,0.003756931461530777,Normal
TRP15866,1,0.0767898677584567,Normal
TRP15867,1,0.18129242929705686,Normal
TRP15868,1,0.1501855563491628,Normal
TRP15869,1,0.07018627708487168,Normal
TRP15870,1,0.17013085894873547,Normal
TRP15871,1,0.1567279281685965,Normal
TRP15872,1,0.1556003456147489,Normal
TRP15873,1,0.07748136055970861,Normal
TRP15874,1,0.09799674790604229,Normal
TRP15875,1,0.14255852134489028,Normal
TRP15876,1,0.12523433120869865,Normal
TRP15877,1,0.16735863616957602,Normal
TRP15878,1,0.1118754010869839,Normal
TRP15879,1,0.14691622001112264,Normal
TRP15880,1,0.09258610681578539,Normal
TRP15881,1,0.04942263538164082,Normal
TRP15882,1,0.053458533727585245,Normal
TRP15883,1,0.09511361011373959,Normal
TRP15884,1,0.07953189068436112,Normal
TRP15885,1,0.1289603079979405,Normal
TRP15886,1,0.09011087234853804,Normal
TRP15887,1,0.1231471018334872,Normal
TRP15888,1,0.1547179690031797,Normal
TRP15889,-1,-0.009845025181745681,Anomaly
TRP15890,1,0.15413188576931908,Normal
TRP15891,-1,-0.00033464573514607743,Anomaly
TRP15892,-1,-0.019540841594456904,Anomaly
TRP15893,1,0.12429186922011648,Normal
TRP15894,1,0.13950013341534057,Normal
TRP15895,1,0.033975612495824814,Normal
TRP15896,1,0.050580691686462065,Normal
TRP15897,-1,-0.014989285206978065,Anomaly
TRP15898,1,0.11986690163566172,Normal
TRP15899,1,0.044307558607778574,Normal
TRP15900,1,0.14711680549707684,Normal
TRP15901,1,0.11047727386430611,Normal
TRP15902,1,0.07966932675412036,Normal
TRP15903,-1,-0.005721031213754002,Anomaly
TRP15904,1,0.13576253682107486,Normal
TRP15905,1,0.08497599306275488,Normal
TRP15906,1,0.16918708011541783,Normal
TRP15907,1,0.0979852457497532,Normal
TRP15908,1,0.05123484742811624,Normal
TRP15909,1,0.15351721935746265,Normal
TRP15910,1,0.0619419995375573,Normal
TRP15911,1,0.1189558368308305,Normal
TRP15912,1,0.0739197916648926,Normal
TRP15913,1,0.07150439809067366,Normal
TRP15914,1,0.05123484742811624,Normal
TRP15915,1,0.15778617815602852,Normal
TRP15916,1,0.17103303183365542,Normal
TRP15917,1,0.16685101061504154,Normal
TRP15918,1,0.16062935286791447,Normal
TRP15919,1,0.1715952540091627,Normal
TRP15920,1,0.15399170007138618,Normal
TRP15921,1,0.06403522269760187,Normal
TRP15922,-1,-0.02851146090419776,Anomaly
TRP15923,1,0.17448964117183657,Normal
TRP15924,1,0.11375585970958263,Normal
TRP15925,1,0.15703564738181253,Normal
TRP15926,1,0.16268095704095087,Normal
TRP15927,1,0.1259167565780991,Normal
TRP15928,1,0.11994225220884741,Normal
TRP15929,1,0.13749254936367877,Normal
TRP15930,1,0.03668657016081667,Normal
TRP15931,1,0.06042860359137203,Normal
TRP15932,1,0.14321474559322078,Normal
TRP15933,1,0.1590578354859047,Normal
TRP15934,1,0.11033018708745568,Normal
TRP15935,1,0.1678662465793292,Normal
TRP15936,1,0.04913523193795,Normal
TRP15937,1,0.15017341511614124,Normal
TRP15938,1,0.10601532830235078,Normal
TRP15939,1,0.15262639391788396,Normal
TRP15940,1,0.14741609612682222,Normal
TRP15941,1,0.1678698930389942,Normal
TRP15942,1,0.06762040565409311,Normal
TRP15943,1,0.1001078116265115,Normal
TRP15944,1,0.1724635599145179,Normal
TRP15945,1,0.10683154090575947,Normal
TRP15946,1,0.12428812858000499,Normal
TRP15947,1,0.07624989906360896,Normal
TRP15948,1,0.03874253523081361,Normal
TRP15949,1,0.08607354291258312,Normal
TRP15950,1,0.17758909701196607,Normal
TRP15951,1,0.09367488047335926,Normal
TRP15952,1,0.07628688928889754,Normal
TRP15953,1,0.16535102734549706,Normal
TRP15954,1,0.030364784019474955,Normal
TRP15955,1,0.15220479911567375,Normal
TRP15956,1,0.015371643753715691,Normal
TRP15957,1,0.1680795315940669,Normal
TRP15958,1,0.06756861924131297,Normal
TRP15959,-1,-0.06660047995626717,Anomaly
TRP15960,1,0.10272541483506126,Normal
TRP15961,-1,-0.09223888343061071,Anomaly
TRP15962,1,0.16833590973655704,Normal
TRP15963,1,0.125676158101021,Normal
TRP15964,1,0.1776354341312627,Normal
TRP15965,1,0.1615330438578097,Normal
TRP15966,-1,-0.05259771905659305,Anomaly
TRP15967,1,0.051321353305291195,Normal
TRP15968,1,0.18348810003083743,Normal
TRP15969,1,0.009680987750699921,Normal
TRP15970,1,0.13221369211247225,Normal
TRP15971,1,0.09842579319273409,Normal
TRP15972,1,0.1323176090980399,Normal
TRP15973,1,0.047361539429897515,Normal
TRP15974,1,0.13401777932167208,Normal
TRP15975,1,0.10209050022028465,Normal
TRP15976,1,0.1336357365011991,Normal
TRP15977,1,0.09738291151004258,Normal
TRP15978,1,0.0767898677584567,Normal
TRP15979,1,0.1772411193219915,Normal
TRP15980,1,0.011347199034820177,Normal
TRP15981,1,0.13151344341306093,Normal
TRP15982,1,0.1390028398349641,Normal
TRP15983,-1,-0.034946610466584316,Anomaly
TRP15984,1,0.11161680275457908,Normal
TRP15985,1,0.1665594380254623,Normal
TRP15986,1,0.0499616547791123,Normal
TRP15987,1,0.10214387038892897,Normal
TRP15988,1,0.14699202910331904,Normal
TRP15989,1,0.09884177978888586,Normal
TRP15990,1,0.0763301082614462,Normal
TRP15991,1,0.049176978898696655,Normal
TRP15992,1,0.13273546309674827,Normal
TRP15993,1,0.05779509084356205,Normal
TRP15994,1,0.1000957789585154,Normal
TRP15995,1,0.0930987673401572,Normal
TRP15996,1,0.08375891527086488,Normal
TRP15997,1,0.09258610681578539,Normal
TRP15998,1,0.09373738614383181,Normal
TRP15999,1,0.17193472775811486,Normal
TRP16000,1,0.0630289181652035,Normal
TRP16001,1,0.06883077829179185,Normal
TRP16002,1,0.15857593758912952,Normal
TRP16003,1,0.09644767830862538,Normal
TRP16004,1,0.1518523722182552,Normal
TRP16005,1,0.0925918402609649,Normal
TRP16006,1,0.15231658230004252,Normal
TRP16007,1,0.14862535201484456,Normal
TRP16008,-1,-0.029950353516120076,Anomaly
TRP16009,1,0.09988442660082597,Normal
TRP16010,1,0.15772031332768305,Normal
TRP16011,1,0.09241917326280824,Normal
TRP16012,1,0.15027628394221998,Normal
TRP16013,1,0.169725008321292,Normal
TRP16014,1,0.15701980175372054,Normal
TRP16015,1,0.1241626261720965,Normal
TRP16016,1,0.051321353305291195,Normal
TRP16017,1,0.12761932150979077,Normal
TRP16018,1,0.09862425300911076,Normal
TRP16019,1,0.14876055521440856,Normal
TRP16020,1,0.17812454276932144,Normal
TRP16021,1,0.07777234399775262,Normal
TRP16022,1,0.16944295959285116,Normal
TRP16023,1,0.04486600746185887,Normal
TRP16024,1,0.10729934725210222,Normal
TRP16025,1,0.1744361762695527,Normal
TRP16026,1,0.09652714056946171,Normal
TRP16027,1,0.1067402920062076,Normal
TRP16028,1,0.11466832133252253,Normal
TRP16029,1,0.13021199632227065,Normal
TRP16030,1,0.0931240966294708,Normal
TRP16031,1,0.10210938789506213,Normal
TRP16032,1,0.09667116756006039,Normal
TRP16033,1,0.07054387818608243,Normal
TRP16034,1,0.03893035068762818,Normal
TRP16035,1,0.07762641664329178,Normal
TRP16036,1,0.11878638283289605,Normal
TRP16037,1,0.034852584914648155,Normal
TRP16038,1,0.18059407440445358,Normal
TRP16039,1,0.10674618755770277,Normal
TRP16040,1,0.015913645351547046,Normal
TRP16041,1,0.16474779585116722,Normal
TRP16042,1,0.0737383189902171,Normal
TRP16043,1,0.0386987754209871,Normal
TRP16044,1,0.08357090568325776,Normal
TRP16045,1,0.14619136292972668,Normal
TRP16046,-1,-0.03741249022327864,Anomaly
TRP16047,1,0.1695939618191729,Normal
TRP16048,1,0.16903448457954612,Normal
TRP16049,1,0.11865301621430352,Normal
TRP16050,1,0.1553773397825312,Normal
TRP16051,1,0.0893220448096868,Normal
TRP16052,1,0.07766024114727099,Normal
TRP16053,-1,-0.012528799946743718,Anomaly
TRP16054,1,0.1476101486698041,Normal
TRP16055,1,0.09888731912189275,Normal
TRP16056,1,0.08714987834778498,Normal
TRP16057,1,0.09597951806308541,Normal
TRP16058,1,0.15991950725049897,Normal
TRP16059,1,0.06424209964019456,Normal
TRP16060,1,0.049908563678429885,Normal
TRP16061,-1,-0.010523953825248733,Anomaly
TRP16062,1,0.10129433972245622,Normal
TRP16063,1,0.10811853803598576,Normal
TRP16064,-1,-0.023565500622542368,Anomaly
TRP16065,1,0.16626878323683703,Normal
TRP16066,1,0.15252613267225051,Normal
TRP16067,1,0.17111199795107318,Normal
TRP16068,1,0.13432530364649287,Normal
TRP16069,1,0.14083899584687792,Normal
TRP16070,1,0.15002253401162857,Normal
TRP16071,1,0.17764855123614431,Normal
TRP16072,1,0.0077775357772913445,Normal
TRP16073,1,0.10076902558048845,Normal
TRP16074,1,0.09032959764464515,Normal
TRP16075,1,0.18435153509397467,Normal
TRP16076,1,0.07152151385096961,Normal
TRP16077,1,0.07373158219303655,Normal
TRP16078,-1,-0.007084518856446453,Anomaly
TRP16079,1,0.17611475301787,Normal
TRP16080,1,0.1646687685861587,Normal
TRP16081,1,0.05720469130007533,Normal
TRP16082,1,0.09164702840504413,Normal
TRP16083,1,0.08825450660868861,Normal
TRP16084,1,0.03670642921441558,Normal
TRP16085,1,0.18044121369889504,Normal
TRP16086,1,0.1475403398480512,Normal
TRP16087,1,0.16967743144588687,Normal
TRP16088,1,0.16339433401920095,Normal
TRP16089,1,0.1313037614359816,Normal
TRP16090,1,0.09479857522493279,Normal
TRP16091,1,0.1653951236222116,Normal
TRP16092,1,0.0007917287781485927,Normal
TRP16093,1,0.07999903694642846,Normal
TRP16094,1,0.13702456974364274,Normal
TRP16095,1,0.1666721145689608,Normal
TRP16096,1,0.13346791218102072,Normal
TRP16097,1,0.04741775195875597,Normal
TRP16098,1,0.17387909102453913,Normal
TRP16099,-1,-0.012262232684052465,Anomaly
TRP16100,-1,-0.00874993224783105,Anomaly
TRP16101,1,0.1260115554108695,Normal
TRP16102,1,0.1347971625035166,Normal
TRP16103,1,0.0028783923635842257,Normal
TRP16104,1,0.04315724430579282,Normal
TRP16105,1,0.16768194181634383,Normal
TRP16106,1,0.10214387038892897,Normal
TRP16107,1,0.1563780060602471,Normal
TRP16108,1,0.1416905602303516,Normal
TRP16109,1,0.16937858425170976,Normal
TRP16110,1,0.102420606536824,Normal
TRP16111,1,0.040751484949941075,Normal
TRP16112,1,0.07023052829737109,Normal
TRP16113,1,0.021510838196843296,Normal
TRP16114,1,0.14389146885502768,Normal
TRP16115,1,0.16383629393614135,Normal
TRP16116,1,0.10183240387890691,Normal
TRP16117,1,0.15843601585637934,Normal
TRP16118,1,0.12322801026049918,Normal
TRP16119,1,0.1402908389972914,Normal
TRP16120,1,0.06353853790855868,Normal
TRP16121,1,0.03123129888995524,Normal
TRP16122,1,0.03362494501453972,Normal
TRP16123,1,0.17419834621881103,Normal
TRP16124,1,0.10212668378731177,Normal
TRP16125,1,0.08688756321709329,Normal
TRP16126,1,0.1792640025174363,Normal
TRP16127,1,0.1430681673010163,Normal
TRP16128,1,0.13698216211179692,Normal
TRP16129,1,0.07225834113782992,Normal
TRP16130,1,0.16781179454942735,Normal
TRP16131,1,0.1776941085174119,Normal
TRP16132,1,0.04877897042691892,Normal
TRP16133,1,0.16562173647882233,Normal
TRP16134,1,0.1766139424896337,Normal
TRP16135,1,0.11002382490737111,Normal
TRP16136,-1,-0.03513518248510339,Anomaly
TRP16137,1,0.0735984618531107,Normal
TRP16138,1,0.16808158776478205,Normal
TRP16139,1,0.14926878951420464,Normal
TRP16140,1,0.10472157462207482,Normal
TRP16141,1,0.09219595952988807,Normal
TRP16142,1,0.10899175162390101,Normal
TRP16143,1,0.10183240387890691,Normal
TRP16144,1,0.15093981983962512,Normal
TRP16145,1,0.10183240387890691,Normal
TRP16146,1,0.13776561618392524,Normal
TRP16147,1,0.02717535770377788,Normal
TRP16148,-1,-0.017005673517699216,Anomaly
TRP16149,1,0.09650967998022797,Normal
TRP16150,1,0.15750492904451407,Normal
TRP16151,1,0.08822686819239756,Normal
TRP16152,1,0.045831804184604086,Normal
TRP16153,1,0.16680720030785862,Normal
TRP16154,1,0.1241048623919308,Normal
TRP16155,1,0.0494576373404817,Normal
TRP16156,1,0.023865592181701145,Normal
TRP16157,1,0.06412891935629705,Normal
TRP16158,1,0.12342022918850121,Normal
TRP16159,1,0.1561847054613152,Normal
TRP16160,1,0.057555765321907204,Normal
TRP16161,1,0.12034025579652191,Normal
TRP16162,1,0.12961459749707233,Normal
TRP16163,1,0.17415652664194586,Normal
TRP16164,1,0.010590681080704267,Normal
TRP16165,1,0.08107626167618182,Normal
TRP16166,1,0.08480343171752386,Normal
TRP16167,-1,-0.012055659344137104,Anomaly
TRP16168,1,0.08452358561546153,Normal
TRP16169,1,0.011305158537322169,Normal
TRP16170,1,0.09842579319273409,Normal
TRP16171,1,0.044694349159556834,Normal
TRP16172,1,0.05134375118247314,Normal
TRP16173,1,0.07118635030675202,Normal
TRP16174,1,0.15351466310629414,Normal
TRP16175,1,0.08609335738308899,Normal
TRP16176,1,0.13657656290480713,Normal
TRP16177,1,0.1811555828508381,Normal
TRP16178,1,0.12479823795533096,Normal
TRP16179,1,0.07462925380862773,Normal
TRP16180,1,0.0924567597759881,Normal
TRP16181,1,0.14487622926576776,Normal
TRP16182,1,0.028137043358316904,Normal
TRP16183,1,0.021240133535145422,Normal
TRP16184,1,0.10597196104112577,Normal
TRP16185,1,0.03451934297588599,Normal
TRP16186,1,0.15915621699162447,Normal
TRP16187,1,0.004357280254527973,Normal
TRP16188,1,0.1686497565184631,Normal
TRP16189,1,0.10983238037262522,Normal
TRP16190,1,0.13739897627431308,Normal
TRP16191,1,0.1735233932657249,Normal
TRP16192,1,0.12401774898554652,Normal
TRP16193,1,0.09011087234853804,Normal
TRP16194,1,0.1741092721368333,Normal
TRP16195,1,0.1764797044255384,Normal
TRP16196,-1,-0.0001583271436761402,Anomaly
TRP16197,1,0.10183240387890691,Normal
TRP16198,1,0.17287251597450026,Normal
TRP16199,1,0.15933597580110315,Normal
TRP16200,1,0.07875283312612902,Normal
TRP16201,1,0.10012263268176208,Normal
TRP16202,1,0.07385527877371179,Normal
TRP16203,1,0.0933701096391728,Normal
TRP16204,1,0.16895177887108975,Normal
TRP16205,1,0.07798569321393484,Normal
TRP16206,1,0.011305158537322169,Normal
TRP16207,1,0.03822363066095391,Normal
TRP16208,1,0.1677233986149415,Normal
TRP16209,1,0.09987737209081665,Normal
TRP16210,1,0.1747645254738236,Normal
TRP16211,1,0.14391680509684113,Normal
TRP16212,1,0.16897990228504295,Normal
TRP16213,1,0.06021581239579077,Normal
TRP16214,1,0.13246846531044237,Normal
TRP16215,1,0.0689636998274824,Normal
TRP16216,1,0.1507208452267944,Normal
TRP16217,1,0.17893211059273478,Normal
TRP16218,1,0.12716932177425305,Normal
TRP16219,1,0.17430829565082395,Normal
TRP16220,1,0.11186009436652194,Normal
TRP16221,1,0.09092920179367386,Normal
TRP16222,1,0.048060501279757695,Normal
TRP16223,1,0.15555718421885328,Normal
TRP16224,1,0.1713910416089956,Normal
TRP16225,1,0.09562314665348531,Normal
TRP16226,-1,-0.012930441563786976,Anomaly
TRP16227,1,0.16902074211684642,Normal
TRP16228,1,0.11343625252128153,Normal
TRP16229,1,0.1747140008075077,Normal
TRP16230,1,0.17913689003351696,Normal
TRP16231,1,0.048751285480800655,Normal
TRP16232,1,0.1623295686296513,Normal
TRP16233,1,0.17738969371443647,Normal
TRP16234,1,0.1353146414632504,Normal
TRP16235,1,0.1593053415098778,Normal
TRP16236,1,0.18184741425994178,Normal
TRP16237,1,0.012160730750720883,Normal
TRP16238,1,0.09973805180376377,Normal
TRP16239,1,0.15945492201635914,Normal
TRP16240,1,0.1748859201884344,Normal
TRP16241,1,0.03943224656439226,Normal
TRP16242,1,0.1706803463908776,Normal
TRP16243,1,0.09689578538153115,Normal
TRP16244,1,0.1694273721725777,Normal
TRP16245,1,0.060922961597081104,Normal
TRP16246,1,0.10836564562732437,Normal
TRP16247,1,0.17424951812317374,Normal
TRP16248,1,0.051436131198071555,Normal
TRP16249,1,0.09125665715958076,Normal
TRP16250,1,0.1584975699328519,Normal
TRP16251,1,0.15519374122227958,Normal
TRP16252,1,0.14406853772325545,Normal
TRP16253,1,0.08872692415239575,Normal
TRP16254,1,0.0077775357772913445,Normal
TRP16255,1,0.052567530955997754,Normal
TRP16256,1,0.10009620786702189,Normal
TRP16257,1,0.11668132155624722,Normal
TRP16258,1,0.0980071190852258,Normal
TRP16259,1,0.12621119847500234,Normal
TRP16260,1,0.06305684757441932,Normal
TRP16261,1,0.09322882947354472,Normal
TRP16262,1,0.15520541432957263,Normal
TRP16263,1,0.09251604950212255,Normal
TRP16264,1,0.08865527908993565,Normal
TRP16265,1,0.0880137896657332,Normal
TRP16266,1,0.15312996733047796,Normal
TRP16267,1,0.15922906700022205,Normal
TRP16268,1,0.052377779609991126,Normal
TRP16269,1,0.18164336894290073,Normal
TRP16270,1,0.13807471502778706,Normal
TRP16271,1,0.04387575910637975,Normal
TRP16272,1,0.1727013511903655,Normal
TRP16273,1,0.17855657900201644,Normal
TRP16274,1,0.122546979742572,Normal
TRP16275,1,0.12253135486171668,Normal
TRP16276,1,0.050718685449557155,Normal
TRP16277,1,0.17775939887388292,Normal
TRP16278,1,0.12942183751993375,Normal
TRP16279,1,0.11520423842845312,Normal
TRP16280,1,0.1612317170979291,Normal
TRP16281,1,0.12581076485284787,Normal
TRP16282,1,0.17463189132181184,Normal
TRP16283,1,0.024890296131006573,Normal
TRP16284,1,0.16997487885392082,Normal
TRP16285,-1,-0.026298670882076602,Anomaly
TRP16286,1,0.10379079399880575,Normal
TRP16287,1,0.031789492454585955,Normal
TRP16288,1,0.013688636061190862,Normal
TRP16289,1,0.15993984954107482,Normal
TRP16290,1,0.13677396984774892,Normal
TRP16291,1,0.17410586335357642,Normal
TRP16292,1,0.15579697014916433,Normal
TRP16293,1,0.15718272297679686,Normal
TRP16294,1,0.144607864725384,Normal
TRP16295,1,0.054139897913866974,Normal
TRP16296,1,0.11911543674367481,Normal
TRP16297,1,0.12994654616052548,Normal
TRP16298,1,0.06021581239579077,Normal
TRP16299,1,0.012553331207572183,Normal
TRP16300,1,0.0920609115139634,Normal
TRP16301,-1,-0.05221054122024271,Anomaly
TRP16302,1,0.13949564419861848,Normal
TRP16303,1,0.1750622137311556,Normal
TRP16304,1,0.1449528526883051,Normal
TRP16305,1,0.10704230455908242,Normal
TRP16306,1,0.06361139219287237,Normal
TRP16307,1,0.1830293866404844,Normal
TRP16308,-1,-0.027974603247771235,Anomaly
TRP16309,1,0.17972507081808886,Normal
TRP16310,1,0.13648894282937546,Normal
TRP16311,1,0.05112668895406569,Normal
TRP16312,1,0.0823286315402938,Normal
TRP16313,1,0.0717539141255793,Normal
TRP16314,1,0.1788095920540137,Normal
TRP16315,1,0.07145958872401847,Normal
TRP16316,1,0.13146981438626232,Normal
TRP16317,1,0.04877897042691892,Normal
TRP16318,1,0.17764329424644065,Normal
TRP16319,1,0.08609801797666106,Normal
TRP16320,1,0.1028032368258967,Normal
TRP16321,1,0.1471942323062384,Normal
TRP16322,1,0.16081839790664593,Normal
TRP16323,1,0.03585537692625873,Normal
TRP16324,1,0.048822489950731573,Normal
TRP16325,1,0.07500418127259323,Normal
TRP16326,1,0.08713980153187645,Normal
TRP16327,1,0.10687290764390084,Normal
TRP16328,1,0.13026075044835866,Normal
TRP16329,1,0.1438775932885551,Normal
TRP16330,1,0.17664695160766208,Normal
TRP16331,1,0.10166537789608238,Normal
TRP16332,1,0.16414301334532938,Normal
TRP16333,1,0.10016047216605578,Normal
TRP16334,1,0.13200238584679208,Normal
TRP16335,1,0.09652714056946171,Normal
TRP16336,1,0.12320755659987975,Normal
TRP16337,1,0.11841041202481695,Normal
TRP16338,1,0.17417545277406005,Normal
TRP16339,1,0.08002213936019748,Normal
TRP16340,1,0.16617492342916673,Normal
TRP16341,1,0.17380089702366797,Normal
TRP16342,1,0.12886205432526293,Normal
TRP16343,1,0.12535933657220005,Normal
TRP16344,1,0.13620228114900523,Normal
TRP16345,1,0.05926669024508524,Normal
TRP16346,1,0.010458599724563866,Normal
TRP16347,1,0.16153129546160067,Normal
TRP16348,1,0.07817665740816027,Normal
TRP16349,1,0.04489064838662893,Normal
TRP16350,1,0.020880684325171983,Normal
TRP16351,1,0.18057693031663574,Normal
TRP16352,1,0.09726864297838927,Normal
TRP16353,1,0.16932162990625932,Normal
TRP16354,1,0.04211390686159322,Normal
TRP16355,1,0.10493403303172022,Normal
TRP16356,1,0.08749031120588058,Normal
TRP16357,1,0.1406267308742597,Normal
TRP16358,1,0.07875283312612902,Normal
TRP16359,-1,-0.0656275815928754,Anomaly
TRP16360,1,0.03840506869900617,Normal
TRP16361,1,0.03888426401166689,Normal
TRP16362,1,0.11000113518838422,Normal
TRP16363,1,0.1866875234566952,Normal
TRP16364,1,0.13521119582284635,Normal
TRP16365,1,0.037595462458730466,Normal
TRP16366,1,0.16812650857486083,Normal
TRP16367,1,0.07385527877371179,Normal
TRP16368,1,0.06021581239579077,Normal
TRP16369,1,0.02856033190218965,Normal
TRP16370,1,0.12145883166175941,Normal
TRP16371,1,0.10262794963017358,Normal
TRP16372,-1,-0.022370275656552918,Anomaly
TRP16373,1,0.07814245342477649,Normal
TRP16374,1,0.14461334854988955,Normal
TRP16375,1,0.05184673302300913,Normal
TRP16376,1,0.1585267438981044,Normal
TRP16377,1,0.17930561462980327,Normal
TRP16378,1,0.05584359907163283,Normal
TRP16379,1,0.06930108887933539,Normal
TRP16380,1,0.05206584380813484,Normal
TRP16381,1,0.15860497102559767,Normal
TRP16382,1,0.09297653690159652,Normal
TRP16383,1,0.16110814500555964,Normal
TRP16384,1,0.1730024998903144,Normal
TRP16385,1,0.10687290764390084,Normal
TRP16386,1,0.07123503196707026,Normal
TRP16387,1,0.13502284785575885,Normal
TRP16388,1,0.15953958194752554,Normal
TRP16389,1,0.17411438863799394,Normal
TRP16390,1,0.04159700787844012,Normal
TRP16391,1,0.11235168014665875,Normal
TRP16392,1,0.11539483984360221,Normal
TRP16393,1,0.15656280428918573,Normal
TRP16394,1,0.05444622361629159,Normal
TRP16395,-1,-0.00874993224783105,Anomaly
TRP16396,1,0.1593914844744937,Normal
TRP16397,1,0.13821886987605086,Normal
TRP16398,1,0.17062603473380455,Normal
TRP16399,1,0.1085172809326751,Normal
TRP16400,1,0.16951160730811093,Normal
TRP16401,1,0.09738291151004258,Normal
TRP16402,1,0.08298920898596496,Normal
TRP16403,1,0.13188200446195558,Normal
TRP16404,1,0.1703492504012385,Normal
TRP16405,1,0.08554832377731819,Normal
TRP16406,1,0.03737668189134957,Normal
TRP16407,1,0.08825450660868861,Normal
TRP16408,1,0.16163338542040484,Normal
TRP16409,1,0.07729694908856427,Normal
TRP16410,1,0.16645560781848323,Normal
TRP16411,1,0.09727393662245354,Normal
TRP16412,1,0.18484695889182245,Normal
TRP16413,1,0.18410625621650095,Normal
TRP16414,1,0.1817738149104584,Normal
TRP16415,1,0.09562131980816724,Normal
TRP16416,1,0.14121608808843455,Normal
TRP16417,1,0.13178486603351636,Normal
TRP16418,1,0.16946914765375343,Normal
TRP16419,1,0.15319756195185102,Normal
TRP16420,1,0.07667830037553469,Normal
TRP16421,1,0.07500418127259323,Normal
TRP16422,1,0.0388989602436306,Normal
TRP16423,1,0.08264828764908483,Normal
TRP16424,1,0.1126350202821449,Normal
TRP16425,-1,-0.03289744855262888,Anomaly
TRP16426,1,0.0386987754209871,Normal
TRP16427,1,0.1708066317707626,Normal
TRP16428,-1,-0.08405272926752239,Anomaly
TRP16429,1,0.03557656762441608,Normal
TRP16430,1,0.07267131560430728,Normal
TRP16431,1,0.07371225769296752,Normal
TRP16432,1,0.17428649812080377,Normal
TRP16433,1,0.16588545457429782,Normal
TRP16434,1,0.06518743232470392,Normal
TRP16435,1,0.05123484742811624,Normal
TRP16436,1,0.13606281149338095,Normal
TRP16437,1,0.12260594545578918,Normal
TRP16438,1,0.1308940934534154,Normal
TRP16439,1,0.15367446621644126,Normal
TRP16440,1,0.06612166307597767,Normal
TRP16441,1,0.09621845134637746,Normal
TRP16442,1,0.10198646548923257,Normal
TRP16443,1,0.14567722128885185,Normal
TRP16444,1,0.05796921672063948,Normal
TRP16445,1,0.14269955658984795,Normal
TRP16446,1,0.1778507131294335,Normal
TRP16447,1,0.1668670402911291,Normal
TRP16448,1,0.022569356201732282,Normal
TRP16449,1,0.157248146664006,Normal
TRP16450,1,0.14786769092959723,Normal
TRP16451,1,0.1739973672916303,Normal
TRP16452,1,0.11730965230273338,Normal
TRP16453,1,0.10150791016471278,Normal
TRP16454,1,0.0952010289973535,Normal
TRP16455,1,0.07495319502905584,Normal
TRP16456,1,0.0996570915396478,Normal
TRP16457,1,0.0763301082614462,Normal
TRP16458,1,0.16410384523239663,Normal
TRP16459,1,0.10032602722784778,Normal
TRP16460,1,0.05123484742811624,Normal
TRP16461,1,0.05675860074236316,Normal
TRP16462,1,0.18348697317983337,Normal
TRP16463,1,0.01678547939426489,Normal
TRP16464,1,0.18027725893126845,Normal
TRP16465,1,0.06313851294753692,Normal
TRP16466,1,0.11491330157811463,Normal
TRP16467,-1,-0.01621461073669428,Anomaly
TRP16468,1,0.17631065272374463,Normal
TRP16469,1,0.042036353761656375,Normal
TRP16470,1,0.05836255821709957,Normal
TRP16471,1,0.14938133023754152,Normal
TRP16472,1,0.16158330418498984,Normal
TRP16473,1,0.0838718943939718,Normal
TRP16474,1,0.11531762179414345,Normal
TRP16475,1,0.0586495183330803,Normal
TRP16476,1,0.05450956275434615,Normal
TRP16477,1,0.07421986139633019,Normal
TRP16478,1,0.0838718943939718,Normal
TRP16479,1,0.060922961597081104,Normal
TRP16480,1,0.08480343171752386,Normal
TRP16481,1,0.14574996641882093,Normal
TRP16482,1,0.14985829873196055,Normal
TRP16483,1,0.1642564273935741,Normal
TRP16484,1,0.15753231005746637,Normal
TRP16485,1,0.10032602722784778,Normal
TRP16486,1,0.16446387851155325,Normal
TRP16487,1,0.09996718717078368,Normal
TRP16488,1,0.12249077511022294,Normal
TRP16489,1,0.06892987344323853,Normal
TRP16490,1,0.09704046807091937,Normal
TRP16491,1,0.026768766161515578,Normal
TRP16492,1,0.1576510766123445,Normal
TRP16493,1,0.12850942508823726,Normal
TRP16494,-1,-0.07960277686411077,Anomaly
TRP16495,-1,-0.03096673264667882,Anomaly
TRP16496,1,0.1510193284820705,Normal
TRP16497,1,0.13114341993759987,Normal
TRP16498,1,0.07256565487018796,Normal
TRP16499,1,0.1733996557046557,Normal
TRP16500,1,0.1817745385690937,Normal
TRP16501,1,0.1795190609601921,Normal
TRP16502,1,0.17476535250014774,Normal
TRP16503,1,0.05462138340294698,Normal
TRP16504,1,0.08626993968809182,Normal
TRP16505,1,0.16193406051329934,Normal
TRP16506,1,0.023824411200307538,Normal
TRP16507,1,0.1449353829883877,Normal
TRP16508,1,0.13928296669366003,Normal
TRP16509,1,0.16001046490903287,Normal
TRP16510,1,0.16500730660892843,Normal
TRP16511,1,0.06831377135358752,Normal
TRP16512,1,0.07797073623913459,Normal
TRP16513,1,0.07777234399775262,Normal
TRP16514,1,0.14621009440509775,Normal
TRP16515,1,0.054677681172789705,Normal
TRP16516,1,0.16856625529303448,Normal
TRP16517,1,0.00651338734529705,Normal
TRP16518,1,0.07182203790063346,Normal
TRP16519,1,0.16641381615053602,Normal
TRP16520,-1,-0.055307946578015854,Anomaly
TRP16521,1,0.14978935573100233,Normal
TRP16522,1,0.13487976225214526,Normal
TRP16523,1,0.10888242937562193,Normal
TRP16524,1,0.057555765321907204,Normal
TRP16525,1,0.11769800547312559,Normal
TRP16526,1,0.10398789983878709,Normal
TRP16527,1,0.1667966133879144,Normal
TRP16528,-1,-0.027339289750317186,Anomaly
TRP16529,-1,-0.002207319489827886,Anomaly
TRP16530,1,0.009783858629887732,Normal
TRP16531,1,0.09988282832767459,Normal
TRP16532,1,0.15498884732786045,Normal
TRP16533,-1,-0.008237037495435695,Anomaly
TRP16534,1,0.11366022967005418,Normal
TRP16535,1,0.07070031351828554,Normal
TRP16536,1,0.16851037456582374,Normal
TRP16537,1,0.1840691982976735,Normal
TRP16538,1,0.023270872516473085,Normal
TRP16539,1,0.10187135698148075,Normal
TRP16540,1,0.17699263349216826,Normal
TRP16541,1,0.17832845678539827,Normal
TRP16542,1,0.15773362718602274,Normal
TRP16543,1,0.03766870280376289,Normal
TRP16544,1,0.1537067783687906,Normal
TRP16545,1,0.18231070820681988,Normal
TRP16546,-1,-0.0011744602978298602,Anomaly
TRP16547,1,0.10149258018262386,Normal
TRP16548,1,0.10898652356381261,Normal
TRP16549,1,0.1634651452568014,Normal
TRP16550,1,0.10533330957582382,Normal
TRP16551,1,0.06363584804743971,Normal
TRP16552,1,0.18205070911683102,Normal
TRP16553,1,0.13051204761262447,Normal
TRP16554,1,0.054391476066420696,Normal
TRP16555,1,0.06924959527615715,Normal
TRP16556,1,0.12516467090540978,Normal
TRP16557,1,0.05427930277413939,Normal
TRP16558,1,0.11632749981837048,Normal
TRP16559,1,0.1767390386908399,Normal
TRP16560,1,0.10487032387738476,Normal
TRP16561,1,0.05992603602721491,Normal
TRP16562,1,0.10032602722784778,Normal
TRP16563,1,0.09900080914242404,Normal
TRP16564,1,0.09996718717078368,Normal
TRP16565,-1,-0.014402859626999831,Anomaly
TRP16566,1,0.07193290154649501,Normal
TRP16567,1,0.024324681033501827,Normal
TRP16568,1,0.1371100053443341,Normal
TRP16569,1,0.09351806978908644,Normal
TRP16570,1,0.10379079399880575,Normal
TRP16571,1,0.1384455811625364,Normal
TRP16572,1,0.09902562470329979,Normal
TRP16573,-1,-0.039796694912258124,Anomaly
TRP16574,1,0.06427414944452503,Normal
TRP16575,1,0.16138553933305627,Normal
TRP16576,1,0.16408370168718628,Normal
TRP16577,1,0.04019027657866536,Normal
TRP16578,-1,-0.012930441563786976,Anomaly
TRP16579,1,0.1812235582226725,Normal
TRP16580,1,0.17978986806569702,Normal
TRP16581,1,0.12649199016623364,Normal
TRP16582,1,0.15831506964878084,Normal
TRP16583,1,0.11287082961976097,Normal
TRP16584,1,0.17189569619040512,Normal
TRP16585,1,0.14549833517385335,Normal
TRP16586,1,0.08235683103942387,Normal
TRP16587,1,0.05426425115485012,Normal
TRP16588,-1,-0.024918235811436595,Anomaly
TRP16589,1,0.1638039996157032,Normal
TRP16590,1,0.18153133328528298,Normal
TRP16591,1,0.10214387038892897,Normal
TRP16592,1,0.10526987258397036,Normal
TRP16593,1,0.09901335328559113,Normal
TRP16594,1,0.07412420124228114,Normal
TRP16595,1,0.08615652092086479,Normal
TRP16596,1,0.05762030651322447,Normal
TRP16597,1,0.1744413111084837,Normal
TRP16598,1,0.05678402717583486,Normal
TRP16599,1,0.07043055797207043,Normal
TRP16600,1,0.023104996558557467,Normal
TRP16601,1,0.05123484742811624,Normal
TRP16602,1,0.16774062283366553,Normal
TRP16603,1,0.07777234399775262,Normal
TRP16604,1,0.17774610905162702,Normal
TRP16605,1,0.09996718717078368,Normal
TRP16606,1,0.021510838196843296,Normal
TRP16607,1,0.10106708939071468,Normal
TRP16608,1,0.004506759142173911,Normal
TRP16609,1,0.03308672341569174,Normal
TRP16610,1,0.1577754188280049,Normal
TRP16611,1,0.14956458979459186,Normal
TRP16612,1,0.18290343507384205,Normal
TRP16613,1,0.05438086174379331,Normal
TRP16614,1,0.10380528034849812,Normal
TRP16615,1,0.16238860733254634,Normal
TRP16616,1,0.019883361783831544,Normal
TRP16617,1,0.11365862046937802,Normal
TRP16618,1,0.08452358561546153,Normal
TRP16619,-1,-0.046118175332483746,Anomaly
TRP16620,1,0.07981012225026607,Normal
TRP16621,1,0.09738291151004258,Normal
TRP16622,1,0.056496403442451104,Normal
TRP16623,1,0.07572285429788483,Normal
TRP16624,1,0.05904815999664492,Normal
TRP16625,1,0.11779317133783712,Normal
TRP16626,1,0.13440873084005783,Normal
TRP16627,1,0.11987175558199231,Normal
TRP16628,1,0.1366348534480748,Normal
TRP16629,1,0.17358127852619815,Normal
TRP16630,1,0.033159706192727345,Normal
TRP16631,1,0.15696416096859,Normal
TRP16632,1,0.17665829029769775,Normal
TRP16633,1,0.012037615838238591,Normal
TRP16634,1,0.18150179746520095,Normal
TRP16635,1,0.021612211699035044,Normal
TRP16636,1,0.07922915228042932,Normal
TRP16637,1,0.16177196400647248,Normal
TRP16638,1,0.15736399725945094,Normal
TRP16639,1,0.17259974268864375,Normal
TRP16640,1,0.06705577835623722,Normal
TRP16641,1,0.07471558538789436,Normal
TRP16642,1,0.17037316016763526,Normal
TRP16643,1,0.13415101487867842,Normal
TRP16644,-1,-0.00012092245925965361,Anomaly
TRP16645,1,0.15721443696207327,Normal
TRP16646,1,0.07777234399775262,Normal
TRP16647,1,0.052707824497270406,Normal
TRP16648,1,0.06512705354265957,Normal
TRP16649,1,0.056776343356216175,Normal
TRP16650,1,0.060922961597081104,Normal
TRP16651,1,0.18063987137910514,Normal
TRP16652,1,0.07607020255663527,Normal
TRP16653,1,0.16639803377434398,Normal
TRP16654,1,0.037709412661627195,Normal
TRP16655,1,0.11801256441804941,Normal
TRP16656,1,0.1539961140985675,Normal
TRP16657,1,0.1166943368376479,Normal
TRP16658,1,0.13680065920114443,Normal
TRP16659,1,0.1706585330214897,Normal
TRP16660,1,0.14306132587507492,Normal
TRP16661,1,0.15072619058151143,Normal
TRP16662,1,0.05123484742811624,Normal
TRP16663,1,0.1359413804914531,Normal
TRP16664,1,0.08525325168336684,Normal
TRP16665,1,0.18061492430302306,Normal
TRP16666,1,0.011305158537322169,Normal
TRP16667,1,0.12398564892408176,Normal
TRP16668,1,0.047702994317673664,Normal
TRP16669,1,0.17056889659323315,Normal
TRP16670,1,0.1811345851700107,Normal
TRP16671,1,0.16338207798092758,Normal
TRP16672,1,0.13796180826283105,Normal
TRP16673,1,0.10177984611788143,Normal
TRP16674,1,0.10561110948712549,Normal
TRP16675,1,0.10595972752143101,Normal
TRP16676,1,0.017352026244469965,Normal
TRP16677,1,0.164359384702067,Normal
TRP16678,-1,-0.027867279929807087,Anomaly
TRP16679,1,0.17540166800452517,Normal
TRP16680,1,0.10793245850318595,Normal
TRP16681,1,0.07023052829737109,Normal
TRP16682,1,0.08732795123669596,Normal
TRP16683,1,0.17383371400723502,Normal
TRP16684,1,0.13437319248872187,Normal
TRP16685,1,0.1416710957589179,Normal
TRP16686,1,0.14058426961861636,Normal
TRP16687,1,0.16787327692908227,Normal
TRP16688,1,0.09718217103615495,Normal
TRP16689,1,0.14207616319465438,Normal
TRP16690,1,0.08609335738308899,Normal
TRP16691,1,0.1014730414904379,Normal
TRP16692,1,0.044172635468923804,Normal
TRP16693,1,0.15628854288779498,Normal
TRP16694,1,0.16154996613823364,Normal
TRP16695,1,0.1420428704790846,Normal
TRP16696,1,0.16907350505584962,Normal
TRP16697,1,0.16363270511863853,Normal
TRP16698,1,0.15013340240190592,Normal
TRP16699,1,0.1281376194825048,Normal
TRP16700,1,0.12226034542169789,Normal
TRP16701,1,0.0686210067583155,Normal
TRP16702,1,0.17457152901254008,Normal
TRP16703,1,0.09810145754115307,Normal
TRP16704,1,0.05123484742811624,Normal
TRP16705,1,0.15368642558554435,Normal
TRP16706,1,0.1641914368413261,Normal
TRP16707,1,0.15155565279664235,Normal
TRP16708,1,0.07292467816309256,Normal
TRP16709,1,0.17565284798318126,Normal
TRP16710,1,0.025506919629203928,Normal
TRP16711,1,0.09596876708608293,Normal
TRP16712,1,0.10578535307408526,Normal
TRP16713,1,0.01357125769636891,Normal
TRP16714,1,0.0952178184469255,Normal
TRP16715,1,0.0903276871377715,Normal
TRP16716,1,0.07337070120415312,Normal
TRP16717,1,0.08501691710678427,Normal
TRP16718,1,0.12637638692488012,Normal
TRP16719,1,0.1612977585480907,Normal
TRP16720,1,0.17034400377582454,Normal
TRP16721,1,0.13286118212654402,Normal
TRP16722,1,0.13670739173648022,Normal
TRP16723,1,0.14757536229475515,Normal
TRP16724,1,0.037443961551633875,Normal
TRP16725,1,0.12587722239826377,Normal
TRP16726,1,0.17557065781795234,Normal
TRP16727,1,0.1461523119748473,Normal
TRP16728,1,0.16520298015450013,Normal
TRP16729,1,0.0979852457497532,Normal
TRP16730,1,0.1703702889570307,Normal
TRP16731,1,0.003849230917835289,Normal
TRP16732,1,0.17996931588640358,Normal
TRP16733,1,0.14473959082046522,Normal
TRP16734,1,0.16868066251341474,Normal
TRP16735,1,0.1423686877539777,Normal
TRP16736,1,0.13215053832617246,Normal
TRP16737,1,0.11062079706774297,Normal
TRP16738,1,0.15781932571288876,Normal
TRP16739,1,0.08609335738308899,Normal
TRP16740,1,0.037894138965855584,Normal
TRP16741,-1,-0.054274500200630404,Anomaly
TRP16742,1,0.11726051262607223,Normal
TRP16743,-1,-0.007751077791525507,Anomaly
TRP16744,1,0.08666199400600422,Normal
TRP16745,1,0.053381379074184054,Normal
TRP16746,1,0.1740676349107076,Normal
TRP16747,1,0.10219265750595519,Normal
TRP16748,1,0.05123484742811624,Normal
TRP16749,1,0.1744322256839685,Normal
TRP16750,1,0.15731517156493063,Normal
TRP16751,1,0.07112376905616213,Normal
TRP16752,-1,-0.07050355807700948,Anomaly
TRP16753,1,0.08456130889655478,Normal
TRP16754,1,0.14219812205881238,Normal
TRP16755,1,0.09948644838164389,Normal
TRP16756,1,0.1766535897526743,Normal
TRP16757,1,0.15519949126991267,Normal
TRP16758,1,0.17155353967299303,Normal
TRP16759,1,0.021240133535145422,Normal
TRP16760,1,0.01939486816792113,Normal
TRP16761,1,0.10379079399880575,Normal
TRP16762,1,0.16688141623372793,Normal
TRP16763,1,0.0648227354666262,Normal
TRP16764,1,0.1324989937873951,Normal
TRP16765,1,0.10429197176178767,Normal
TRP16766,1,0.17374774655242015,Normal
TRP16767,1,0.014839227950640299,Normal
TRP16768,1,0.10818459221315518,Normal
TRP16769,1,0.10251601944064964,Normal
TRP16770,1,0.04862954667897523,Normal
TRP16771,1,0.16375256715691971,Normal
TRP16772,1,0.1120456631143732,Normal
TRP16773,-1,-0.002939825148489117,Anomaly
TRP16774,1,0.17601135794060935,Normal
TRP16775,1,0.1753907132343771,Normal
TRP16776,1,0.17027395474330775,Normal
TRP16777,1,0.06021581239579077,Normal
TRP16778,1,0.09712233150363225,Normal
TRP16779,1,0.17709730058799772,Normal
TRP16780,1,0.07894593027690205,Normal
TRP16781,1,0.12496800200303393,Normal
TRP16782,1,0.17782288761131637,Normal
TRP16783,1,0.16874634007623623,Normal
TRP16784,1,0.11732149133926101,Normal
TRP16785,1,0.07533403622208734,Normal
TRP16786,1,0.12452581836583698,Normal
TRP16787,1,0.12828103218060066,Normal
TRP16788,1,0.17937777618158018,Normal
TRP16789,1,0.1520338653596226,Normal
TRP16790,1,0.03557656762441608,Normal
TRP16791,1,0.05584312887593346,Normal
TRP16792,1,0.1766139424896337,Normal
TRP16793,1,0.06331065951668924,Normal
TRP16794,1,0.0767898677584567,Normal
TRP16795,1,0.16994930520998225,Normal
TRP16796,1,0.15606325853231418,Normal
TRP16797,1,0.08783933712117514,Normal
TRP16798,1,0.14389494547450943,Normal
TRP16799,1,0.09821113445738461,Normal
TRP16800,1,0.05914775933416472,Normal
TRP16801,1,0.09124717624988271,Normal
TRP16802,1,0.1210468920072928,Normal
TRP16803,1,0.1441980288401163,Normal
TRP16804,1,0.08307922605343881,Normal
TRP16805,1,0.1545171190168806,Normal
TRP16806,1,0.1570076299514842,Normal
TRP16807,1,0.10779111717236695,Normal
TRP16808,1,0.1597154052673701,Normal
TRP16809,1,0.08000610411884473,Normal
TRP16810,1,0.07225834113782992,Normal
TRP16811,1,0.15407030584324438,Normal
TRP16812,1,0.06946853036822931,Normal
TRP16813,1,0.09025414182404412,Normal
TRP16814,1,0.04036809675355513,Normal
TRP16815,1,0.1603016745526223,Normal
TRP16816,1,0.10217398343074435,Normal
TRP16817,1,0.10498510610710743,Normal
TRP16818,1,0.1508322096471651,Normal
TRP16819,1,0.15532485325185003,Normal
TRP16820,1,0.007664330920203244,Normal
TRP16821,1,0.07318086919450095,Normal
TRP16822,1,0.08050929808918161,Normal
TRP16823,1,0.18176139398857633,Normal
TRP16824,1,0.05186094866458324,Normal
TRP16825,1,0.14235910070044905,Normal
TRP16826,1,0.1256527681694301,Normal
TRP16827,1,0.17975576221510103,Normal
TRP16828,1,0.1389432107816584,Normal
TRP16829,1,0.1622201157138407,Normal
TRP16830,1,0.07110687425087514,Normal
TRP16831,1,0.08510208178062223,Normal
TRP16832,1,0.1090756668168138,Normal
TRP16833,1,0.059363707691016177,Normal
TRP16834,1,0.17612782964168616,Normal
TRP16835,1,0.12196349184974431,Normal
TRP16836,1,0.07700372363362756,Normal
TRP16837,1,0.11791941167173048,Normal
TRP16838,1,0.161923002906124,Normal
TRP16839,1,0.18031388109259067,Normal
TRP16840,1,0.164816273337072,Normal
TRP16841,1,0.1841910578628363,Normal
TRP16842,1,0.11031113972047268,Normal
TRP16843,1,0.10682715589800384,Normal
TRP16844,1,0.16606299663199314,Normal
TRP16845,1,0.14899219045469503,Normal
TRP16846,1,0.10611623723723146,Normal
TRP16847,1,0.11381615445127424,Normal
TRP16848,1,0.18398977952500817,Normal
TRP16849,1,0.06315235016021514,Normal
TRP16850,1,0.15402295270324678,Normal
TRP16851,1,0.08825213906729251,Normal
TRP16852,1,0.09110962762233066,Normal
TRP16853,1,0.14012100266723804,Normal
TRP16854,1,0.1272364760971847,Normal
TRP16855,1,0.17960735579164983,Normal
TRP16856,1,0.04233757186462006,Normal
TRP16857,1,0.15922309734405132,Normal
TRP16858,1,0.09807527630321367,Normal
TRP16859,1,0.1793354129500036,Normal
TRP16860,1,0.0912265981262021,Normal
TRP16861,1,0.04785172090668077,Normal
TRP16862,1,0.1598807209566498,Normal
TRP16863,1,0.03530917971774483,Normal
TRP16864,1,0.13299305808944745,Normal
TRP16865,-1,-0.06234569028234305,Anomaly
TRP16866,1,0.04893732421726693,Normal
TRP16867,1,0.06711003778814117,Normal
TRP16868,1,0.0979852457497532,Normal
TRP16869,1,0.059363707691016177,Normal
TRP16870,1,0.1660544739506143,Normal
TRP16871,1,0.15844852165383927,Normal
TRP16872,1,0.01435504008453159,Normal
TRP16873,1,0.0924567597759881,Normal
TRP16874,1,0.09050583659274353,Normal
TRP16875,1,0.03657685160635338,Normal
TRP16876,1,0.05097873323902502,Normal
TRP16877,1,0.17843349608973136,Normal
TRP16878,1,0.17969621061627833,Normal
TRP16879,1,0.1770090580111624,Normal
TRP16880,-1,-0.002207319489827886,Anomaly
TRP16881,1,0.05271336663065951,Normal
TRP16882,1,0.05311033307695889,Normal
TRP16883,1,0.13337704091996355,Normal
TRP16884,1,0.1766582500062599,Normal
TRP16885,1,0.06094626773051248,Normal
TRP16886,1,0.07305605080657918,Normal
TRP16887,1,0.13028630659491497,Normal
TRP16888,1,0.03874754842057082,Normal
TRP16889,1,0.17024023129773663,Normal
TRP16890,1,0.1646992511634054,Normal
TRP16891,1,0.10209722118399683,Normal
TRP16892,1,0.17902540567810932,Normal
TRP16893,1,0.05123484742811624,Normal
TRP16894,1,0.17400617315327355,Normal
TRP16895,1,0.022690807065051777,Normal
TRP16896,1,0.11823269814318171,Normal
TRP16897,1,0.13876234304860757,Normal
TRP16898,1,0.0717539141255793,Normal
TRP16899,1,0.059736502420543625,Normal
TRP16900,1,0.09487728051396166,Normal
TRP16901,1,0.12285993405201973,Normal
TRP16902,1,0.0388989602436306,Normal
TRP16903,1,0.17853290223288842,Normal
TRP16904,1,0.07421986139633019,Normal
TRP16905,-1,-0.024678317652771287,Anomaly
TRP16906,1,0.10080072162196274,Normal
TRP16907,1,0.07493783924070041,Normal
TRP16908,1,0.14366739289390612,Normal
TRP16909,1,0.10544369185911556,Normal
TRP16910,1,0.08626993968809182,Normal
TRP16911,1,0.1806254172173825,Normal
TRP16912,1,0.002979793785981677,Normal
TRP16913,1,0.031262263919773714,Normal
TRP16914,1,0.052633532606631506,Normal
TRP16915,1,0.12453082800082821,Normal
TRP16916,1,0.16397633519371857,Normal
TRP16917,1,0.17956791185471044,Normal
TRP16918,-1,-0.013255754756703597,Anomaly
TRP16919,1,0.05123484742811624,Normal
TRP16920,1,0.17049482895896279,Normal
TRP16921,1,0.12913018537143905,Normal
TRP16922,1,0.15172834477065822,Normal
TRP16923,1,0.13705397632978544,Normal
TRP16924,1,0.10010160659346579,Normal
TRP16925,1,0.15152861022228548,Normal
TRP16926,1,0.13713895644244,Normal
TRP16927,1,0.09562131980816724,Normal
TRP16928,1,0.15790849608100493,Normal
TRP16929,1,0.16974410610932605,Normal
TRP16930,1,0.028913605085493232,Normal
TRP16931,1,0.14999201969938175,Normal
TRP16932,1,0.09510724304372858,Normal
TRP16933,1,0.17942790448271545,Normal
TRP16934,1,0.09167762106141258,Normal
TRP16935,1,0.1629822500762848,Normal
TRP16936,1,0.05123484742811624,Normal
TRP16937,1,0.11651839538319159,Normal
TRP16938,1,0.04780839159157757,Normal
TRP16939,1,0.07929043582069617,Normal
TRP16940,1,0.024890296131006573,Normal
TRP16941,1,0.10682797962503776,Normal
TRP16942,1,0.14147609096874264,Normal
TRP16943,1,0.15921252346400822,Normal
TRP16944,1,0.1723335493010837,Normal
TRP16945,1,0.0915383509977159,Normal
TRP16946,1,0.16059105092373577,Normal
TRP16947,1,0.09378712034796988,Normal
TRP16948,1,0.1784998784872634,Normal
TRP16949,1,0.12046510642069563,Normal
TRP16950,1,0.1806497989859544,Normal
TRP16951,1,0.11369635951962626,Normal
TRP16952,1,0.05123484742811624,Normal
TRP16953,1,0.08608289123567314,Normal
TRP16954,1,0.04926321959797564,Normal
TRP16955,1,0.16320676908906018,Normal
TRP16956,-1,-0.044473985890260304,Anomaly
TRP16957,1,0.14959412275447787,Normal
TRP16958,1,0.0380210187735488,Normal
TRP16959,1,0.1819964127624744,Normal
TRP16960,1,0.09385033829502337,Normal
TRP16961,1,0.11636442302786315,Normal
TRP16962,1,0.12177586076665492,Normal
TRP16963,1,0.1370814639216224,Normal
TRP16964,1,0.10049177164928086,Normal
TRP16965,1,0.13846009289755173,Normal
TRP16966,1,0.04666999591300869,Normal
TRP16967,1,0.170145601258065,Normal
TRP16968,1,0.13015890547913794,Normal
TRP16969,1,0.028137043358316904,Normal
TRP16970,1,0.11079200777758974,Normal
TRP16971,1,0.03343385438606894,Normal
TRP16972,-1,-0.05912784340913024,Anomaly
TRP16973,1,0.18418637281056705,Normal
TRP16974,1,0.05662887424721208,Normal
TRP16975,1,0.05772755107403693,Normal
TRP16976,-1,-0.0017038802663387198,Anomaly
TRP16977,-1,-0.05197311779847302,Anomaly
TRP16978,1,0.07444232327291522,Normal
TRP16979,1,0.16856615927542118,Normal
TRP16980,1,0.1656686481306217,Normal
TRP16981,1,0.13910170789178844,Normal
TRP16982,1,0.05391099704253921,Normal
TRP16983,1,0.10170162096097984,Normal
TRP16984,1,0.05104384019883357,Normal
TRP16985,1,0.17897475068649282,Normal
TRP16986,1,0.09562935352554014,Normal
TRP16987,1,0.1714651079145581,Normal
TRP16988,1,0.09768475530677612,Normal
TRP16989,1,0.07729694908856427,Normal
TRP16990,1,0.00505474092397451,Normal
TRP16991,1,0.08172559237354754,Normal
TRP16992,-1,-0.07196519711255378,Anomaly
TRP16993,1,0.022549420588801716,Normal
TRP16994,1,0.09524841139112822,Normal
TRP16995,1,0.09090260416869245,Normal
TRP16996,1,0.18390359864183198,Normal
TRP16997,1,0.08337289365236411,Normal
TRP16998,1,0.07186967126764021,Normal
TRP16999,1,0.12814760272106673,Normal
TRP17000,1,0.18316021568412394,Normal
TRP17001,1,0.08700723721694875,Normal
TRP17002,1,0.17079063461423816,Normal
TRP17003,-1,-0.009014447195564879,Anomaly
TRP17004,1,0.019212826960818385,Normal
TRP17005,1,0.17365003203294493,Normal
TRP17006,1,0.17049539157642657,Normal
TRP17007,1,0.17772572129361236,Normal
TRP17008,1,0.033163311590096556,Normal
TRP17009,-1,-0.002207319489827886,Anomaly
TRP17010,1,0.17662480515788442,Normal
TRP17011,1,0.07484639317016284,Normal
TRP17012,1,0.14925339753284456,Normal
TRP17013,1,0.15752938365441083,Normal
TRP17014,1,0.16535236607937615,Normal
TRP17015,1,0.09562935352554014,Normal
TRP17016,1,0.035557263046075094,Normal
TRP17017,1,0.0466585623334822,Normal
TRP17018,1,0.0702476900958271,Normal
TRP17019,1,0.1350421728245102,Normal
TRP17020,1,0.1786913291408715,Normal
TRP17021,1,0.1841868470174069,Normal
TRP17022,1,0.17812342825645622,Normal
TRP17023,1,0.02751641592463372,Normal
TRP17024,1,0.1816440709094831,Normal
TRP17025,1,0.12110275239350832,Normal
TRP17026,1,0.114102092531217,Normal
TRP17027,1,0.08124047781263244,Normal
TRP17028,-1,-0.07561632344549962,Anomaly
TRP17029,1,0.16123069577913984,Normal
TRP17030,1,0.09350597659547444,Normal
TRP17031,1,0.00806702367293588,Normal
TRP17032,1,0.039661869902745894,Normal
TRP17033,1,0.060441780280199864,Normal
TRP17034,1,0.17392560358630033,Normal
TRP17035,1,0.08390626949419755,Normal
TRP17036,-1,-0.027500334318202868,Anomaly
TRP17037,-1,-0.008291970309100782,Anomaly
TRP17038,1,0.07624989906360896,Normal
TRP17039,1,0.08879403911978034,Normal
TRP17040,-1,-0.03465558128816615,Anomaly
TRP17041,1,0.089085255162136,Normal
TRP17042,1,0.1367364403865306,Normal
TRP17043,1,0.15900428884067674,Normal
TRP17044,1,0.09721332473047622,Normal
TRP17045,1,0.05123484742811624,Normal
TRP17046,1,0.05094886349952943,Normal
TRP17047,1,0.1108296644180447,Normal
TRP17048,1,0.08233426361405627,Normal
TRP17049,1,0.05398652182846886,Normal
TRP17050,1,0.028022162344879753,Normal
TRP17051,1,0.14182433894553176,Normal
TRP17052,1,0.17254685585091112,Normal
TRP17053,1,0.12448293293080259,Normal
TRP17054,1,0.09574869781612927,Normal
TRP17055,1,0.0455785311340664,Normal
TRP17056,1,0.1585202634566399,Normal
TRP17057,1,0.16952010879129242,Normal
TRP17058,1,0.18422155959537984,Normal
TRP17059,1,0.17331010113555545,Normal
TRP17060,-1,-0.02041136637955243,Anomaly
TRP17061,1,0.015979297790306823,Normal
TRP17062,1,0.1528715483191102,Normal
TRP17063,1,0.061672030097884245,Normal
TRP17064,1,0.16916920017479808,Normal
TRP17065,1,0.09218936860681487,Normal
TRP17066,1,0.1462081806998874,Normal
TRP17067,1,0.04598308154010289,Normal
TRP17068,1,0.08337289365236411,Normal
TRP17069,1,0.15745745595100774,Normal
TRP17070,-1,-0.046529253135253024,Anomaly
TRP17071,1,0.13109060696597857,Normal
TRP17072,1,0.06981813096055667,Normal
TRP17073,1,0.15687174300564533,Normal
TRP17074,1,0.05391099704253921,Normal
TRP17075,1,0.10818202987977571,Normal
TRP17076,1,0.1510338638656249,Normal
TRP17077,1,0.15808661044603128,Normal
TRP17078,1,0.05123484742811624,Normal
TRP17079,1,0.18517206239339085,Normal
TRP17080,1,0.14521976518151825,Normal
TRP17081,1,0.1553419551274814,Normal
TRP17082,1,0.16388736951373212,Normal
TRP17083,1,0.12515606899074727,Normal
TRP17084,1,0.07371225769296752,Normal
TRP17085,1,0.116879921218905,Normal
TRP17086,1,0.1207305081714185,Normal
TRP17087,1,0.05815155444530773,Normal
TRP17088,1,0.17236333172991403,Normal
TRP17089,1,0.05123484742811624,Normal
TRP17090,1,0.14467440875878057,Normal
TRP17091,1,0.1456995791758937,Normal
TRP17092,1,0.05123484742811624,Normal
TRP17093,1,0.11259122921694514,Normal
TRP17094,1,0.11035855691830032,Normal
TRP17095,1,0.15357706565350737,Normal
TRP17096,1,0.17713342182674807,Normal
TRP17097,1,0.07712374525272131,Normal
TRP17098,1,0.05442445440288246,Normal
TRP17099,1,0.136734780757174,Normal
TRP17100,1,0.1645280328981239,Normal
TRP17101,1,0.02963225897341948,Normal
TRP17102,1,0.14503977357421477,Normal
TRP17103,1,0.10089848619681463,Normal
TRP17104,1,0.1011406840962904,Normal
TRP17105,1,0.06355138048679498,Normal
TRP17106,1,0.12853112602612876,Normal
TRP17107,1,0.10170162096097984,Normal
TRP17108,1,0.017909872582223874,Normal
TRP17109,1,0.14109059968249632,Normal
TRP17110,-1,-0.003903676791266686,Anomaly
TRP17111,1,0.16485668666176467,Normal
TRP17112,1,0.1495018793214294,Normal
TRP17113,1,0.14416712451574787,Normal
TRP17114,1,0.02245260543147054,Normal
TRP17115,1,0.04370910882545076,Normal
TRP17116,1,0.13628877166056258,Normal
TRP17117,1,0.08520469342847209,Normal
TRP17118,1,0.1512810289238507,Normal
TRP17119,1,0.10646067692824401,Normal
TRP17120,1,0.14894967656137026,Normal
TRP17121,1,0.18005197345516405,Normal
TRP17122,1,0.05217135298621933,Normal
TRP17123,1,0.17264415638979275,Normal
TRP17124,1,0.0851575171208161,Normal
TRP17125,1,0.10871268290444525,Normal
TRP17126,1,0.12090283497941545,Normal
TRP17127,-1,-0.08422655611228036,Anomaly
TRP17128,1,0.15412845288511773,Normal
TRP17129,1,0.10692541903227959,Normal
TRP17130,1,0.14800291475137228,Normal
TRP17131,1,0.1809329424654052,Normal
TRP17132,-1,-0.03300555230814539,Anomaly
TRP17133,1,0.03605668310076526,Normal
TRP17134,1,0.1263086900432729,Normal
TRP17135,1,0.15868042269373483,Normal
TRP17136,1,0.12188693023865843,Normal
TRP17137,1,0.11765467671074298,Normal
TRP17138,1,0.026193748237757553,Normal
TRP17139,1,0.1164342552000186,Normal
TRP17140,1,0.05428881952031994,Normal
TRP17141,-1,-0.024240988789642426,Anomaly
TRP17142,1,0.15175364192965407,Normal
TRP17143,1,0.1388380416566145,Normal
TRP17144,1,0.06981813096055667,Normal
TRP17145,1,0.09152328209899468,Normal
TRP17146,1,0.17777039741490042,Normal
TRP17147,1,0.11975978868376941,Normal
TRP17148,1,0.0029157015487381033,Normal
TRP17149,1,0.1276494945251893,Normal
TRP17150,1,0.0337020420449593,Normal
TRP17151,1,0.12582429929302902,Normal
TRP17152,1,0.10152510210783416,Normal
TRP17153,1,0.14093370098431346,Normal
TRP17154,1,0.17675470672051558,Normal
TRP17155,1,0.09246822404218985,Normal
TRP17156,1,0.13095851265326297,Normal
TRP17157,1,0.08041614173589534,Normal
TRP17158,1,0.17661919114942293,Normal
TRP17159,1,0.1370444251160003,Normal
TRP17160,1,0.14319898059241537,Normal
TRP17161,1,0.07729694908856427,Normal
TRP17162,1,0.10018632109207909,Normal
TRP17163,1,0.09564291126342012,Normal
TRP17164,1,0.13034638101672968,Normal
TRP17165,1,0.07729694908856427,Normal
TRP17166,1,0.04813021156639552,Normal
TRP17167,1,0.17360252047851304,Normal
TRP17168,1,0.07023052829737109,Normal
TRP17169,1,0.09842579319273409,Normal
TRP17170,1,0.15274551507771167,Normal
TRP17171,1,0.011379691363230804,Normal
TRP17172,1,0.03972551639010069,Normal
TRP17173,1,0.11572012230835926,Normal
TRP17174,1,0.043039923719462525,Normal
TRP17175,1,0.09996306441612746,Normal
TRP17176,-1,-0.0012780072097058337,Anomaly
TRP17177,1,0.16029364130474594,Normal
TRP17178,1,0.06292263478704396,Normal
TRP17179,1,0.03893035068762818,Normal
TRP17180,1,0.1407282403595711,Normal
TRP17181,1,0.14902437952467967,Normal
TRP17182,1,0.11544495872472449,Normal
TRP17183,1,0.17391516959917758,Normal
TRP17184,1,0.1126940096060885,Normal
TRP17185,1,0.16978523396645012,Normal
TRP17186,1,0.099741192855687,Normal
TRP17187,1,0.1511817986760367,Normal
TRP17188,1,0.07484639317016284,Normal
TRP17189,1,0.061229661566749916,Normal
TRP17190,1,0.1476600966666769,Normal
TRP17191,1,0.12879670137792265,Normal
TRP17192,1,0.17835558916835564,Normal
TRP17193,1,0.09718217103615495,Normal
TRP17194,-1,-0.026385712153126017,Anomaly
TRP17195,1,0.10456585801295248,Normal
TRP17196,1,0.07500418127259323,Normal
TRP17197,1,0.03811514315976561,Normal
TRP17198,1,0.14552212467778824,Normal
TRP17199,1,0.008811379172415812,Normal
TRP17200,1,0.12225484191238795,Normal
TRP17201,1,0.1667361299599598,Normal
TRP17202,1,0.16493195653221165,Normal
TRP17203,1,0.14740591860732044,Normal
TRP17204,1,0.04598308154010289,Normal
TRP17205,1,0.16783687133950703,Normal
TRP17206,1,0.14647629869038342,Normal
TRP17207,1,0.17338400950435362,Normal
TRP17208,1,0.14758079031172971,Normal
TRP17209,1,0.1852016416132108,Normal
TRP17210,1,0.030218604694244533,Normal
TRP17211,1,0.060375053566662173,Normal
TRP17212,1,0.16544425988740674,Normal
TRP17213,1,0.1253802961859451,Normal
TRP17214,-1,-0.02866164700626561,Anomaly
TRP17215,1,0.02249385087403888,Normal
TRP17216,1,0.004791767856104245,Normal
TRP17217,1,0.10817225818599929,Normal
TRP17218,1,0.16561993651708357,Normal
TRP17219,1,0.1808569460920199,Normal
TRP17220,1,0.03988194422796054,Normal
TRP17221,1,0.10289434611604442,Normal
TRP17222,1,0.10995138092571127,Normal
TRP17223,1,0.089085255162136,Normal
TRP17224,1,0.05820337322956082,Normal
TRP17225,1,0.10543897909349631,Normal
TRP17226,1,0.16688427534996164,Normal
TRP17227,1,0.1664075785832685,Normal
TRP17228,1,0.039661869902745894,Normal
TRP17229,1,0.054345739656740055,Normal
TRP17230,1,0.17891246519899578,Normal
TRP17231,1,0.17175955283409167,Normal
TRP17232,1,0.028792743648195285,Normal
TRP17233,1,0.05205136577995373,Normal
TRP17234,1,0.14453369384289583,Normal
TRP17235,1,0.13792034692061805,Normal
TRP17236,1,0.10399233761437904,Normal
TRP17237,1,0.08798578103307175,Normal
TRP17238,1,0.1687607390306296,Normal
TRP17239,1,0.12253574008595092,Normal
TRP17240,1,0.055573873711956545,Normal
TRP17241,1,0.07552014822841485,Normal
TRP17242,1,0.12114977962253398,Normal
TRP17243,1,0.13829858137180528,Normal
TRP17244,1,0.07557539528656915,Normal
TRP17245,1,0.15186638542561887,Normal
TRP17246,1,0.07337070120415312,Normal
TRP17247,1,0.04977104295775514,Normal
TRP17248,1,0.14329878813941732,Normal
TRP17249,1,0.16936003802082622,Normal
TRP17250,1,0.043990098028695135,Normal
TRP17251,1,0.16333660351114226,Normal
TRP17252,1,0.15830402967669538,Normal
TRP17253,1,0.07023052829737109,Normal
TRP17254,1,0.15176949199811568,Normal
TRP17255,1,0.09631627379183338,Normal
TRP17256,1,0.09433909306067495,Normal
TRP17257,1,0.07071543685641979,Normal
TRP17258,1,0.15406420785607178,Normal
TRP17259,1,0.1464359414743333,Normal
TRP17260,1,0.15119348132410798,Normal
TRP17261,1,0.03191903832212384,Normal
TRP17262,1,0.02943770466926232,Normal
TRP17263,1,0.1414305022962657,Normal
TRP17264,1,0.08797279188703777,Normal
TRP17265,-1,-0.00874993224783105,Anomaly
TRP17266,1,0.06863527200553876,Normal
TRP17267,1,0.017483762128302383,Normal
TRP17268,1,0.16700980676917537,Normal
TRP17269,1,0.1659222762730378,Normal
TRP17270,1,0.14152990571864482,Normal
TRP17271,1,0.11222899954509813,Normal
TRP17272,1,0.05182313924570292,Normal
TRP17273,1,0.04419520987612835,Normal
TRP17274,1,0.026734896163019606,Normal
TRP17275,1,0.11805253792228065,Normal
TRP17276,1,0.1569482169182982,Normal
TRP17277,1,0.0725532239652803,Normal
TRP17278,1,0.051321353305291195,Normal
TRP17279,1,0.039960583151742,Normal
TRP17280,1,0.11713791079194102,Normal
TRP17281,1,0.12321520322035628,Normal
TRP17282,1,0.17206851866933082,Normal
TRP17283,1,0.056199194442234424,Normal
TRP17284,1,0.09996718717078368,Normal
TRP17285,1,0.12726267168566419,Normal
TRP17286,1,0.09244510049793098,Normal
TRP17287,1,0.04812888335655796,Normal
TRP17288,1,0.09709143169222678,Normal
TRP17289,1,0.14679098622034853,Normal
TRP17290,1,0.10214387038892897,Normal
TRP17291,1,0.16464937453416056,Normal
TRP17292,1,0.1467698803154069,Normal
TRP17293,1,0.11898885479611016,Normal
TRP17294,1,0.10615957322124253,Normal
TRP17295,1,0.1577036897114676,Normal
TRP17296,1,0.12140116667403439,Normal
TRP17297,1,0.14885719145797222,Normal
TRP17298,1,0.12380156553411337,Normal
TRP17299,1,0.15297221610416134,Normal
TRP17300,1,0.10214387038892897,Normal
TRP17301,1,0.045709716629834696,Normal
TRP17302,1,0.11848056688268771,Normal
TRP17303,1,0.06403522269760187,Normal
TRP17304,1,0.12609540569837324,Normal
TRP17305,1,0.1083111137730125,Normal
TRP17306,1,0.09714911523883624,Normal
TRP17307,1,0.08985228120041683,Normal
TRP17308,1,0.10834612724128018,Normal
TRP17309,1,0.1794722128845983,Normal
TRP17310,1,0.035190858613178166,Normal
TRP17311,1,0.12664087687111913,Normal
TRP17312,1,0.10016047216605578,Normal
TRP17313,1,0.12926446747974413,Normal
TRP17314,1,0.18393988031362613,Normal
TRP17315,1,0.15204972054853388,Normal
TRP17316,1,0.07110687425087514,Normal
TRP17317,1,0.1500976166497066,Normal
TRP17318,1,0.1765390162190641,Normal
TRP17319,1,0.0979852457497532,Normal
TRP17320,1,0.1692971110630298,Normal
TRP17321,1,0.10199220125825559,Normal
TRP17322,1,0.08872145761706335,Normal
TRP17323,1,0.11465022726129914,Normal
TRP17324,1,0.17103867579239046,Normal
TRP17325,1,0.12753866270149133,Normal
TRP17326,1,0.16826652305124068,Normal
TRP17327,1,0.02737552206908267,Normal
TRP17328,1,0.15122969335245695,Normal
TRP17329,1,0.18045058638983835,Normal
TRP17330,-1,-0.06714888867727775,Anomaly
TRP17331,1,0.04120724422551447,Normal
TRP17332,1,0.16982006383680115,Normal
TRP17333,1,0.09747582279205053,Normal
TRP17334,-1,-0.0021236447110044576,Anomaly
TRP17335,1,0.1783614983193269,Normal
TRP17336,-1,-0.00739508344906481,Anomaly
TRP17337,1,0.05358041496079635,Normal
TRP17338,1,0.177397913035877,Normal
TRP17339,1,0.17313382350655165,Normal
TRP17340,1,0.0970168825974761,Normal
TRP17341,1,0.07337070120415312,Normal
TRP17342,1,0.1505004091118169,Normal
TRP17343,1,0.0920609115139634,Normal
TRP17344,-1,-0.012631350861901258,Anomaly
TRP17345,1,0.08901165929812555,Normal
TRP17346,1,0.057642961864842523,Normal
TRP17347,1,0.10166537789608238,Normal
TRP17348,1,0.059767327240767276,Normal
TRP17349,1,0.0549424900726897,Normal
TRP17350,1,0.17840740932277638,Normal
TRP17351,1,0.16853283443652017,Normal
TRP17352,1,0.113840686019829,Normal
TRP17353,1,0.16277239997989357,Normal
TRP17354,1,0.15809018371176348,Normal
TRP17355,1,0.006655598943617114,Normal
TRP17356,1,0.07399534395580976,Normal
TRP17357,1,0.16096834446683206,Normal
TRP17358,-1,-0.023236159381937793,Anomaly
TRP17359,1,0.1222471377275004,Normal
TRP17360,1,0.10308805262604703,Normal
TRP17361,1,0.06562571589426591,Normal
TRP17362,1,0.1550148124475898,Normal
TRP17363,1,0.11174256892011414,Normal
TRP17364,1,0.1646900768358855,Normal
TRP17365,1,0.17094443060901493,Normal
TRP17366,1,0.15645260673939582,Normal
TRP17367,1,0.14310527196485645,Normal
TRP17368,1,0.07110687425087514,Normal
TRP17369,1,0.06172137001235545,Normal
TRP17370,1,0.07547395649462169,Normal
TRP17371,1,0.09718217103615495,Normal
TRP17372,1,0.04396992257688137,Normal
TRP17373,1,0.1627990068989139,Normal
TRP17374,1,0.14766029432842737,Normal
TRP17375,1,0.11845044768482232,Normal
TRP17376,1,0.1679631165810076,Normal
TRP17377,1,0.03074894521065441,Normal
TRP17378,1,0.14837885992423744,Normal
TRP17379,1,0.10186260540743869,Normal
TRP17380,1,0.09913112891622611,Normal
TRP17381,1,0.09796066098453099,Normal
TRP17382,1,0.052008965892675896,Normal
TRP17383,1,0.044307558607778574,Normal
TRP17384,1,0.046699221045185535,Normal
TRP17385,1,0.11845044768482232,Normal
TRP17386,-1,-0.0062667511635339235,Anomaly
TRP17387,1,0.15898141268216037,Normal
TRP17388,1,0.15916046343337098,Normal
TRP17389,1,0.16642714776245326,Normal
TRP17390,1,0.12575428484272289,Normal
TRP17391,1,0.08534121480333573,Normal
TRP17392,1,0.06342038092948965,Normal
TRP17393,1,0.11572630844257786,Normal
TRP17394,1,0.08874818885571745,Normal
TRP17395,1,0.16661919932194802,Normal
TRP17396,1,0.10003720242798075,Normal
TRP17397,1,0.1655563765307318,Normal
TRP17398,1,0.09192530010136085,Normal
TRP17399,1,0.13708895630088663,Normal
TRP17400,1,0.0691536860949673,Normal
TRP17401,1,0.16676850019795775,Normal
TRP17402,1,0.09452873016582958,Normal
TRP17403,1,0.04752113241650158,Normal
TRP17404,-1,-0.03270424891060997,Anomaly
TRP17405,1,0.14809915760057307,Normal
TRP17406,1,0.09931308258972449,Normal
TRP17407,1,0.046094823162720955,Normal
TRP17408,1,0.01348996843397432,Normal
TRP17409,1,0.17373983952124444,Normal
TRP17410,1,0.10880173215842176,Normal
TRP17411,1,0.16939035822611564,Normal
TRP17412,1,0.15591571209391503,Normal
TRP17413,1,0.08375891527086488,Normal
TRP17414,1,0.131838083748695,Normal
TRP17415,1,0.09725504709845206,Normal
TRP17416,1,0.17255132596384254,Normal
TRP17417,1,0.12260330734493302,Normal
TRP17418,1,0.17488500055635214,Normal
TRP17419,1,0.1277157175822622,Normal
TRP17420,1,0.1438453185089219,Normal
TRP17421,1,0.07624989906360896,Normal
TRP17422,1,0.17118751754795747,Normal
TRP17423,-1,-0.015192459735224761,Anomaly
TRP17424,1,0.16693046975780645,Normal
TRP17425,1,0.17523523066439167,Normal
TRP17426,1,0.17791197412239196,Normal
TRP17427,1,0.039661869902745894,Normal
TRP17428,1,0.06092093013788469,Normal
TRP17429,1,0.05241040608966696,Normal
TRP17430,1,0.10450724618040425,Normal
TRP17431,1,0.12317347515186439,Normal
TRP17432,1,0.11603302332728599,Normal
TRP17433,1,0.12597900621820318,Normal
TRP17434,1,0.14404153961063415,Normal
TRP17435,1,0.012912043585137867,Normal
TRP17436,1,0.16926380196369573,Normal
TRP17437,1,0.16895881943911162,Normal
TRP17438,1,0.0020055846822395473,Normal
TRP17439,1,0.0514387488649396,Normal
TRP17440,1,0.11063000584736449,Normal
TRP17441,1,0.1264824970945715,Normal
TRP17442,1,0.13191129804930285,Normal
TRP17443,1,0.17757613065041467,Normal
TRP17444,1,0.14669407382110805,Normal
TRP17445,1,0.1833565035620729,Normal
TRP17446,1,0.0943749440507769,Normal
TRP17447,1,0.062148716475046495,Normal
TRP17448,1,0.10088448499433694,Normal
TRP17449,1,0.09930496139614547,Normal
TRP17450,1,0.17663064019102254,Normal
TRP17451,1,0.1785946338798725,Normal
TRP17452,1,0.028704602894996212,Normal
TRP17453,1,0.11036481267227455,Normal
TRP17454,1,0.12128996633718797,Normal
TRP17455,1,0.049491017772607004,Normal
TRP17456,1,0.08685001669991632,Normal
TRP17457,1,0.14803929442998026,Normal
TRP17458,1,0.05068423687784629,Normal
TRP17459,-1,-0.03285951343107163,Anomaly
TRP17460,1,0.17663755310166396,Normal
TRP17461,1,0.12676284451032022,Normal
TRP17462,1,0.15482511876344396,Normal
TRP17463,1,0.13458123499615737,Normal
TRP17464,1,0.0739197916648926,Normal
TRP17465,1,0.16365056751377594,Normal
TRP17466,1,0.07557705534122555,Normal
TRP17467,1,0.14729898715118933,Normal
TRP17468,1,0.1339469719533692,Normal
TRP17469,1,0.11717239677900027,Normal
TRP17470,1,0.1445930323127912,Normal
TRP17471,1,0.004086891743990573,Normal
TRP17472,1,0.005409633325799912,Normal
TRP17473,1,0.03517588817353179,Normal
TRP17474,1,0.09931308258972449,Normal
TRP17475,1,0.059002179876557426,Normal
TRP17476,1,0.1482684101154509,Normal
TRP17477,1,0.05699660968323916,Normal
TRP17478,1,0.006983495225069691,Normal
TRP17479,1,0.007952865296090739,Normal
TRP17480,1,0.1803688120091101,Normal
TRP17481,1,0.15777368709574707,Normal
TRP17482,1,0.1251086795777817,Normal
TRP17483,1,0.08714987834778498,Normal
TRP17484,1,0.1697185871358326,Normal
TRP17485,-1,-0.07408683467664057,Anomaly
TRP17486,1,0.03718042458539539,Normal
TRP17487,1,0.1177445518600666,Normal
TRP17488,1,0.15806789402818416,Normal
TRP17489,1,0.11401644960532326,Normal
TRP17490,1,0.1365616301600513,Normal
TRP17491,1,0.14187633995142646,Normal
TRP17492,1,0.10527110356851088,Normal
TRP17493,1,0.07963986285601227,Normal
TRP17494,1,0.15279574918555971,Normal
TRP17495,1,0.08893321521558983,Normal
TRP17496,1,0.17791909635349934,Normal
TRP17497,1,0.08005840865772446,Normal
TRP17498,1,0.14017788075602822,Normal
TRP17499,1,0.17660214220637682,Normal
TRP17500,1,0.1598461372517358,Normal
TRP17501,1,0.11919223460439016,Normal
TRP17502,1,0.12865131980175287,Normal
TRP17503,1,0.1544983292010711,Normal
TRP17504,1,0.15921545683315091,Normal
TRP17505,1,0.039551950399056346,Normal
TRP17506,1,0.1515859642014844,Normal
TRP17507,1,0.07666099970568796,Normal
TRP17508,1,0.18308503009116334,Normal
TRP17509,1,0.13659593305622664,Normal
TRP17510,-1,-0.030109573553378954,Anomaly
TRP17511,1,0.07023052829737109,Normal
TRP17512,1,0.15454713202199638,Normal
TRP17513,1,0.1759933202808837,Normal
TRP17514,1,0.16106540702483246,Normal
TRP17515,1,0.07182203790063346,Normal
TRP17516,1,0.17396914281705927,Normal
TRP17517,1,0.1191839141858777,Normal
TRP17518,1,0.13493502151316838,Normal
TRP17519,1,0.17628420922321947,Normal
TRP17520,1,0.09355959800201308,Normal
TRP17521,1,0.14591224569776268,Normal
TRP17522,1,0.0386987754209871,Normal
TRP17523,1,0.08501691710678427,Normal
TRP17524,1,0.17637604624695358,Normal
TRP17525,1,0.06947581514460432,Normal
TRP17526,1,0.12117416187939084,Normal
TRP17527,1,0.05107409492607662,Normal
TRP17528,1,0.01645762658314498,Normal
TRP17529,1,0.11715889575060662,Normal
TRP17530,1,0.11817311790992929,Normal
TRP17531,1,0.07477780743964868,Normal
TRP17532,1,0.062197040596591924,Normal
TRP17533,1,0.18334699553392136,Normal
TRP17534,1,0.14964035731514547,Normal
TRP17535,1,0.1821489622802014,Normal
TRP17536,1,0.18195575654101132,Normal
TRP17537,1,0.0675254274097482,Normal
TRP17538,1,0.0996570915396478,Normal
TRP17539,1,0.11946840839760575,Normal
TRP17540,-1,-0.00519633540284159,Anomaly
TRP17541,1,0.1559460129149277,Normal
TRP17542,1,0.13251321394535281,Normal
TRP17543,1,0.12960815813860577,Normal
TRP17544,1,0.06283906757383273,Normal
TRP17545,1,0.028137043358316904,Normal
TRP17546,1,0.17354702246831938,Normal
TRP17547,1,0.11596805109219743,Normal
TRP17548,1,0.11475877971977505,Normal
TRP17549,1,0.10012263268176208,Normal
TRP17550,1,0.14701623647019713,Normal
TRP17551,1,0.0776627096500897,Normal
TRP17552,1,0.09911119502690907,Normal
TRP17553,1,0.06616978117419037,Normal
TRP17554,1,0.15637938235600884,Normal
TRP17555,1,0.05123484742811624,Normal
TRP17556,1,0.16833690919882616,Normal
TRP17557,1,0.08921873868397101,Normal
TRP17558,-1,-0.016608455858737492,Anomaly
TRP17559,1,0.0996570915396478,Normal
TRP17560,1,0.16347309593294512,Normal
TRP17561,1,0.09066712740845317,Normal
TRP17562,1,0.1728399674675118,Normal
TRP17563,1,0.08872096017544168,Normal
TRP17564,1,0.1671398570124446,Normal
TRP17565,1,0.07870599280838136,Normal
TRP17566,1,0.09242460406088304,Normal
TRP17567,1,0.08375891527086488,Normal
TRP17568,1,0.13218547725065338,Normal
TRP17569,1,0.14910970572226412,Normal
TRP17570,1,0.13255647668295728,Normal
TRP17571,1,0.11506378580406412,Normal
TRP17572,1,0.05123484742811624,Normal
TRP17573,1,0.08375891527086488,Normal
TRP17574,1,0.15516273969940575,Normal
TRP17575,1,0.09712449026328862,Normal
TRP17576,1,0.15937086216096097,Normal
TRP17577,1,0.17765747946157617,Normal
TRP17578,1,0.09721098793563177,Normal
TRP17579,1,0.10957992344374201,Normal
TRP17580,1,0.14740983614557174,Normal
TRP17581,1,0.15294030905986294,Normal
TRP17582,1,0.16957208842221755,Normal
TRP17583,1,0.10111536186965747,Normal
TRP17584,1,0.14000672142291992,Normal
TRP17585,1,0.036473145152184916,Normal
TRP17586,1,0.1480113733116193,Normal
TRP17587,1,0.09151117256663666,Normal
TRP17588,1,0.15671045434529807,Normal
TRP17589,1,0.10986322526672476,Normal
TRP17590,1,0.16386519378783787,Normal
TRP17591,-1,-0.0016122592699537863,Anomaly
TRP17592,1,0.10022370318803131,Normal
TRP17593,1,0.16836568405414426,Normal
TRP17594,1,0.1772390474630085,Normal
TRP17595,1,0.15729722054341344,Normal
TRP17596,1,0.13998891143969916,Normal
TRP17597,1,0.09456953466349116,Normal
TRP17598,1,0.18316698050078378,Normal
TRP17599,1,0.13553307521701274,Normal
TRP17600,1,0.0032387186059582573,Normal
TRP17601,1,0.1353081828613385,Normal
TRP17602,1,0.07484639317016284,Normal
TRP17603,1,0.046029206105725806,Normal
TRP17604,1,0.09136143532527485,Normal
TRP17605,1,0.025952404300557563,Normal
TRP17606,1,0.12230216321173959,Normal
TRP17607,1,0.021240133535145422,Normal
TRP17608,1,0.12896676286199715,Normal
TRP17609,1,0.1135809727301626,Normal
TRP17610,1,0.15198325694763565,Normal
TRP17611,1,0.17040450320737677,Normal
TRP17612,1,0.021467126365626976,Normal
TRP17613,1,0.16784274756418138,Normal
TRP17614,1,0.1550108302381954,Normal
TRP17615,1,0.09928916257434411,Normal
TRP17616,1,0.08321117996726246,Normal
TRP17617,1,0.09228472588793357,Normal
TRP17618,1,0.09802701798963726,Normal
TRP17619,1,0.03401814879915532,Normal
TRP17620,1,0.12793002122541747,Normal
TRP17621,1,0.09232574759211554,Normal
TRP17622,1,0.09700345580271408,Normal
TRP17623,1,0.09562935352554014,Normal
TRP17624,1,0.03192918510562215,Normal
TRP17625,1,0.16051431360748336,Normal
TRP17626,1,0.1793711579263889,Normal
TRP17627,1,0.1726594812436303,Normal
TRP17628,1,0.18326022107353224,Normal
TRP17629,1,0.16978734757322617,Normal
TRP17630,1,0.1189919788496277,Normal
TRP17631,1,0.13843156553404323,Normal
TRP17632,1,0.04877897042691892,Normal
TRP17633,1,0.16112619986497972,Normal
TRP17634,1,0.1425799197493297,Normal
TRP17635,1,0.09747582279205053,Normal
TRP17636,1,0.03939173378099592,Normal
TRP17637,1,0.1416678591931656,Normal
TRP17638,1,0.09050913576007652,Normal
TRP17639,1,0.11975891991485138,Normal
TRP17640,1,0.15519429824303133,Normal
TRP17641,1,0.004506759142173911,Normal
TRP17642,1,0.09759581032701009,Normal
TRP17643,1,0.1720637338729939,Normal
TRP17644,1,0.12639067231245732,Normal
TRP17645,-1,-0.031408964209458046,Anomaly
TRP17646,-1,-0.10058466670051203,Anomaly
TRP17647,1,0.1179660257095611,Normal
TRP17648,1,0.1626356398041388,Normal
TRP17649,1,0.046924955619520925,Normal
TRP17650,1,0.11765045947942582,Normal
TRP17651,1,0.1491877971699463,Normal
TRP17652,1,0.16875683096473926,Normal
TRP17653,1,0.1326636674598931,Normal
TRP17654,1,0.10081359173011073,Normal
TRP17655,1,0.14728821188951718,Normal
TRP17656,-1,-0.022981993816143076,Anomaly
TRP17657,1,0.1221800639824564,Normal
TRP17658,1,0.14834174275480544,Normal
TRP17659,1,0.05123484742811624,Normal
TRP17660,1,0.07457338859445672,Normal
TRP17661,1,0.17000613074467097,Normal
TRP17662,1,0.03346542851339551,Normal
TRP17663,1,0.15167535386519376,Normal
TRP17664,1,0.08121423397968308,Normal
TRP17665,1,0.1311591717726357,Normal
TRP17666,1,0.07485440761280693,Normal
TRP17667,-1,-0.03029243264895065,Anomaly
TRP17668,1,0.14030635075171705,Normal
TRP17669,1,0.08375891527086488,Normal
TRP17670,1,0.06403522269760187,Normal
TRP17671,1,0.051321353305291195,Normal
TRP17672,1,0.07670432417120748,Normal
TRP17673,1,0.174929879798926,Normal
TRP17674,1,0.11542610495610894,Normal
TRP17675,1,0.10018632109207909,Normal
TRP17676,1,0.1010500582531918,Normal
TRP17677,1,0.16621181810943353,Normal
TRP17678,1,0.08717403126974044,Normal
TRP17679,1,0.14717255627849773,Normal
TRP17680,1,0.15010324737035513,Normal
TRP17681,1,0.14248106746064254,Normal
TRP17682,1,0.11781787537962857,Normal
TRP17683,1,0.17284570826239765,Normal
TRP17684,1,0.14775226817745973,Normal
TRP17685,1,0.17177091141416234,Normal
TRP17686,1,0.08688620269076314,Normal
TRP17687,1,0.07343893308182725,Normal
TRP17688,1,0.1333684302837177,Normal
TRP17689,1,0.16094061775863494,Normal
TRP17690,1,0.18377720928926305,Normal
TRP17691,1,0.07366240134169777,Normal
TRP17692,1,0.10388943302061782,Normal
TRP17693,1,0.09594217119592069,Normal
TRP17694,1,0.17173835475328503,Normal
TRP17695,1,0.09499288320377186,Normal
TRP17696,1,0.054396057608955495,Normal
TRP17697,1,0.16742981882059765,Normal
TRP17698,1,0.10016047216605578,Normal
TRP17699,1,0.033329175100209274,Normal
TRP17700,1,0.04982147290329597,Normal
TRP17701,1,0.09747582279205053,Normal
TRP17702,1,0.17465776784669068,Normal
TRP17703,1,0.07973378547805943,Normal
TRP17704,1,0.051321353305291195,Normal
TRP17705,1,0.16647423369298164,Normal
TRP17706,1,0.14616206617782596,Normal
TRP17707,1,0.10618474514593085,Normal
TRP17708,1,0.102420606536824,Normal
TRP17709,1,0.0678021840293872,Normal
TRP17710,1,0.10464247827622675,Normal
TRP17711,1,0.11978186917528433,Normal
TRP17712,1,0.15762855675162973,Normal
TRP17713,1,0.12181245470205432,Normal
TRP17714,1,0.07628688928889754,Normal
TRP17715,1,0.10354565248931341,Normal
TRP17716,1,0.06744201631134772,Normal
TRP17717,1,0.15903870074948517,Normal
TRP17718,1,0.17643515486267863,Normal
TRP17719,1,0.1216425498378611,Normal
TRP17720,1,0.16722583277917558,Normal
TRP17721,1,0.1039758727511505,Normal
TRP17722,1,0.050061807904652644,Normal
TRP17723,1,0.10016047216605578,Normal
TRP17724,1,0.1437252288524647,Normal
TRP17725,1,0.12717292920231837,Normal
TRP17726,1,0.09718217103615495,Normal
TRP17727,1,0.18450083624297797,Normal
TRP17728,1,0.14527328923798216,Normal
TRP17729,1,0.1761824086148025,Normal
TRP17730,1,0.17209336925129498,Normal
TRP17731,1,0.1827806481066283,Normal
TRP17732,1,0.1524495303507017,Normal
TRP17733,1,0.0920609115139634,Normal
TRP17734,1,0.16316277609888108,Normal
TRP17735,1,0.15550162516786392,Normal
TRP17736,1,0.15118936259081173,Normal
TRP17737,1,0.17608064701133902,Normal
TRP17738,1,0.044834343623288864,Normal
TRP17739,1,0.17387187351053596,Normal
TRP17740,1,0.12973264887423702,Normal
TRP17741,1,0.0969387840457055,Normal
TRP17742,1,0.18398163188573835,Normal
TRP17743,1,0.04481845889374381,Normal
TRP17744,1,0.02427543106415253,Normal
TRP17745,1,0.1698858015489939,Normal
TRP17746,1,0.15125969978429854,Normal
TRP17747,1,0.0542796763901503,Normal
TRP17748,1,0.11842601512687068,Normal
TRP17749,1,0.10556064667210974,Normal
TRP17750,1,0.04164122145669924,Normal
TRP17751,1,0.15911093953007577,Normal
TRP17752,1,0.03415245512154452,Normal
TRP17753,1,0.16281106454914218,Normal
TRP17754,1,0.08041614173589534,Normal
TRP17755,1,0.1739646468272087,Normal
TRP17756,-1,-0.09386520373279594,Anomaly
TRP17757,1,0.05123484742811624,Normal
TRP17758,1,0.12078389208119811,Normal
TRP17759,1,0.13444456601079474,Normal
TRP17760,-1,-0.038056426861673875,Anomaly
TRP17761,1,0.1407375642754699,Normal
TRP17762,1,0.09375179363492486,Normal
TRP17763,1,0.14733269151659228,Normal
TRP17764,1,0.1835062449640698,Normal
TRP17765,1,0.15822020643670587,Normal
TRP17766,1,0.16031461666997437,Normal
TRP17767,1,0.005405409499450009,Normal
TRP17768,1,0.1258110562348348,Normal
TRP17769,1,0.1796716194277363,Normal
TRP17770,1,0.05123484742811624,Normal
TRP17771,1,0.09944415031381149,Normal
TRP17772,1,0.1771132952677349,Normal
TRP17773,1,0.12130979520616297,Normal
TRP17774,1,0.10900969446984071,Normal
TRP17775,1,0.014292818761726944,Normal
TRP17776,1,0.17406435396710784,Normal
TRP17777,1,0.09562935352554014,Normal
TRP17778,1,0.039661869902745894,Normal
TRP17779,1,0.05717402976121999,Normal
TRP17780,1,0.05820337322956082,Normal
TRP17781,1,0.0077775357772913445,Normal
TRP17782,1,0.18204840200069666,Normal
TRP17783,1,0.18129552325930604,Normal
TRP17784,1,0.06609815652514461,Normal
TRP17785,1,0.12703389333069937,Normal
TRP17786,1,0.17788910283459097,Normal
TRP17787,1,0.11540012979897696,Normal
TRP17788,1,0.1760345682418804,Normal
TRP17789,1,0.18101841856125805,Normal
TRP17790,1,0.1390539777798418,Normal
TRP17791,1,0.09223782708650308,Normal
TRP17792,1,0.11163320164763862,Normal
TRP17793,1,0.16287445305583925,Normal
TRP17794,1,0.06403522269760187,Normal
TRP17795,1,0.16033370238944633,Normal
TRP17796,1,0.08374372808677366,Normal
TRP17797,1,0.10262794963017358,Normal
TRP17798,1,0.051321353305291195,Normal
TRP17799,1,0.08337289365236411,Normal
TRP17800,1,0.1528975055542437,Normal
TRP17801,1,0.1796374260710063,Normal
TRP17802,1,0.013674842368955442,Normal
TRP17803,1,0.15803883207680297,Normal
TRP17804,1,0.18458108323427946,Normal
TRP17805,1,0.07476121072313069,Normal
TRP17806,1,0.07493783924070041,Normal
TRP17807,1,0.059237959685900066,Normal
TRP17808,1,0.15655611393728203,Normal
TRP17809,1,0.07628688928889754,Normal
TRP17810,1,0.09231769058404021,Normal
TRP17811,1,0.0641794713788989,Normal
TRP17812,1,0.12830229118005188,Normal
TRP17813,1,0.16955318553358034,Normal
TRP17814,1,0.16994930520998225,Normal
TRP17815,1,0.15647367340709922,Normal
TRP17816,1,0.15973652157836699,Normal
TRP17817,1,0.022465905973774625,Normal
TRP17818,1,0.10397305087928072,Normal
TRP17819,1,0.08703308423253592,Normal
TRP17820,1,0.02856033190218965,Normal
TRP17821,1,0.061260702265141576,Normal
TRP17822,1,0.08536233768133983,Normal
TRP17823,1,0.10016047216605578,Normal
TRP17824,1,0.16821847174030286,Normal
TRP17825,1,0.15975228226118737,Normal
TRP17826,1,0.12048205412140206,Normal
TRP17827,1,0.16401426213935993,Normal
TRP17828,1,0.09722753430363562,Normal
TRP17829,1,0.0908715871919335,Normal
TRP17830,1,0.06357694290258842,Normal
TRP17831,1,0.11864069282461176,Normal
TRP17832,1,0.0961188019322411,Normal
TRP17833,1,0.1802170577181476,Normal
TRP17834,1,0.09813266357812134,Normal
TRP17835,1,0.014881169104569159,Normal
TRP17836,1,0.09287969387416833,Normal
TRP17837,1,0.049756597559626026,Normal
TRP17838,-1,-0.012405559258623078,Anomaly
TRP17839,1,0.1648367082252714,Normal
TRP17840,1,0.08143962869044263,Normal
TRP17841,1,0.07951728234889827,Normal
TRP17842,1,0.1773912766029585,Normal
TRP17843,1,0.1723521667775178,Normal
TRP17844,-1,-0.01680088396324997,Anomaly
TRP17845,1,0.020582578771449644,Normal
TRP17846,1,0.024324681033501827,Normal
TRP17847,1,0.10146240874708512,Normal
TRP17848,1,0.1580895127758224,Normal
TRP17849,1,0.10501647542633114,Normal
TRP17850,1,0.11618387365719512,Normal
TRP17851,-1,-0.01680088396324997,Anomaly
TRP17852,1,0.16674009676929097,Normal
TRP17853,1,0.1587663328741154,Normal
TRP17854,1,0.08825450660868861,Normal
TRP17855,1,0.10428774491158194,Normal
TRP17856,1,0.14144002594885086,Normal
TRP17857,1,0.17548228600764176,Normal
TRP17858,1,0.11871837669496327,Normal
TRP17859,1,0.14615037568179795,Normal
TRP17860,1,0.17191250322557516,Normal
TRP17861,1,0.14374618736691397,Normal
TRP17862,1,0.1561155644260559,Normal
TRP17863,1,0.1741014660026663,Normal
TRP17864,1,0.16772980321791625,Normal
TRP17865,1,0.10601171414658644,Normal
TRP17866,1,0.09913112891622611,Normal
TRP17867,1,0.163307989608369,Normal
TRP17868,1,0.12622867060172327,Normal
TRP17869,1,0.10416171307884997,Normal
TRP17870,1,0.08652358679441952,Normal
TRP17871,1,0.1289763552857096,Normal
TRP17872,-1,-0.09641926810390078,Anomaly
TRP17873,1,0.16637457778720793,Normal
TRP17874,1,0.15549277255393246,Normal
TRP17875,1,0.1059614871228185,Normal
TRP17876,1,0.028884119960662313,Normal
TRP17877,1,0.16307652752792173,Normal
TRP17878,1,0.1601910793284172,Normal
TRP17879,1,0.16257624422072792,Normal
TRP17880,1,0.16677467379411332,Normal
TRP17881,1,0.17515585130278805,Normal
TRP17882,1,0.089085255162136,Normal
TRP17883,1,0.15858405949331272,Normal
TRP17884,1,0.17427310646003374,Normal
TRP17885,1,0.10556783811242598,Normal
TRP17886,1,0.08448248858607033,Normal
TRP17887,1,0.01939486816792113,Normal
TRP17888,1,0.025539308698216856,Normal
TRP17889,1,0.17060416835255976,Normal
TRP17890,1,0.08146149261608154,Normal
TRP17891,1,0.11253227767862456,Normal
TRP17892,1,0.13546242851121515,Normal
TRP17893,1,0.04695761079926242,Normal
TRP17894,1,0.06741766887100709,Normal
TRP17895,1,0.13864575149035363,Normal
TRP17896,1,0.05145212082863637,Normal
TRP17897,1,0.17843550638332217,Normal
TRP17898,1,0.14988857211347034,Normal
TRP17899,1,0.08583142684238948,Normal
TRP17900,1,0.1303451040238563,Normal
TRP17901,1,0.1372344613291473,Normal
TRP17902,1,0.05285113408755682,Normal
TRP17903,1,0.15148006244454804,Normal
TRP17904,1,0.1862913063898904,Normal
TRP17905,1,0.07875283312612902,Normal
TRP17906,1,0.09967661446458664,Normal
TRP17907,1,0.031323158362551284,Normal
TRP17908,1,0.15545068437943776,Normal
TRP17909,1,0.08337289365236411,Normal
TRP17910,1,0.14385138610451492,Normal
TRP17911,1,0.1601945354509326,Normal
TRP17912,1,0.11754859520668981,Normal
TRP17913,1,0.14798346009766467,Normal
TRP17914,1,0.08534121480333573,Normal
TRP17915,1,0.09276980815269414,Normal
TRP17916,1,0.16115529617850055,Normal
TRP17917,1,0.12729152710951064,Normal
TRP17918,1,0.08980554864938267,Normal
TRP17919,1,0.08200148722100126,Normal
TRP17920,1,0.08760361019429685,Normal
TRP17921,1,0.02692018546216146,Normal
TRP17922,1,0.13400084830479675,Normal
TRP17923,1,0.09269843958894908,Normal
TRP17924,1,0.08459427723946294,Normal
TRP17925,1,0.1499545538991185,Normal
TRP17926,1,0.13325655971018802,Normal
TRP17927,1,0.17684403785005487,Normal
TRP17928,1,0.17272887644106766,Normal
TRP17929,1,0.17216375914094106,Normal
TRP17930,1,0.045594131085424205,Normal
TRP17931,1,0.15074037528162754,Normal
TRP17932,1,0.10491888923745984,Normal
TRP17933,1,0.15691999144508878,Normal
TRP17934,1,0.036029382303105595,Normal
TRP17935,1,0.12897749258549057,Normal
TRP17936,1,0.15598450019339938,Normal
TRP17937,1,0.020836447080954557,Normal
TRP17938,1,0.09712449026328862,Normal
TRP17939,1,0.1420482679277864,Normal
TRP17940,1,0.03601638062981638,Normal
TRP17941,1,0.12390461098602484,Normal
TRP17942,1,0.13370992195577103,Normal
TRP17943,1,0.18467781044370696,Normal
TRP17944,1,0.10665406955917733,Normal
TRP17945,-1,-0.04637180436652322,Anomaly
TRP17946,1,0.16835255931367588,Normal
TRP17947,1,0.16858978474183772,Normal
TRP17948,1,0.059002179876557426,Normal
TRP17949,1,0.17579022964578367,Normal
TRP17950,1,0.11575478390975491,Normal
TRP17951,1,0.08689862577335838,Normal
TRP17952,1,0.08443329289424678,Normal
TRP17953,1,0.1161740402447034,Normal
TRP17954,1,0.11805631166134228,Normal
TRP17955,1,0.04225053182018501,Normal
TRP17956,-1,-0.00799763731867209,Anomaly
TRP17957,1,0.15846574240504857,Normal
TRP17958,1,0.01649380114180299,Normal
TRP17959,1,0.13934856716614513,Normal
TRP17960,1,0.18354950887607424,Normal
TRP17961,1,0.0031178916151264335,Normal
TRP17962,1,0.03837014639464664,Normal
TRP17963,1,0.028105023970515175,Normal
TRP17964,1,0.09330948776825893,Normal
TRP17965,1,0.06443143035662247,Normal
TRP17966,1,0.07280345887651873,Normal
TRP17967,1,0.06938236368579709,Normal
TRP17968,1,0.06311269605355019,Normal
TRP17969,-1,-0.026857277974928984,Anomaly
TRP17970,1,0.03191903832212384,Normal
TRP17971,1,0.1528961012694829,Normal
TRP17972,1,0.05431768595445019,Normal
TRP17973,1,0.1346035042051672,Normal
TRP17974,1,0.16755456064811436,Normal
TRP17975,1,0.1730495998395426,Normal
TRP17976,1,0.10851779393266764,Normal
TRP17977,1,0.12509933838672282,Normal
TRP17978,1,0.1679010850426011,Normal
TRP17979,1,0.13944229067936958,Normal
TRP17980,1,0.13676617495791704,Normal
TRP17981,1,0.1135064382620884,Normal
TRP17982,1,0.16426072637623773,Normal
TRP17983,1,0.18123930843146385,Normal
TRP17984,1,0.16732235248362587,Normal
TRP17985,1,0.09397259188838863,Normal
TRP17986,1,0.08155837143437661,Normal
TRP17987,-1,-0.008756876270993308,Anomaly
TRP17988,1,0.16519785643948676,Normal
TRP17989,1,0.06403522269760187,Normal
TRP17990,1,0.16403601901451464,Normal
TRP17991,1,0.10870862264995884,Normal
TRP17992,1,0.07863911555915193,Normal
TRP17993,1,0.0657483465439258,Normal
TRP17994,1,0.04143409396866937,Normal
TRP17995,1,0.13445293783492945,Normal
TRP17996,1,0.08221743161272516,Normal
TRP17997,1,0.030944702639196797,Normal
TRP17998,1,0.1412854243702294,Normal
TRP17999,-1,-0.018006682976634658,Anomaly
TRP18000,-1,-0.007758297610770737,Anomaly
TRP18001,1,0.07981243593091492,Normal
TRP18002,1,0.07774249801224353,Normal
TRP18003,1,0.11265549490516297,Normal
TRP18004,1,0.10680475055699795,Normal
TRP18005,1,0.16811219471069516,Normal
TRP18006,-1,-0.002053190189847842,Anomaly
TRP18007,1,0.12241669339055622,Normal
TRP18008,1,0.18013960128533363,Normal
TRP18009,1,0.15354821585670236,Normal
TRP18010,1,0.10016047216605578,Normal
TRP18011,1,0.12003189642454631,Normal
TRP18012,1,0.1857303892748557,Normal
TRP18013,1,0.08261881927228504,Normal
TRP18014,1,0.16244125867511233,Normal
TRP18015,1,0.03704829566907064,Normal
TRP18016,1,0.15697429409432806,Normal
TRP18017,1,0.10315930059119566,Normal
TRP18018,1,0.11351711028974515,Normal
TRP18019,1,0.1613126897272239,Normal
TRP18020,1,0.09668340401498526,Normal
TRP18021,1,0.1468132057659558,Normal
TRP18022,1,0.1709564097215719,Normal
TRP18023,1,0.09596948806419875,Normal
TRP18024,1,0.0979852457497532,Normal
TRP18025,1,0.10210938789506213,Normal
TRP18026,1,0.09471821774485556,Normal
TRP18027,1,0.06617132749044385,Normal
TRP18028,1,0.10382114438089962,Normal
TRP18029,1,0.10032602722784778,Normal
TRP18030,1,0.04382599265702325,Normal
TRP18031,1,0.043915486208627286,Normal
TRP18032,1,0.1315249553596899,Normal
TRP18033,1,0.10237351603554534,Normal
TRP18034,1,0.17328723683079694,Normal
TRP18035,1,0.13377767329909984,Normal
TRP18036,1,0.17297749695763504,Normal
TRP18037,1,0.14074658356560804,Normal
TRP18038,1,0.1738539672222406,Normal
TRP18039,-1,-0.04585405841980139,Anomaly
TRP18040,1,0.08089577018892419,Normal
TRP18041,1,0.09826254956696517,Normal
TRP18042,1,0.051436131198071555,Normal
TRP18043,1,0.07777234399775262,Normal
TRP18044,1,0.1706363846468364,Normal
TRP18045,1,0.102420606536824,Normal
TRP18046,1,0.09359672207492598,Normal
TRP18047,1,0.1330672939305449,Normal
TRP18048,1,0.05994060851668248,Normal
TRP18049,1,0.15554164435594797,Normal
TRP18050,1,0.07624989906360896,Normal
TRP18051,1,0.1520144503321187,Normal
TRP18052,1,0.02673586181056864,Normal
TRP18053,-1,-0.026757227236578363,Anomaly
TRP18054,1,0.14920894867684703,Normal
TRP18055,1,0.1669223064251924,Normal
TRP18056,1,0.10016047216605578,Normal
TRP18057,1,0.07813020956987499,Normal
TRP18058,1,0.11374038898708888,Normal
TRP18059,1,0.0789481137437752,Normal
TRP18060,1,0.04679907273498651,Normal
TRP18061,1,0.08114390180802705,Normal
TRP18062,1,0.08452358561546153,Normal
TRP18063,1,0.1438106445314839,Normal
TRP18064,1,0.09913112891622611,Normal
TRP18065,1,0.10459150656084787,Normal
TRP18066,1,0.17622501957656844,Normal
TRP18067,1,0.16247452177691812,Normal
TRP18068,1,0.12384053902907066,Normal
TRP18069,1,0.05937010375568652,Normal
TRP18070,1,0.02946492069949147,Normal
TRP18071,1,0.17768899055836657,Normal
TRP18072,1,0.053567092677033856,Normal
TRP18073,1,0.10315930059119566,Normal
TRP18074,1,0.13347203943889502,Normal
TRP18075,1,0.04534046543089554,Normal
TRP18076,1,0.09357170904713114,Normal
TRP18077,1,0.14389685083391168,Normal
TRP18078,1,0.02929726933824406,Normal
TRP18079,1,0.09724711287984605,Normal
TRP18080,1,0.15998948878032543,Normal
TRP18081,1,0.05097873323902502,Normal
TRP18082,1,0.10170162096097984,Normal
TRP18083,1,0.09892446609928485,Normal
TRP18084,1,0.10750693268969302,Normal
TRP18085,1,0.014292818761726944,Normal
TRP18086,1,0.047394168051723584,Normal
TRP18087,1,0.11504745547922923,Normal
TRP18088,1,0.1631390858763972,Normal
TRP18089,1,0.16119504498217407,Normal
TRP18090,-1,-0.012930441563786976,Anomaly
TRP18091,1,0.11145373760716715,Normal
TRP18092,1,0.15916800942415887,Normal
TRP18093,-1,-0.02663724723048222,Anomaly
TRP18094,1,0.085850429189257,Normal
TRP18095,1,0.16293305323274315,Normal
TRP18096,1,0.05123484742811624,Normal
TRP18097,1,0.04690398391410355,Normal
TRP18098,1,0.1791020393287317,Normal
TRP18099,1,0.10149258018262386,Normal
TRP18100,1,0.11301832744893658,Normal
TRP18101,1,0.06686255637491878,Normal
TRP18102,1,0.0591471372979363,Normal
TRP18103,1,0.05123484742811624,Normal
TRP18104,1,0.1173942875129021,Normal
TRP18105,1,0.11202000546078111,Normal
TRP18106,1,0.06103226095088421,Normal
TRP18107,1,0.1251938379916236,Normal
TRP18108,1,0.129816808839483,Normal
TRP18109,1,0.10753778186505036,Normal
TRP18110,1,0.1128178396622373,Normal
TRP18111,1,0.13067347381799999,Normal
TRP18112,1,0.033689158905675476,Normal
TRP18113,1,0.1153044122297423,Normal
TRP18114,1,0.10711474176042557,Normal
TRP18115,1,0.1536910569946789,Normal
TRP18116,1,0.08221743161272516,Normal
TRP18117,1,0.05123484742811624,Normal
TRP18118,1,0.15245205227170383,Normal
TRP18119,-1,-0.02692001170071845,Anomaly
TRP18120,1,0.14665117593146176,Normal
TRP18121,1,0.14974017815543716,Normal
TRP18122,1,0.1375490931466377,Normal
TRP18123,1,0.10963441227866383,Normal
TRP18124,1,0.15759592628777397,Normal
TRP18125,1,0.09951506384596037,Normal
TRP18126,1,0.06391853734497432,Normal
TRP18127,1,0.15506009102892854,Normal
TRP18128,1,0.15599955574368274,Normal
TRP18129,1,0.07777234399775262,Normal
TRP18130,1,0.15785600994795335,Normal
TRP18131,1,0.1772716113631605,Normal
TRP18132,1,0.05308831388563229,Normal
TRP18133,1,0.0601647023098858,Normal
TRP18134,1,0.052858997743821745,Normal
TRP18135,1,0.07998711814370574,Normal
TRP18136,1,0.05181075725295303,Normal
TRP18137,1,0.14774846478087222,Normal
TRP18138,1,0.1424546199630226,Normal
TRP18139,1,0.09268472660337218,Normal
TRP18140,1,0.07477600701809872,Normal
TRP18141,1,0.16026787102377454,Normal
TRP18142,1,0.07948864535973016,Normal
TRP18143,1,0.18100949505074254,Normal
TRP18144,1,0.07313258327713945,Normal
TRP18145,1,0.166500063448343,Normal
TRP18146,1,0.0850025122738563,Normal
TRP18147,1,0.11677207839467035,Normal
TRP18148,1,0.1078185490946657,Normal
TRP18149,1,0.07404538764704605,Normal
TRP18150,1,0.0753698402855269,Normal
TRP18151,-1,-0.03864849546434024,Anomaly
TRP18152,1,0.14975990462659888,Normal
TRP18153,1,0.10280665267881778,Normal
TRP18154,1,0.0936031250282432,Normal
TRP18155,1,0.09829029375918119,Normal
TRP18156,1,0.07762520844252263,Normal
TRP18157,1,0.10112809877160095,Normal
TRP18158,1,0.07337070120415312,Normal
TRP18159,1,0.15702342440417322,Normal
TRP18160,1,0.16192497855290677,Normal
TRP18161,1,0.11841112730326625,Normal
TRP18162,1,0.15613325666254085,Normal
TRP18163,1,0.014525186819256075,Normal
TRP18164,1,0.04047406562770839,Normal
TRP18165,1,0.0006820345000513317,Normal
TRP18166,1,0.18204482727812932,Normal
TRP18167,1,0.048032230506026674,Normal
TRP18168,1,0.07122471709604916,Normal
TRP18169,1,0.1567342380294024,Normal
TRP18170,1,0.15800373849587324,Normal
TRP18171,1,0.028636831200767654,Normal
TRP18172,-1,-0.03299393351609037,Anomaly
TRP18173,1,0.14784798255204645,Normal
TRP18174,1,0.07023489516830739,Normal
TRP18175,1,0.059355912222609386,Normal
TRP18176,1,0.16449773019195785,Normal
TRP18177,1,0.06597843827452299,Normal
TRP18178,1,0.060734541822352384,Normal
TRP18179,1,0.052768527577593205,Normal
TRP18180,1,0.13732040736124584,Normal
TRP18181,1,0.17930357663673963,Normal
TRP18182,1,0.1610113192156718,Normal
TRP18183,1,0.15438205596041726,Normal
TRP18184,1,0.15922749099747863,Normal
TRP18185,1,0.0756556325918391,Normal
TRP18186,1,0.03817681535644479,Normal
TRP18187,1,0.1556863172381877,Normal
TRP18188,1,0.1796463234914234,Normal
TRP18189,1,0.1847342026905981,Normal
TRP18190,1,0.12879107471690343,Normal
TRP18191,1,0.14115669079815507,Normal
TRP18192,1,0.038486657085498144,Normal
TRP18193,1,0.05563959323862222,Normal
TRP18194,1,0.16421196372655011,Normal
TRP18195,1,0.07158548711822121,Normal
TRP18196,1,0.11611253779380976,Normal
TRP18197,1,0.16266091415548073,Normal
TRP18198,1,0.07712374525272131,Normal
TRP18199,1,0.15174164230971215,Normal
TRP18200,1,0.08478958025874045,Normal
TRP18201,1,0.10770097754917723,Normal
TRP18202,1,0.06791579747924714,Normal
TRP18203,1,0.1561161299441508,Normal
TRP18204,1,0.018138726587425325,Normal
TRP18205,1,0.049349234696350774,Normal
TRP18206,1,0.17601296408998118,Normal
TRP18207,1,0.0996570915396478,Normal
TRP18208,1,0.18062769479549523,Normal
TRP18209,1,0.08615652092086479,Normal
TRP18210,1,0.08582032712623328,Normal
TRP18211,1,0.05826983252657003,Normal
TRP18212,-1,-0.05742301316692611,Anomaly
TRP18213,1,0.15380761670677828,Normal
TRP18214,1,0.07145958872401847,Normal
TRP18215,1,0.05939145844068183,Normal
TRP18216,1,0.1759518415369914,Normal
TRP18217,1,0.13269696909210071,Normal
TRP18218,1,0.11506848068739689,Normal
TRP18219,1,0.08615652092086479,Normal
TRP18220,1,0.17318229688749076,Normal
TRP18221,1,0.10262794963017358,Normal
TRP18222,1,0.09822712402469636,Normal
TRP18223,1,0.10106708939071468,Normal
TRP18224,1,0.16108227270319925,Normal
TRP18225,1,0.16553798470665532,Normal
TRP18226,1,0.10108526152044495,Normal
TRP18227,1,0.14293720141620103,Normal
TRP18228,1,0.17358475392837647,Normal
TRP18229,1,0.15341621910278075,Normal
TRP18230,1,0.09948644838164389,Normal
TRP18231,1,0.10615116070264197,Normal
TRP18232,1,0.15000387355876327,Normal
TRP18233,1,0.1674354279930238,Normal
TRP18234,1,0.028647267555049094,Normal
TRP18235,1,0.058403479254217294,Normal
TRP18236,1,0.07225834113782992,Normal
TRP18237,1,0.11660880581761501,Normal
TRP18238,1,0.05619766636525503,Normal
TRP18239,1,0.14034446517376425,Normal
TRP18240,1,0.13555677388120813,Normal
TRP18241,1,0.044151648704749524,Normal
TRP18242,1,0.13637162579007311,Normal
TRP18243,1,0.024890296131006573,Normal
TRP18244,1,0.08681942617967586,Normal
TRP18245,1,0.14200480079123667,Normal
TRP18246,1,0.14772715559357164,Normal
TRP18247,-1,-0.0438450494034035,Anomaly
TRP18248,1,0.16484671879345153,Normal
TRP18249,-1,-0.022359282999260044,Anomaly
TRP18250,1,0.04277135199712778,Normal
TRP18251,1,0.029541045867281457,Normal
TRP18252,1,0.028453733194673814,Normal
TRP18253,1,0.15218901558702863,Normal
TRP18254,1,0.024324681033501827,Normal
TRP18255,1,0.1371212002861079,Normal
TRP18256,1,0.04950155030996317,Normal
TRP18257,1,0.1675309970936643,Normal
TRP18258,1,0.04025706560079523,Normal
TRP18259,1,0.13376795955968745,Normal
TRP18260,1,0.16692473326010326,Normal
TRP18261,1,0.015218773949596032,Normal
TRP18262,1,0.03063274625916579,Normal
TRP18263,1,0.17475556348983617,Normal
TRP18264,1,0.005437575487179602,Normal
TRP18265,1,0.0728245584250955,Normal
TRP18266,1,0.04343061633339507,Normal
TRP18267,-1,-0.009269917873624967,Anomaly
TRP18268,1,0.11823764864946978,Normal
TRP18269,1,0.06747650325030619,Normal
TRP18270,1,0.16730820284349768,Normal
TRP18271,1,0.08618598111547271,Normal
TRP18272,1,0.1370551534380549,Normal
TRP18273,1,0.16535999393703432,Normal
TRP18274,1,0.09842579319273409,Normal
TRP18275,1,0.18102685424430404,Normal
TRP18276,1,0.17930078735761207,Normal
TRP18277,1,0.1029349410225679,Normal
TRP18278,1,0.16747339115639265,Normal
TRP18279,1,0.050980100544696816,Normal
TRP18280,1,0.15325021787531096,Normal
TRP18281,1,0.10262794963017358,Normal
TRP18282,1,0.12632479962195065,Normal
TRP18283,1,0.16740021778491554,Normal
TRP18284,1,0.06274910329391592,Normal
TRP18285,1,0.05241073213701486,Normal
TRP18286,1,0.03938325188233449,Normal
TRP18287,1,0.15746958485865042,Normal
TRP18288,1,0.16395898603738734,Normal
TRP18289,1,0.06281610516059422,Normal
TRP18290,1,0.05491325998418772,Normal
TRP18291,1,0.10713641742113411,Normal
TRP18292,1,0.1521565833121899,Normal
TRP18293,1,0.09931086320197563,Normal
TRP18294,1,0.13740852463301667,Normal
TRP18295,1,0.11886290912308684,Normal
TRP18296,1,0.1741619643057598,Normal
TRP18297,-1,-0.05987298674395669,Anomaly
TRP18298,1,0.1309613337530821,Normal
TRP18299,1,0.14332554630633249,Normal
TRP18300,1,0.10554155437269963,Normal
TRP18301,1,0.050897733716169125,Normal
TRP18302,1,0.10687290764390084,Normal
TRP18303,-1,-0.06592561576461398,Anomaly
TRP18304,1,0.1370331713553426,Normal
TRP18305,1,0.09112617865828154,Normal
TRP18306,1,0.021510838196843296,Normal
TRP18307,1,0.05123484742811624,Normal
TRP18308,1,0.14739355820037853,Normal
TRP18309,1,0.18042373039588977,Normal
TRP18310,1,0.08103940732567644,Normal
TRP18311,1,0.08738320774684605,Normal
TRP18312,1,0.08265655901694835,Normal
TRP18313,1,0.16651120130696812,Normal
TRP18314,1,0.1431629201255149,Normal
TRP18315,1,0.1167742804384001,Normal
TRP18316,1,0.10089848619681463,Normal
TRP18317,1,0.06263743199319138,Normal
TRP18318,1,0.04010036424652852,Normal
TRP18319,1,0.15034273687113492,Normal
TRP18320,1,0.04657869401307857,Normal
TRP18321,1,0.09241917326280824,Normal
TRP18322,1,0.15240552984967032,Normal
TRP18323,1,0.06295432591483419,Normal
TRP18324,1,0.0872399767093619,Normal
TRP18325,1,0.026981605244675966,Normal
TRP18326,1,0.09544966487215117,Normal
TRP18327,1,0.15636538616949075,Normal
TRP18328,1,0.06867228413711335,Normal
TRP18329,1,0.16782801136788456,Normal
TRP18330,1,0.15251691904601156,Normal
TRP18331,1,0.11200045953279658,Normal
TRP18332,1,0.17066018122556081,Normal
TRP18333,1,0.10888034247625811,Normal
TRP18334,1,0.17135758943699675,Normal
TRP18335,1,0.12417755879675957,Normal
TRP18336,1,0.12456515646978084,Normal
TRP18337,1,0.15260908711696014,Normal
TRP18338,1,0.04707943622123767,Normal
TRP18339,1,0.08825450660868861,Normal
TRP18340,1,0.16747450974822214,Normal
TRP18341,1,0.13331047115476885,Normal
TRP18342,1,0.13698966480686026,Normal
TRP18343,1,0.04481845889374381,Normal
TRP18344,1,0.10198646548923257,Normal
TRP18345,1,0.09749453441474343,Normal
TRP18346,1,0.17228942095716887,Normal
TRP18347,1,0.051436131198071555,Normal
TRP18348,1,0.07610190686174972,Normal
TRP18349,1,0.09931308258972449,Normal
TRP18350,1,0.14269878352042087,Normal
TRP18351,-1,-0.022269269213486376,Anomaly
TRP18352,1,0.11796542050583997,Normal
TRP18353,1,0.1654837311128411,Normal
TRP18354,1,0.08675967105155352,Normal
TRP18355,1,0.13023712016370487,Normal
TRP18356,1,0.18048163044284699,Normal
TRP18357,1,0.050580691686462065,Normal
TRP18358,1,0.17052119529118587,Normal
TRP18359,1,0.10004340844402204,Normal
TRP18360,1,0.06824609390494396,Normal
TRP18361,1,0.162716875799439,Normal
TRP18362,1,0.10392174310840069,Normal
TRP18363,1,0.028771110662083377,Normal
TRP18364,1,0.08811987271975774,Normal
TRP18365,1,0.14904868236101582,Normal
TRP18366,1,0.12450323562836979,Normal
TRP18367,1,0.0793602193605345,Normal
TRP18368,1,0.13073564203951976,Normal
TRP18369,1,0.16628922492056858,Normal
TRP18370,1,0.007388172850947616,Normal
TRP18371,1,0.05123484742811624,Normal
TRP18372,1,0.09689578538153115,Normal
TRP18373,-1,-0.03174542933945823,Anomaly
TRP18374,1,0.06600527345750729,Normal
TRP18375,1,0.04970164801359833,Normal
TRP18376,1,0.10006596848266408,Normal
TRP18377,1,0.05788652357535662,Normal
TRP18378,1,0.15423766344942524,Normal
TRP18379,1,0.1667693635524078,Normal
TRP18380,1,0.1344880619447813,Normal
TRP18381,-1,-0.020633474673500185,Anomaly
TRP18382,1,0.15766643641469352,Normal
TRP18383,1,0.12558771740732289,Normal
TRP18384,1,0.12303606058640726,Normal
TRP18385,1,0.0725106517701487,Normal
TRP18386,1,0.18187107593585888,Normal
TRP18387,1,0.08261881927228504,Normal
TRP18388,1,0.14958688655824576,Normal
TRP18389,1,0.1578794363840028,Normal
TRP18390,1,0.11160144503195413,Normal
TRP18391,1,0.06376857591903806,Normal
TRP18392,1,0.15876720672371547,Normal
TRP18393,1,0.18517819185840206,Normal
TRP18394,1,0.17524984679881406,Normal
TRP18395,1,0.10146501019320786,Normal
TRP18396,1,0.0753698402855269,Normal
TRP18397,1,0.15509070749564285,Normal
TRP18398,1,0.06330080262823456,Normal
TRP18399,-1,-0.006762442063537488,Anomaly
TRP18400,1,0.04472518664246916,Normal
TRP18401,1,0.17641925412488246,Normal
TRP18402,1,0.07421986139633019,Normal
TRP18403,1,0.1595139331907357,Normal
TRP18404,1,0.15467658225017,Normal
TRP18405,1,0.13164916097022494,Normal
TRP18406,1,0.16653189318630574,Normal
TRP18407,1,0.15523502004718043,Normal
TRP18408,-1,-0.03331732386318953,Anomaly
TRP18409,1,0.1678517123478055,Normal
TRP18410,1,0.17943136679074823,Normal
TRP18411,1,0.13514385046298522,Normal
TRP18412,1,0.12960470090610232,Normal
TRP18413,1,0.13890844952618286,Normal
TRP18414,1,0.07870769645748582,Normal
TRP18415,1,0.17470076139946494,Normal
TRP18416,1,0.05123484742811624,Normal
TRP18417,1,0.11238781599776265,Normal
TRP18418,1,0.04117283010012518,Normal
TRP18419,1,0.02670038228825844,Normal
TRP18420,1,0.0726101469091458,Normal
TRP18421,1,0.1722489545292426,Normal
TRP18422,1,0.17070757694584865,Normal
TRP18423,1,0.07602889237077781,Normal
TRP18424,1,0.17842133155678108,Normal
TRP18425,1,0.12021043024312439,Normal
TRP18426,1,0.1177410992614853,Normal
TRP18427,1,0.173505872870925,Normal
TRP18428,1,0.06824609390494396,Normal
TRP18429,1,0.07145958872401847,Normal
TRP18430,1,0.05123484742811624,Normal
TRP18431,1,0.017094686306744933,Normal
TRP18432,1,0.014306833205785408,Normal
TRP18433,1,0.09050583659274353,Normal
TRP18434,1,0.12099734561638237,Normal
TRP18435,1,0.11474611167492671,Normal
TRP18436,1,0.10183240387890691,Normal
TRP18437,1,0.022455925564007884,Normal
TRP18438,1,0.1271477127751638,Normal
TRP18439,1,0.17304496180874268,Normal
TRP18440,1,0.15950163395884326,Normal
TRP18441,1,0.09357170904713114,Normal
TRP18442,1,0.14635473918274727,Normal
TRP18443,1,0.043805773148791416,Normal
TRP18444,1,0.08099303042227723,Normal
TRP18445,1,0.11334997302821104,Normal
TRP18446,1,0.08169955248633631,Normal
TRP18447,1,0.17163114896937848,Normal
TRP18448,1,0.08510208178062223,Normal
TRP18449,1,0.1843466347392721,Normal
TRP18450,1,0.05592462553298161,Normal
TRP18451,1,0.003690494031173719,Normal
TRP18452,1,0.11665171974227645,Normal
TRP18453,1,0.06021702050315436,Normal
TRP18454,1,0.13445669050742232,Normal
TRP18455,1,0.046029206105725806,Normal
TRP18456,1,0.03191903832212384,Normal
TRP18457,1,0.08732795123669596,Normal
TRP18458,1,0.03514369700699238,Normal
TRP18459,1,0.06981813096055667,Normal
TRP18460,1,0.11630606781097619,Normal
TRP18461,1,0.17905598828950864,Normal
TRP18462,1,0.1451040692986384,Normal
TRP18463,1,0.07586718086854338,Normal
TRP18464,1,0.10183240387890691,Normal
TRP18465,1,0.0599787840969781,Normal
TRP18466,1,0.08769518959755823,Normal
TRP18467,1,0.16065210043039158,Normal
TRP18468,1,0.15079431619005856,Normal
TRP18469,1,0.09931308258972449,Normal
TRP18470,1,0.04357812605553457,Normal
TRP18471,1,0.17071936065693172,Normal
TRP18472,1,0.017354798683412054,Normal
TRP18473,1,0.17127357270847332,Normal
TRP18474,1,0.0386987754209871,Normal
TRP18475,-1,-0.021431939042723114,Anomaly
TRP18476,1,0.1623846937325743,Normal
TRP18477,1,0.09925569941023699,Normal
TRP18478,1,0.1679807337948983,Normal
TRP18479,1,0.05134375118247314,Normal
TRP18480,1,0.1285648144047596,Normal
TRP18481,1,0.1010500582531918,Normal
TRP18482,1,0.04026749316894929,Normal
TRP18483,1,0.1376722068493405,Normal
TRP18484,-1,-0.05636093497153816,Anomaly
TRP18485,1,0.12708833112988938,Normal
TRP18486,1,0.13512506951190273,Normal
TRP18487,1,0.08096491583419801,Normal
TRP18488,1,0.07779538140216402,Normal
TRP18489,1,0.17721933160717496,Normal
TRP18490,1,0.17790536241258392,Normal
TRP18491,1,0.050267168217606906,Normal
TRP18492,1,0.17853673502377804,Normal
TRP18493,1,0.0888378962486081,Normal
TRP18494,1,0.015403561021421153,Normal
TRP18495,1,0.13896628831735058,Normal
TRP18496,1,0.10016047216605578,Normal
TRP18497,1,0.1067402920062076,Normal
TRP18498,-1,-0.021746104815493328,Anomaly
TRP18499,1,0.11064881147322125,Normal
TRP18500,1,0.058006743184094045,Normal
TRP18501,1,0.15175756467236845,Normal
TRP18502,1,0.1334753946615327,Normal
TRP18503,1,0.1770947367770832,Normal
TRP18504,1,0.10280665267881778,Normal
TRP18505,1,0.04321114349611588,Normal
TRP18506,1,0.01939486816792113,Normal
TRP18507,1,0.08534121480333573,Normal
TRP18508,1,0.11026308494516524,Normal
TRP18509,1,0.14132918020064839,Normal
TRP18510,1,0.10706614672214154,Normal
TRP18511,1,0.07444232327291522,Normal
TRP18512,1,0.041225243788012844,Normal
TRP18513,1,0.14657731601599655,Normal
TRP18514,1,0.12769208743476268,Normal
TRP18515,1,0.16623484909687364,Normal
TRP18516,1,0.10344825589100543,Normal
TRP18517,-1,-0.05729861383935586,Anomaly
TRP18518,1,0.08591341066847646,Normal
TRP18519,1,0.10479698816536981,Normal
TRP18520,1,0.10016047216605578,Normal
TRP18521,1,0.1734421846032948,Normal
TRP18522,1,0.13774127764082122,Normal
TRP18523,1,0.18077885301300883,Normal
TRP18524,1,0.10227290416071255,Normal
TRP18525,1,0.09674704045420501,Normal
TRP18526,1,0.08221743161272516,Normal
TRP18527,1,0.12445822873370221,Normal
TRP18528,1,0.1334648862449711,Normal
TRP18529,1,0.11686580283884046,Normal
TRP18530,1,0.18041088167981734,Normal
TRP18531,1,0.1405077723747804,Normal
TRP18532,1,0.0947942409420145,Normal
TRP18533,1,0.005355341169249961,Normal
TRP18534,1,0.18490051835497134,Normal
TRP18535,1,0.18224229824894506,Normal
TRP18536,1,0.11739214450184449,Normal
TRP18537,1,0.0856130282647613,Normal
TRP18538,1,0.11282134258081594,Normal
TRP18539,1,0.013126509861754121,Normal
TRP18540,1,0.15131214194120152,Normal
TRP18541,1,0.060949431690848765,Normal
TRP18542,1,0.10223036464075264,Normal
TRP18543,1,0.18121662218404777,Normal
TRP18544,1,0.17617586753764525,Normal
TRP18545,1,0.16459462131532865,Normal
TRP18546,1,0.1719351879326193,Normal
TRP18547,1,0.15603990083099212,Normal
TRP18548,1,0.052732596062851966,Normal
TRP18549,1,0.09011087234853804,Normal
TRP18550,1,0.1636232463880234,Normal
TRP18551,1,0.04787117255481799,Normal
TRP18552,1,0.1693550758949256,Normal
TRP18553,1,0.17774438528358827,Normal
TRP18554,1,0.07628688928889754,Normal
TRP18555,1,0.15120666517756837,Normal
TRP18556,1,0.09888731912189275,Normal
TRP18557,1,0.1721747448069838,Normal
TRP18558,1,0.12020742481437324,Normal
TRP18559,1,0.1526358326083972,Normal
TRP18560,1,0.16033493586079894,Normal
TRP18561,1,0.021510838196843296,Normal
TRP18562,1,0.07509347500095509,Normal
TRP18563,1,0.14360811013041552,Normal
TRP18564,1,0.10262794963017358,Normal
TRP18565,1,0.13251347914404243,Normal
TRP18566,1,0.04809691188800269,Normal
TRP18567,1,0.07421986139633019,Normal
TRP18568,1,0.16947811910704003,Normal
TRP18569,1,0.09783170545674669,Normal
TRP18570,1,0.17411726537131195,Normal
TRP18571,1,0.13518838155862423,Normal
TRP18572,1,0.12068491793506758,Normal
TRP18573,1,0.09350597659547444,Normal
TRP18574,1,0.12951248405047883,Normal
TRP18575,1,0.10952342108975888,Normal
TRP18576,1,0.010576917748336356,Normal
TRP18577,1,0.023780379223477643,Normal
TRP18578,1,0.08159997633042032,Normal
TRP18579,1,0.09123881792981575,Normal
TRP18580,1,0.1493545740041115,Normal
TRP18581,1,0.16957089454742447,Normal
TRP18582,1,0.018681724293641455,Normal
TRP18583,1,0.08159459995964863,Normal
TRP18584,1,0.15589409959982597,Normal
TRP18585,1,0.10149359153903853,Normal
TRP18586,1,0.16834713064002216,Normal
TRP18587,1,0.037937150825956945,Normal
TRP18588,-1,-0.022660908366313626,Anomaly
TRP18589,1,0.18003280319520615,Normal
TRP18590,1,0.04419529197245753,Normal
TRP18591,1,0.14641558432551144,Normal
TRP18592,1,0.07099059616310299,Normal
TRP18593,1,0.05123484742811624,Normal
TRP18594,1,0.03781329264077271,Normal
TRP18595,1,0.1591002744093053,Normal
TRP18596,1,0.05383323633426507,Normal
TRP18597,1,0.10460193754160424,Normal
TRP18598,1,0.09996718717078368,Normal
TRP18599,1,0.04908768883584835,Normal
TRP18600,1,0.06668409049650381,Normal
TRP18601,1,0.1296402951892987,Normal
TRP18602,1,0.1448184290920963,Normal
TRP18603,1,0.03570004748747302,Normal
TRP18604,1,0.11686294280277754,Normal
TRP18605,1,0.15930661882984254,Normal
TRP18606,1,0.1756746456082785,Normal
TRP18607,-1,-0.012930441563786976,Anomaly
TRP18608,1,0.15537666553009688,Normal
TRP18609,1,0.14115250747961366,Normal
TRP18610,1,0.05661108556891126,Normal
TRP18611,1,0.10391877370815167,Normal
TRP18612,1,0.06549168193734856,Normal
TRP18613,1,0.10913726381124234,Normal
TRP18614,1,0.013946044247743927,Normal
TRP18615,1,0.07554770043625791,Normal
TRP18616,-1,-0.00874993224783105,Anomaly
TRP18617,1,0.10268329299686163,Normal
TRP18618,1,0.10582125138272913,Normal
TRP18619,1,0.0586495183330803,Normal
TRP18620,1,0.0034015795386388437,Normal
TRP18621,1,0.11930794961699254,Normal
TRP18622,1,0.15850608279745992,Normal
TRP18623,1,0.027264683565324188,Normal
TRP18624,1,0.11786935931473047,Normal
TRP18625,1,0.0888033915164152,Normal
TRP18626,1,0.1417170919009308,Normal
TRP18627,-1,-0.024868198458420365,Anomaly
TRP18628,1,0.16105138771909477,Normal
TRP18629,1,0.18121958509048403,Normal
TRP18630,1,0.08847994435258166,Normal
TRP18631,1,0.15370773557995904,Normal
TRP18632,1,0.07952143909742487,Normal
TRP18633,1,0.037937150825956945,Normal
TRP18634,1,0.09125665715958076,Normal
TRP18635,1,0.180499959155195,Normal
TRP18636,1,0.09414526309436794,Normal
TRP18637,1,0.10864899347675172,Normal
TRP18638,1,0.11198516307816286,Normal
TRP18639,1,0.06974168325573527,Normal
TRP18640,1,0.09452873016582958,Normal
TRP18641,-1,-0.0060432978136735205,Anomaly
TRP18642,1,0.17524615781098957,Normal
TRP18643,-1,-0.10739850323602451,Anomaly
TRP18644,1,0.05311033307695889,Normal
TRP18645,1,0.11662568664982831,Normal
TRP18646,1,0.14875263036551406,Normal
TRP18647,1,0.09258610681578539,Normal
TRP18648,1,0.08070994289056732,Normal
TRP18649,1,0.15479596490193603,Normal
TRP18650,1,0.13003557066955135,Normal
TRP18651,1,0.025573296484658226,Normal
TRP18652,1,0.05123484742811624,Normal
TRP18653,1,0.16830623899506225,Normal
TRP18654,1,0.04848469118336207,Normal
TRP18655,1,0.17118860880426617,Normal
TRP18656,1,0.10032602722784778,Normal
TRP18657,1,0.16772236443897198,Normal
TRP18658,-1,-0.043155109140452064,Anomaly
TRP18659,1,0.09735643750523326,Normal
TRP18660,1,0.0388989602436306,Normal
TRP18661,1,0.1165876726982693,Normal
TRP18662,-1,-0.0037189310923119168,Anomaly
TRP18663,1,0.043829696882234925,Normal
TRP18664,1,0.08337289365236411,Normal
TRP18665,1,0.11163622779443622,Normal
TRP18666,1,0.0017875901683522821,Normal
TRP18667,1,0.16924634588544563,Normal
TRP18668,1,0.0988313365264622,Normal
TRP18669,1,0.1667174195340702,Normal
TRP18670,1,0.0436605434389854,Normal
TRP18671,1,0.1668870669182314,Normal
TRP18672,1,0.12478330050208919,Normal
TRP18673,1,0.12312711106151392,Normal
TRP18674,1,0.10087774131619343,Normal
TRP18675,1,0.013329247421003165,Normal
TRP18676,1,0.05661108556891126,Normal
TRP18677,1,0.125802591212119,Normal
TRP18678,-1,-0.012328594461172848,Anomaly
TRP18679,1,0.14531615567235256,Normal
TRP18680,1,0.10495581915967706,Normal
TRP18681,1,0.16236613303598546,Normal
TRP18682,1,0.16023151236485644,Normal
TRP18683,1,0.0573882964590996,Normal
TRP18684,1,0.12291789938940573,Normal
TRP18685,1,0.09009836607658445,Normal
TRP18686,1,0.044737123740430595,Normal
TRP18687,1,0.10957691623058324,Normal
TRP18688,1,0.019830394264882867,Normal
TRP18689,1,0.17314502199692183,Normal
TRP18690,1,0.09241173967229266,Normal
TRP18691,1,0.11719985138401717,Normal
TRP18692,1,0.07484639317016284,Normal
TRP18693,1,0.16564301609622678,Normal
TRP18694,1,0.12480142814250966,Normal
TRP18695,1,0.13881354751796915,Normal
TRP18696,1,0.1671696075901914,Normal
TRP18697,1,0.08872096017544168,Normal
TRP18698,1,0.11137501862108568,Normal
TRP18699,1,0.14743010814826824,Normal
TRP18700,1,0.0684899632311946,Normal
TRP18701,1,0.17907412076576684,Normal
TRP18702,1,0.1564349682986178,Normal
TRP18703,1,0.11391014673631417,Normal
TRP18704,1,0.181678797413604,Normal
TRP18705,1,0.05946844438207577,Normal
TRP18706,1,0.0930967060227717,Normal
TRP18707,-1,-0.018829519020353458,Anomaly
TRP18708,1,0.10853278750537143,Normal
TRP18709,-1,-0.017254449915364622,Anomaly
TRP18710,1,0.141006271599593,Normal
TRP18711,1,0.17962796005417309,Normal
TRP18712,1,0.059363707691016177,Normal
TRP18713,1,0.14651646724551393,Normal
TRP18714,1,0.09218936860681487,Normal
TRP18715,1,0.09562935352554014,Normal
TRP18716,1,0.11758286601448908,Normal
TRP18717,1,0.15265454617754626,Normal
TRP18718,1,0.1630065230402829,Normal
TRP18719,1,0.09125665715958076,Normal
TRP18720,1,0.04059244326337119,Normal
TRP18721,1,0.0757514088443314,Normal
TRP18722,1,0.10150791016471278,Normal
TRP18723,1,0.15246684684488476,Normal
TRP18724,1,0.17067731470756053,Normal
TRP18725,1,0.12292204230897019,Normal
TRP18726,1,0.13888158393971312,Normal
TRP18727,1,0.14718103238818597,Normal
TRP18728,1,0.15614516076700374,Normal
TRP18729,1,0.025270011857606467,Normal
TRP18730,1,0.17631804867373596,Normal
TRP18731,1,0.14010542266232917,Normal
TRP18732,1,0.07062106644144162,Normal
TRP18733,1,0.06549168193734856,Normal
TRP18734,1,0.13760371939920035,Normal
TRP18735,1,0.1028611808797193,Normal
TRP18736,1,0.0619419995375573,Normal
TRP18737,-1,-0.03501145553901808,Anomaly
TRP18738,1,0.08666199400600422,Normal
TRP18739,1,0.09821113445738461,Normal
TRP18740,1,0.11392476817748881,Normal
TRP18741,1,0.08943468567708057,Normal
TRP18742,1,0.1541434007197543,Normal
TRP18743,1,0.14998448733967668,Normal
TRP18744,1,0.07149225041724772,Normal
TRP18745,-1,-0.015019004197602381,Anomaly
TRP18746,1,0.13167787203481196,Normal
TRP18747,1,0.11741253013415437,Normal
TRP18748,1,0.14773667820078906,Normal
TRP18749,1,0.17140630639770765,Normal
TRP18750,1,0.06021702050315436,Normal
TRP18751,-1,-0.024482565083691954,Anomaly
TRP18752,1,0.15525661123518708,Normal
TRP18753,1,0.15595743843042342,Normal
TRP18754,1,0.09483435661638967,Normal
TRP18755,1,0.08407080317581495,Normal
TRP18756,1,0.16463844994637922,Normal
TRP18757,1,0.10379079399880575,Normal
TRP18758,1,0.08714987834778498,Normal
TRP18759,1,0.16086817632418116,Normal
TRP18760,1,0.09562935352554014,Normal
TRP18761,1,0.027927027231765544,Normal
TRP18762,1,0.17681047899039343,Normal
TRP18763,1,0.12335569118146084,Normal
TRP18764,-1,-0.008833356258509784,Anomaly
TRP18765,1,0.10131600737455365,Normal
TRP18766,1,0.05123484742811624,Normal
TRP18767,1,0.04233757186462006,Normal
TRP18768,1,0.13834268742249556,Normal
TRP18769,1,0.10089848619681463,Normal
TRP18770,1,0.09652946072833263,Normal
TRP18771,1,0.11496323377323303,Normal
TRP18772,1,0.012962866996330424,Normal
TRP18773,1,0.17894260676893697,Normal
TRP18774,1,0.12425666423277976,Normal
TRP18775,1,0.05391099704253921,Normal
TRP18776,1,0.1481872455350458,Normal
TRP18777,1,0.03823372714840656,Normal
TRP18778,1,0.09452873016582958,Normal
TRP18779,1,0.15953052010949287,Normal
TRP18780,1,0.06987511989508555,Normal
TRP18781,1,0.16648235274820894,Normal
TRP18782,1,0.09077341649641318,Normal
TRP18783,1,0.10214387038892897,Normal
TRP18784,-1,-0.019835675694478194,Anomaly
TRP18785,-1,-0.03814877335431266,Anomaly
TRP18786,1,0.10563938294347625,Normal
TRP18787,1,0.11539390318080461,Normal
TRP18788,1,0.07439075330090972,Normal
TRP18789,1,0.09248767701633892,Normal
TRP18790,1,0.1791325734868795,Normal
TRP18791,1,0.06172137001235545,Normal
TRP18792,1,0.09995433064521869,Normal
TRP18793,1,0.07215459139834557,Normal
TRP18794,1,0.10258890085816197,Normal
TRP18795,1,0.1438086092399331,Normal
TRP18796,1,0.10581499862206162,Normal
TRP18797,1,0.04462483815099605,Normal
TRP18798,1,0.09938277237389476,Normal
TRP18799,1,0.15977851670707782,Normal
TRP18800,1,0.08480343171752386,Normal
TRP18801,1,0.09747582279205053,Normal
TRP18802,1,0.11357235296100238,Normal
TRP18803,1,0.0902891221094203,Normal
TRP18804,1,0.08537727183076765,Normal
TRP18805,1,0.07602889237077781,Normal
TRP18806,1,0.09822152203624657,Normal
TRP18807,1,0.016504608173803725,Normal
TRP18808,1,0.13423610239953665,Normal
TRP18809,1,0.09077422703590338,Normal
TRP18810,1,0.17801593468689392,Normal
TRP18811,1,0.17893167456734904,Normal
TRP18812,1,0.18085260364344297,Normal
TRP18813,1,0.12554864596322135,Normal
TRP18814,1,0.11665334798536592,Normal
TRP18815,-1,-0.01107569128847441,Anomaly
TRP18816,1,0.07484639317016284,Normal
TRP18817,1,0.03956788776781495,Normal
TRP18818,1,0.14133092078942988,Normal
TRP18819,1,0.05177780868416215,Normal
TRP18820,1,0.09201385507058624,Normal
TRP18821,1,0.12882134388847777,Normal
TRP18822,1,0.11310906750998895,Normal
TRP18823,1,0.07877623100640035,Normal
TRP18824,1,0.07337070120415312,Normal
TRP18825,1,0.13079943658076093,Normal
TRP18826,1,0.14344266589610183,Normal
TRP18827,1,0.13232411922969145,Normal
TRP18828,1,0.1580895723954639,Normal
TRP18829,1,0.0716442416845412,Normal
TRP18830,1,0.15364996145796883,Normal
TRP18831,1,0.09659625673995875,Normal
TRP18832,1,0.16362640418434488,Normal
TRP18833,1,0.18005813078761657,Normal
TRP18834,1,0.01971389919795752,Normal
TRP18835,1,0.12466802183104175,Normal
TRP18836,1,0.0785791634320187,Normal
TRP18837,-1,-0.037673836467966515,Anomaly
TRP18838,1,0.05000642485642348,Normal
TRP18839,1,0.06433245692993872,Normal
TRP18840,1,0.11162343841972977,Normal
TRP18841,1,0.17193934723754095,Normal
TRP18842,1,0.16055498924483258,Normal
TRP18843,1,0.11840866429653274,Normal
TRP18844,1,0.05123484742811624,Normal
TRP18845,1,0.17286180134079482,Normal
TRP18846,1,0.15589490634151493,Normal
TRP18847,1,0.05123484742811624,Normal
TRP18848,1,0.18073039378765016,Normal
TRP18849,1,0.09884836778555783,Normal
TRP18850,1,0.04480196720680141,Normal
TRP18851,1,0.1609654473784528,Normal
TRP18852,1,0.07070031351828554,Normal
TRP18853,1,0.15957686751004974,Normal
TRP18854,1,0.025573296484658226,Normal
TRP18855,1,0.12503230020959016,Normal
TRP18856,1,0.08678495465458191,Normal
TRP18857,1,0.14949959755167253,Normal
TRP18858,1,0.14133836117034165,Normal
TRP18859,1,0.10012263268176208,Normal
TRP18860,1,0.12544210002158784,Normal
TRP18861,1,0.10165896111559303,Normal
TRP18862,1,0.09714911523883624,Normal
TRP18863,1,0.14941076883302867,Normal
TRP18864,1,0.07337070120415312,Normal
TRP18865,1,0.16625098682878509,Normal
TRP18866,1,0.007664330920203244,Normal
TRP18867,1,0.16313903335742697,Normal
TRP18868,1,0.09820394859414383,Normal
TRP18869,1,0.09350597659547444,Normal
TRP18870,1,0.17775503889327976,Normal
TRP18871,1,0.13222991592689715,Normal
TRP18872,1,0.008262617636008884,Normal
TRP18873,-1,-0.042823790128106554,Anomaly
TRP18874,1,0.013919473648661307,Normal
TRP18875,1,0.03740478321902929,Normal
TRP18876,1,0.12558292576454683,Normal
TRP18877,1,0.09365938084531639,Normal
TRP18878,1,0.1650297661051499,Normal
TRP18879,1,0.09090260416869245,Normal
TRP18880,1,0.05630671492601025,Normal
TRP18881,1,0.054217087176971934,Normal
TRP18882,1,0.023693080168512348,Normal
TRP18883,1,0.05123484742811624,Normal
TRP18884,1,0.0920609115139634,Normal
TRP18885,1,0.0684899632311946,Normal
TRP18886,1,0.08508671898599174,Normal
TRP18887,1,0.10183240387890691,Normal
TRP18888,1,0.050580691686462065,Normal
TRP18889,1,0.11741060950705623,Normal
TRP18890,1,0.09357170904713114,Normal
TRP18891,-1,-0.0031151492527636826,Anomaly
TRP18892,1,0.06981813096055667,Normal
TRP18893,1,0.0031815849128024043,Normal
TRP18894,1,0.10123268058111312,Normal
TRP18895,-1,-0.0041193026430979,Anomaly
TRP18896,1,0.14227886903989845,Normal
TRP18897,1,0.15157091270888773,Normal
TRP18898,1,0.15475446457403014,Normal
TRP18899,1,0.10106708939071468,Normal
TRP18900,1,0.034026986945516424,Normal
TRP18901,1,0.03578642344408711,Normal
TRP18902,1,0.021612211699035044,Normal
TRP18903,1,0.13076531227856075,Normal
TRP18904,1,0.05011673605040767,Normal
TRP18905,1,0.1816363476328708,Normal
TRP18906,1,0.11948373152335323,Normal
TRP18907,1,0.15280368271084827,Normal
TRP18908,-1,-0.13085640550301914,Anomaly
TRP18909,1,0.07493783924070041,Normal
TRP18910,1,0.16645127698608192,Normal
TRP18911,1,0.13753658338698754,Normal
TRP18912,1,0.07182203790063346,Normal
TRP18913,1,0.1516740298274843,Normal
TRP18914,1,0.14697465995452802,Normal
TRP18915,1,0.08312580452530571,Normal
TRP18916,1,0.12660824546768246,Normal
TRP18917,1,0.1321912619712673,Normal
TRP18918,1,0.15917821681775635,Normal
TRP18919,1,0.1701011600600218,Normal
TRP18920,1,0.033021121460063196,Normal
TRP18921,1,0.07070031351828554,Normal
TRP18922,1,0.08261881927228504,Normal
TRP18923,1,0.05391099704253921,Normal
TRP18924,1,0.10214387038892897,Normal
TRP18925,1,0.05759609209893857,Normal
TRP18926,1,0.049625576561370455,Normal
TRP18927,1,0.08558189178907666,Normal
TRP18928,1,0.09314802327222271,Normal
TRP18929,1,0.043459749370612366,Normal
TRP18930,1,0.1100531990928521,Normal
TRP18931,1,0.08095049021211992,Normal
TRP18932,1,0.17116989463817428,Normal
TRP18933,1,0.13071901993486268,Normal
TRP18934,1,0.1701726512542075,Normal
TRP18935,1,0.10391152406009907,Normal
TRP18936,1,0.10848551184017535,Normal
TRP18937,1,0.0753698402855269,Normal
TRP18938,1,0.1650767248942831,Normal
TRP18939,1,0.02254915883912867,Normal
TRP18940,1,0.0316665428400148,Normal
TRP18941,1,0.18387244796091695,Normal
TRP18942,1,0.18138585411604918,Normal
TRP18943,1,0.09397259188838863,Normal
TRP18944,1,0.04543884218086758,Normal
TRP18945,1,0.14747102183082555,Normal
TRP18946,1,0.11400892824188741,Normal
TRP18947,1,0.030120750104223326,Normal
TRP18948,1,0.07471558538789436,Normal
TRP18949,1,0.08261881927228504,Normal
TRP18950,-1,-0.04360265241876671,Anomaly
TRP18951,1,0.12330312186398334,Normal
TRP18952,1,0.14885540671365433,Normal
TRP18953,1,0.17692268393185956,Normal
TRP18954,1,0.11655960265751009,Normal
TRP18955,1,0.13930171826730864,Normal
TRP18956,1,0.14617659509004333,Normal
TRP18957,1,0.09532420504535982,Normal
TRP18958,1,0.05123484742811624,Normal
TRP18959,-1,-0.023772125038617697,Anomaly
TRP18960,1,0.14209468732282865,Normal
TRP18961,1,0.1755714149382253,Normal
TRP18962,1,0.02836962235289986,Normal
TRP18963,1,0.025969589346105493,Normal
TRP18964,1,0.0921115370832194,Normal
TRP18965,1,0.12994850831595778,Normal
TRP18966,1,0.18010835991307522,Normal
TRP18967,1,0.1769875474790133,Normal
TRP18968,1,0.168033704864391,Normal
TRP18969,1,0.01939486816792113,Normal
TRP18970,1,0.009680987750699921,Normal
TRP18971,1,0.07602889237077781,Normal
TRP18972,1,0.021510838196843296,Normal
TRP18973,1,0.14140652597843706,Normal
TRP18974,-1,-0.022432041102159905,Anomaly
TRP18975,1,0.10379079399880575,Normal
TRP18976,1,0.09941204688560512,Normal
TRP18977,1,0.10315930059119566,Normal
TRP18978,1,0.14810407431587613,Normal
TRP18979,1,0.17651950890346862,Normal
TRP18980,1,0.09931308258972449,Normal
TRP18981,1,0.11330675550163921,Normal
TRP18982,1,0.05123484742811624,Normal
TRP18983,1,0.09807527630321367,Normal
TRP18984,1,0.12658827784563947,Normal
TRP18985,-1,-0.05152098356722912,Anomaly
TRP18986,1,0.1427487220853364,Normal
TRP18987,1,0.17186274951924813,Normal
TRP18988,1,0.10508478545362088,Normal
TRP18989,1,0.13036378895516793,Normal
TRP18990,1,0.06626521383694195,Normal
TRP18991,1,0.17899290544065216,Normal
TRP18992,1,0.15133543396049082,Normal
TRP18993,1,0.13326247840270716,Normal
TRP18994,1,0.13510420134207035,Normal
TRP18995,1,0.09356742802025053,Normal
TRP18996,1,0.14697951307882057,Normal
TRP18997,1,0.17157469829128996,Normal
TRP18998,-1,-0.012500884856102235,Anomaly
TRP18999,1,0.009441835057283576,Normal
TRP19000,1,0.02673851760246504,Normal
TRP19001,1,0.1268314631949215,Normal
TRP19002,-1,-0.014989078971488934,Anomaly
TRP19003,1,0.16639550528115293,Normal
TRP19004,1,0.14058450738073902,Normal
TRP19005,1,0.1749290205193038,Normal
TRP19006,1,0.1232761359734374,Normal
TRP19007,-1,-0.0012607904334229758,Anomaly
TRP19008,-1,-0.023069098275322775,Anomaly
TRP19009,1,0.0922263256972839,Normal
TRP19010,1,0.05118049041581285,Normal
TRP19011,1,0.07150439809067366,Normal
TRP19012,1,0.1626842472504732,Normal
TRP19013,1,0.08872096017544168,Normal
TRP19014,1,0.039661869902745894,Normal
TRP19015,1,0.08783442839458916,Normal
TRP19016,1,0.13197634619514736,Normal
TRP19017,1,0.17101527127416544,Normal
TRP19018,1,0.14766029432842737,Normal
TRP19019,1,0.13389326132444446,Normal
TRP19020,1,0.007664330920203244,Normal
TRP19021,-1,-0.04168202745050231,Anomaly
TRP19022,1,0.10106708939071468,Normal
TRP19023,1,0.16369170484810858,Normal
TRP19024,1,0.06667351112983522,Normal
TRP19025,1,0.1544334343963667,Normal
TRP19026,1,0.06311107100276003,Normal
TRP19027,1,0.1816001910120113,Normal
TRP19028,1,0.07444232327291522,Normal
TRP19029,1,0.07522384654558689,Normal
TRP19030,1,0.05461601593404153,Normal
TRP19031,1,0.08811211689286735,Normal
TRP19032,1,0.18225310507457826,Normal
TRP19033,1,0.17386483463809016,Normal
TRP19034,1,0.07361029519873341,Normal
TRP19035,1,0.04940730550904837,Normal
TRP19036,1,0.18218203568668023,Normal
TRP19037,1,0.024324681033501827,Normal
TRP19038,1,0.09492405558564326,Normal
TRP19039,1,0.14614406114827394,Normal
TRP19040,-1,-0.12866896138365014,Anomaly
TRP19041,1,0.021081186066127855,Normal
TRP19042,1,0.16295600961844225,Normal
TRP19043,1,0.1222340635308874,Normal
TRP19044,1,0.15097856657524694,Normal
TRP19045,1,0.15027449032612356,Normal
TRP19046,1,0.17058039359283034,Normal
TRP19047,1,0.18248296516934565,Normal
TRP19048,1,0.11549503838526426,Normal
TRP19049,1,0.12627924960807152,Normal
TRP19050,-1,-0.054026455545471475,Anomaly
TRP19051,1,0.0924771007707868,Normal
TRP19052,-1,-0.006634661234814487,Anomaly
TRP19053,1,0.0631473975380289,Normal
TRP19054,1,0.18079231914306376,Normal
TRP19055,1,0.105597742578173,Normal
TRP19056,1,0.03541192307297092,Normal
TRP19057,1,0.02218538641587775,Normal
TRP19058,1,0.09468028584194321,Normal
TRP19059,1,0.03127867280898122,Normal
TRP19060,1,0.15648290978752166,Normal
TRP19061,1,0.14962669099746806,Normal
TRP19062,-1,-0.05085363466728898,Anomaly
TRP19063,1,0.08456130889655478,Normal
TRP19064,1,0.15144214976698078,Normal
TRP19065,1,0.0005130287582695292,Normal
TRP19066,1,0.16287158359419524,Normal
TRP19067,1,0.1211518364065381,Normal
TRP19068,1,0.08608973597444708,Normal
TRP19069,1,0.15153322470339192,Normal
TRP19070,1,0.10379079399880575,Normal
TRP19071,1,0.14110745277212333,Normal
TRP19072,1,0.061672030097884245,Normal
TRP19073,1,0.038219478490799874,Normal
TRP19074,1,0.17055833153645916,Normal
TRP19075,1,0.1854057261691368,Normal
TRP19076,1,0.14155283467672813,Normal
TRP19077,1,0.17551860729941388,Normal
TRP19078,1,0.17235239520351703,Normal
TRP19079,1,0.11468609731414325,Normal
TRP19080,1,0.03893035068762818,Normal
TRP19081,-1,-0.012930441563786976,Anomaly
TRP19082,1,0.04396992257688137,Normal
TRP19083,1,0.07448003039648232,Normal
TRP19084,1,0.14010993217894235,Normal
TRP19085,1,0.026734896163019606,Normal
TRP19086,1,0.18197265421878545,Normal
TRP19087,1,0.18553516872691928,Normal
TRP19088,1,0.09447161876446236,Normal
TRP19089,1,0.06668409049650381,Normal
TRP19090,1,0.15228480706829778,Normal
TRP19091,1,0.04721623589599955,Normal
TRP19092,1,0.12822951193377768,Normal
TRP19093,1,0.17944590922528264,Normal
TRP19094,1,0.06670302247411175,Normal
TRP19095,1,0.13269643533411685,Normal
TRP19096,1,0.15695413976703287,Normal
TRP19097,1,0.1761743324740988,Normal
TRP19098,1,0.17701842728531764,Normal
TRP19099,1,0.17551255080013445,Normal
TRP19100,1,0.07187457790100005,Normal
TRP19101,1,0.028904550552865782,Normal
TRP19102,1,0.051321353305291195,Normal
TRP19103,1,0.10225116824566971,Normal
TRP19104,1,0.06690389468332658,Normal
TRP19105,1,0.15547969405738532,Normal
TRP19106,1,0.18013490268159843,Normal
TRP19107,1,0.18078628729310714,Normal
TRP19108,1,0.0757514088443314,Normal
TRP19109,1,0.12920346507458902,Normal
TRP19110,1,0.1575961484365006,Normal
TRP19111,-1,-0.0769259302153652,Anomaly
TRP19112,1,0.10040653430072533,Normal
TRP19113,1,0.05123484742811624,Normal
TRP19114,1,0.16202680766368427,Normal
TRP19115,1,0.016273558005735933,Normal
TRP19116,1,0.048751285480800655,Normal
TRP19117,1,0.16839187661752608,Normal
TRP19118,1,0.10793258060686473,Normal
TRP19119,1,0.09644767830862538,Normal
TRP19120,1,0.1555521320254386,Normal
TRP19121,1,0.04602975800190334,Normal
TRP19122,1,0.09218936860681487,Normal
TRP19123,-1,-0.008503497592642462,Anomaly
TRP19124,1,0.08708896103841113,Normal
TRP19125,1,0.0631794925314445,Normal
TRP19126,-1,-0.00874993224783105,Anomaly
TRP19127,1,0.11690944062142039,Normal
TRP19128,1,0.04233757186462006,Normal
TRP19129,1,0.024890296131006573,Normal
TRP19130,1,0.1127295891073839,Normal
TRP19131,1,0.11548196643030229,Normal
TRP19132,1,0.1227323702462797,Normal
TRP19133,1,0.10972754190387529,Normal
TRP19134,1,0.12419806854863347,Normal
TRP19135,1,0.11863419408371856,Normal
TRP19136,1,0.07305605080657918,Normal
TRP19137,1,0.0569227792973549,Normal
TRP19138,1,0.14022732340040212,Normal
TRP19139,1,0.0785791634320187,Normal
TRP19140,1,0.09621845134637746,Normal
TRP19141,1,0.1800095876354672,Normal
TRP19142,1,0.17769028711535456,Normal
TRP19143,1,0.16515134653263086,Normal
TRP19144,1,0.18600492162960375,Normal
TRP19145,1,0.16450320000914442,Normal
TRP19146,1,0.08337953149576971,Normal
TRP19147,1,0.10226613399085666,Normal
TRP19148,1,0.03934315220506923,Normal
TRP19149,-1,-0.011991780006228692,Anomaly
TRP19150,1,0.11374683672021069,Normal
TRP19151,1,0.0031815849128024043,Normal
TRP19152,1,0.01649380114180299,Normal
TRP19153,1,0.07471558538789436,Normal
TRP19154,1,0.05448258034996567,Normal
TRP19155,1,0.1445817412930826,Normal
TRP19156,-1,-0.029935332904447054,Anomaly
TRP19157,1,0.1504183752474757,Normal
TRP19158,1,0.1266196692765002,Normal
TRP19159,1,0.12810454980360952,Normal
TRP19160,1,0.0705637308453444,Normal
TRP19161,-1,-0.014331156936103873,Anomaly
TRP19162,1,0.09548012820735641,Normal
TRP19163,1,0.15895955683924745,Normal
TRP19164,1,0.1726525352799237,Normal
TRP19165,1,0.13457693847614394,Normal
TRP19166,1,0.1466101027359445,Normal
TRP19167,1,0.16215578600554914,Normal
TRP19168,1,0.039661869902745894,Normal
TRP19169,1,0.14356802957576842,Normal
TRP19170,1,0.0920609115139634,Normal
TRP19171,1,0.07528012865361822,Normal
TRP19172,1,0.06686255637491878,Normal
TRP19173,1,0.09562314665348531,Normal
TRP19174,1,0.10777678044793204,Normal
TRP19175,1,0.11969291486704098,Normal
TRP19176,1,0.07440137701682381,Normal
TRP19177,-1,-0.0005517753525474678,Anomaly
TRP19178,1,0.07455488289997936,Normal
TRP19179,1,0.17101861901007065,Normal
TRP19180,1,0.058564853703394704,Normal
TRP19181,1,0.010213697146043588,Normal
TRP19182,1,0.0757514088443314,Normal
TRP19183,1,0.13610720354026745,Normal
TRP19184,1,0.12661492124598278,Normal
TRP19185,1,0.09419746474943069,Normal
TRP19186,1,0.0767898677584567,Normal
TRP19187,1,0.09918203264921593,Normal
TRP19188,1,0.1508685539796807,Normal
TRP19189,1,0.05604397689266827,Normal
TRP19190,1,0.0004538605768179549,Normal
TRP19191,1,0.15483379918847173,Normal
TRP19192,1,0.10120758562476795,Normal
TRP19193,1,0.08419314487958313,Normal
TRP19194,1,0.16251271027180958,Normal
TRP19195,1,0.10833573189334222,Normal
TRP19196,1,0.14950102341468519,Normal
TRP19197,1,0.1574713284077861,Normal
TRP19198,1,0.0355523329363614,Normal
TRP19199,1,0.1299272145733391,Normal
TRP19200,1,0.04396992257688137,Normal
TRP19201,1,0.12191864519568751,Normal
TRP19202,1,0.11488173467442292,Normal
TRP19203,1,0.099909221325442,Normal
TRP19204,-1,-0.02351170178802653,Anomaly
TRP19205,1,0.07628688928889754,Normal
TRP19206,1,0.16917016661106965,Normal
TRP19207,1,0.07283587115412105,Normal
TRP19208,1,0.16096345696222508,Normal
TRP19209,1,0.06874491054862764,Normal
TRP19210,1,0.12370937514213581,Normal
TRP19211,1,0.07484639317016284,Normal
TRP19212,1,0.18491348111924033,Normal
TRP19213,1,0.028137043358316904,Normal
TRP19214,1,0.09357170904713114,Normal
TRP19215,-1,-0.0432243218178342,Anomaly
TRP19216,1,0.05964558179571944,Normal
TRP19217,1,0.14760591847613125,Normal
TRP19218,1,0.09504363411917538,Normal
TRP19219,1,0.18102187688238364,Normal
TRP19220,1,0.06616978117419037,Normal
TRP19221,1,0.06881201781485013,Normal
TRP19222,1,0.16890201677859618,Normal
TRP19223,1,0.10421685868878738,Normal
TRP19224,1,0.13553898626663757,Normal
TRP19225,1,0.14641237923293426,Normal
TRP19226,1,0.1693897386763517,Normal
TRP19227,1,0.07777234399775262,Normal
TRP19228,-1,-0.02143640834809013,Anomaly
TRP19229,1,0.007146217241265851,Normal
TRP19230,1,0.08590555968441049,Normal
TRP19231,1,0.09399421062268976,Normal
TRP19232,1,0.16879658345153836,Normal
TRP19233,1,0.11401824327279458,Normal
TRP19234,1,0.12283583117304586,Normal
TRP19235,1,0.0757514088443314,Normal
TRP19236,1,0.09014486286948442,Normal
TRP19237,1,0.09347018621775721,Normal
TRP19238,1,0.15356719546280434,Normal
TRP19239,1,0.16393770331011953,Normal
TRP19240,1,0.14099305814354174,Normal
TRP19241,1,0.12190263985335792,Normal
TRP19242,1,0.04549545596980109,Normal
TRP19243,1,0.15791682911080718,Normal
TRP19244,1,0.1186679033080742,Normal
TRP19245,1,0.0388989602436306,Normal
TRP19246,1,0.07412420124228114,Normal
TRP19247,1,0.1336816459147684,Normal
TRP19248,1,0.15663580620754602,Normal
TRP19249,1,0.16209612097013193,Normal
TRP19250,1,0.09241917326280824,Normal
TRP19251,1,0.023977579223371293,Normal
TRP19252,1,0.16320726723570578,Normal
TRP19253,1,0.1717153508632966,Normal
TRP19254,1,0.08041614173589534,Normal
TRP19255,-1,-0.05554013292368298,Anomaly
TRP19256,1,0.08881777421555681,Normal
TRP19257,1,0.11331014277082258,Normal
TRP19258,1,0.18102405350608886,Normal
TRP19259,1,0.1840910329265371,Normal
TRP19260,1,0.049625576561370455,Normal
TRP19261,1,0.16361887714085938,Normal
TRP19262,1,0.08449018121006036,Normal
TRP19263,1,0.04695761079926242,Normal
TRP19264,1,0.1356074486642599,Normal
TRP19265,1,0.1493025392755794,Normal
TRP19266,1,0.13163256306943816,Normal
TRP19267,1,0.1645780806460232,Normal
TRP19268,1,0.11414955724338105,Normal
TRP19269,1,0.16816017198926814,Normal
TRP19270,1,0.08666199400600422,Normal
TRP19271,1,0.05123484742811624,Normal
TRP19272,1,0.15184428095314367,Normal
TRP19273,1,0.06958156500226709,Normal
TRP19274,1,0.03751391981036667,Normal
TRP19275,1,0.16408607463113584,Normal
TRP19276,1,0.17087931996940647,Normal
TRP19277,1,0.17592772185355793,Normal
TRP19278,1,0.10016047216605578,Normal
TRP19279,1,0.08375891527086488,Normal
TRP19280,1,0.0996570915396478,Normal
TRP19281,1,0.10810774224809022,Normal
TRP19282,1,0.11824685428535081,Normal
TRP19283,1,0.10558313467562985,Normal
TRP19284,1,0.12105485926462656,Normal
TRP19285,1,0.05233622090254364,Normal
TRP19286,1,0.08644625333436462,Normal
TRP19287,1,0.11835660201261733,Normal
TRP19288,1,0.1140042470097184,Normal
TRP19289,1,0.06040910905231345,Normal
TRP19290,1,0.1608231453635981,Normal
TRP19291,1,0.10863595434690165,Normal
TRP19292,1,0.08162830611185051,Normal
TRP19293,1,0.1455522544842155,Normal
TRP19294,1,0.09829029375918119,Normal
TRP19295,1,0.11453653781049244,Normal
TRP19296,1,0.08859997299912875,Normal
TRP19297,-1,-0.07648326657019566,Anomaly
TRP19298,1,0.0838718943939718,Normal
TRP19299,1,0.15779784184237017,Normal
TRP19300,1,0.1719641017275932,Normal
TRP19301,1,0.05992603602721491,Normal
TRP19302,1,0.12697846770000198,Normal
TRP19303,1,0.17084089824555537,Normal
TRP19304,1,0.17318284001844686,Normal
TRP19305,1,0.06692156768577529,Normal
TRP19306,1,0.1613329416958142,Normal
TRP19307,1,0.1419222754449393,Normal
TRP19308,1,0.040282288187137305,Normal
TRP19309,1,0.14384888292244663,Normal
TRP19310,1,0.11234455144334121,Normal
TRP19311,1,0.03433333887847889,Normal
TRP19312,1,0.13625866140667764,Normal
TRP19313,1,0.12418789657807594,Normal
TRP19314,1,0.1523749839850586,Normal
TRP19315,-1,-0.010773259936603274,Anomaly
TRP19316,1,0.08964034757754163,Normal
TRP19317,1,0.14559851956981174,Normal
TRP19318,1,0.1700774524374124,Normal
TRP19319,1,0.17793572452872197,Normal
TRP19320,1,0.1632785579682406,Normal
TRP19321,1,0.16466355358480317,Normal
TRP19322,1,0.03510419060727532,Normal
TRP19323,1,0.050580691686462065,Normal
TRP19324,1,0.09397259188838863,Normal
TRP19325,1,0.039260035588293385,Normal
TRP19326,1,0.17588250583193332,Normal
TRP19327,1,0.09350597659547444,Normal
TRP19328,1,0.0945131526631629,Normal
TRP19329,1,0.07225834113782992,Normal
TRP19330,-1,-0.012451937832727467,Anomaly
TRP19331,1,0.030383444586869257,Normal
TRP19332,1,0.09794074191420882,Normal
TRP19333,1,0.10379079399880575,Normal
TRP19334,1,0.15495944071344392,Normal
TRP19335,1,0.16161690232684095,Normal
TRP19336,1,0.17948640741120658,Normal
TRP19337,1,0.15139774923926935,Normal
TRP19338,1,0.02254915883912867,Normal
TRP19339,1,0.10088448499433694,Normal
TRP19340,1,0.16542536694122179,Normal
TRP19341,1,0.12731097140555975,Normal
TRP19342,1,0.1822373871869844,Normal
TRP19343,1,0.017034420258556726,Normal
TRP19344,1,0.07528190129796242,Normal
TRP19345,1,0.09931308258972449,Normal
TRP19346,1,0.07877040707500277,Normal
TRP19347,1,0.011841502964236805,Normal
TRP19348,1,0.16394475962943156,Normal
TRP19349,1,0.15779762125519292,Normal
TRP19350,1,0.13034494602333074,Normal
TRP19351,1,0.11436061767595829,Normal
TRP19352,1,0.12130187657291613,Normal
TRP19353,1,0.049081887147252035,Normal
TRP19354,1,0.09412611054264686,Normal
TRP19355,1,0.07461053825292374,Normal
TRP19356,1,0.14834586381254222,Normal
TRP19357,1,0.16486171619580292,Normal
TRP19358,1,0.17372356590391025,Normal
TRP19359,1,0.11758087335842121,Normal
TRP19360,1,0.05620554617025186,Normal
TRP19361,1,0.09408261610401591,Normal
TRP19362,1,0.08843766147585502,Normal
TRP19363,1,0.15276819810981018,Normal
TRP19364,1,0.17615931367721782,Normal
TRP19365,1,0.1478425644065101,Normal
TRP19366,1,0.0789481137437752,Normal
TRP19367,1,0.1757056645031828,Normal
TRP19368,1,0.06969098897019854,Normal
TRP19369,1,0.00184720211773437,Normal
TRP19370,1,0.18571946017777202,Normal
TRP19371,1,0.11436042945937397,Normal
TRP19372,1,0.17833025316786566,Normal
TRP19373,1,0.09854599419249327,Normal
TRP19374,1,0.0511402943019168,Normal
TRP19375,1,0.1504440870498731,Normal
TRP19376,1,0.18438911845185885,Normal
TRP19377,1,0.1362351711121137,Normal
TRP19378,1,0.08348240501171772,Normal
TRP19379,1,0.04165728095093524,Normal
TRP19380,1,0.02033932698080454,Normal
TRP19381,1,0.1500224544986959,Normal
TRP19382,1,0.1104836660280647,Normal
TRP19383,1,0.14399061641182354,Normal
TRP19384,1,0.025426702610340857,Normal
TRP19385,1,0.028137043358316904,Normal
TRP19386,1,0.14046584445293803,Normal
TRP19387,1,0.1450194578632154,Normal
TRP19388,1,0.11856323043000566,Normal
TRP19389,1,0.14911667373858423,Normal
TRP19390,1,0.1752653961123934,Normal
TRP19391,1,0.021510838196843296,Normal
TRP19392,1,0.16549830200872817,Normal
TRP19393,1,0.16590077142347842,Normal
TRP19394,1,0.05123484742811624,Normal
TRP19395,1,0.15438838182986914,Normal
TRP19396,1,0.15129295075957888,Normal
TRP19397,1,0.1529214710522333,Normal
TRP19398,1,0.10149258018262386,Normal
TRP19399,1,0.16982142273437018,Normal
TRP19400,1,0.09996718717078368,Normal
TRP19401,1,0.14362583722955835,Normal
TRP19402,1,0.14276302983277384,Normal
TRP19403,1,0.0725532239652803,Normal
TRP19404,1,0.14796511229799925,Normal
TRP19405,1,0.09730909991256415,Normal
TRP19406,1,0.07495778769718087,Normal
TRP19407,1,0.10399683422625428,Normal
TRP19408,1,0.1007005195166022,Normal
TRP19409,1,0.09397259188838863,Normal
TRP19410,1,0.05245593756051947,Normal
TRP19411,1,0.1327500000565634,Normal
TRP19412,1,0.12789394202546361,Normal
TRP19413,1,0.17372535562369018,Normal
TRP19414,1,0.14675703138152235,Normal
TRP19415,1,0.1556410629417453,Normal
TRP19416,1,0.16795801399460736,Normal
TRP19417,1,0.017676982443670552,Normal
TRP19418,1,0.09600942387039485,Normal
TRP19419,1,0.10007183077994297,Normal
TRP19420,1,0.09826254956696517,Normal
TRP19421,1,0.10888636344353847,Normal
TRP19422,1,0.00538755513701028,Normal
TRP19423,1,0.15298198412008873,Normal
TRP19424,1,0.10089848619681463,Normal
TRP19425,1,0.17640401248099263,Normal
TRP19426,1,0.08199957936453461,Normal
TRP19427,1,0.17549173790794625,Normal
TRP19428,1,0.15623607678211093,Normal
TRP19429,1,0.0386987754209871,Normal
TRP19430,1,0.10280665267881778,Normal
TRP19431,1,0.1547250484886255,Normal
TRP19432,1,0.1808748890866938,Normal
TRP19433,1,0.0014389985886897882,Normal
TRP19434,1,0.17588030593446935,Normal
TRP19435,1,0.05311033307695889,Normal
TRP19436,1,0.10324946867207496,Normal
TRP19437,1,0.09940806604499391,Normal
TRP19438,1,0.14954213167646863,Normal
TRP19439,1,0.0756925652882709,Normal
TRP19440,1,0.16807772166856205,Normal
TRP19441,1,0.05123484742811624,Normal
TRP19442,1,0.09895783741385611,Normal
TRP19443,1,0.15504925771242528,Normal
TRP19444,1,0.1028318316864068,Normal
TRP19445,1,0.08010179860174826,Normal
TRP19446,1,0.16232971829774284,Normal
TRP19447,1,0.11146236603042947,Normal
TRP19448,1,0.08874811441699237,Normal
TRP19449,-1,-0.008564609702466974,Anomaly
TRP19450,1,0.11463550523099447,Normal
TRP19451,1,0.14402982748769605,Normal
TRP19452,1,0.18384355551697606,Normal
TRP19453,1,0.0632572657022058,Normal
TRP19454,1,0.05044996630145604,Normal
TRP19455,1,0.16507337191294724,Normal
TRP19456,1,0.09968392695437939,Normal
TRP19457,1,0.10150791016471278,Normal
TRP19458,1,0.028137043358316904,Normal
TRP19459,1,0.13207603407312385,Normal
TRP19460,1,0.09106277000474339,Normal
TRP19461,1,0.14482407517165652,Normal
TRP19462,1,0.15084465550177212,Normal
TRP19463,1,0.1481558014060662,Normal
TRP19464,1,0.16162618796749395,Normal
TRP19465,1,0.16309057198573595,Normal
TRP19466,-1,-0.06796161744228302,Anomaly
TRP19467,1,0.027264683565324188,Normal
TRP19468,-1,-0.05147130254430299,Anomaly
TRP19469,1,0.0667966910006289,Normal
TRP19470,1,0.1846560776129756,Normal
TRP19471,1,0.14606146773132644,Normal
TRP19472,1,0.09726864297838927,Normal
TRP19473,1,0.14315760856683407,Normal
TRP19474,1,0.08188200128384587,Normal
TRP19475,1,0.177452544844168,Normal
TRP19476,1,0.1554975280280858,Normal
TRP19477,1,0.019695787354239824,Normal
TRP19478,1,0.1542940603292936,Normal
TRP19479,1,0.16865004537024758,Normal
TRP19480,1,0.018296728101423687,Normal
TRP19481,1,0.1661863344376172,Normal
TRP19482,1,0.10919949133438794,Normal
TRP19483,1,0.16156821166239516,Normal
TRP19484,-1,-0.0498002325127358,Anomaly
TRP19485,1,0.16070052104735016,Normal
TRP19486,1,0.17120051435159472,Normal
TRP19487,1,0.15109917226820946,Normal
TRP19488,1,0.06314241350971928,Normal
TRP19489,1,0.13853397924026029,Normal
TRP19490,1,0.04071309130633749,Normal
TRP19491,1,0.12136059766197399,Normal
TRP19492,1,0.15524196167314258,Normal
TRP19493,1,0.13266289228231148,Normal
TRP19494,1,0.14932997616328142,Normal
TRP19495,1,0.1631000884042707,Normal
TRP19496,1,0.08855387086594135,Normal
TRP19497,1,0.07337070120415312,Normal
TRP19498,1,0.051321353305291195,Normal
TRP19499,-1,-0.03307571730726111,Anomaly
TRP19500,1,0.14277937402007612,Normal
TRP19501,1,0.058747607234512556,Normal
TRP19502,1,0.057555404888442574,Normal
TRP19503,1,0.12762549958647712,Normal
TRP19504,1,0.16594739319451002,Normal
TRP19505,1,0.1559465723556801,Normal
TRP19506,1,0.08681394331296677,Normal
TRP19507,1,0.16225666330080696,Normal
TRP19508,1,0.10379079399880575,Normal
TRP19509,1,0.030218604694244533,Normal
TRP19510,1,0.1500570815537,Normal
TRP19511,1,0.060264357022732695,Normal
TRP19512,1,0.11385752891318035,Normal
TRP19513,1,0.08952479591548634,Normal
TRP19514,1,0.1618869864213624,Normal
TRP19515,1,0.16929215499266376,Normal
TRP19516,1,0.07056112790343005,Normal
TRP19517,1,0.15148681769517747,Normal
TRP19518,1,0.050267168217606906,Normal
TRP19519,1,0.1369631889236172,Normal
TRP19520,1,0.01837874856310351,Normal
TRP19521,1,0.12212875624396657,Normal
TRP19522,1,0.09712449026328862,Normal
TRP19523,1,0.09621845134637746,Normal
TRP19524,1,0.07493783924070041,Normal
TRP19525,1,0.089085255162136,Normal
TRP19526,1,0.1270034106241687,Normal
TRP19527,1,0.18306672844243016,Normal
TRP19528,1,0.1725566022748533,Normal
TRP19529,1,0.08651948243436292,Normal
TRP19530,1,0.012928324444535066,Normal
TRP19531,1,0.1598828060358743,Normal
TRP19532,1,0.18063035314885062,Normal
TRP19533,1,0.1646194211163276,Normal
TRP19534,1,0.10043144752957955,Normal
TRP19535,1,0.11988609474363371,Normal
TRP19536,1,0.050580691686462065,Normal
TRP19537,-1,-0.003435845701655671,Anomaly
TRP19538,1,0.15879266943171244,Normal
TRP19539,1,0.08263790775461699,Normal
TRP19540,1,0.05123484742811624,Normal
TRP19541,1,0.06862482372755652,Normal
TRP19542,1,0.11827370710257162,Normal
TRP19543,1,0.024533205724493024,Normal
TRP19544,1,0.04208898427619334,Normal
TRP19545,-1,-0.02535920061475594,Anomaly
TRP19546,1,0.01549304727881673,Normal
TRP19547,1,0.15980812911435238,Normal
TRP19548,1,0.049385697352980484,Normal
TRP19549,1,0.09112089329364392,Normal
TRP19550,1,0.13456042633526472,Normal
TRP19551,1,0.044737123740430595,Normal
TRP19552,1,0.14587036234087858,Normal
TRP19553,1,0.03498081262948727,Normal
TRP19554,1,0.1380186711428919,Normal
TRP19555,1,0.1475935608865246,Normal
TRP19556,1,0.06308537215255938,Normal
TRP19557,1,0.15193683410001224,Normal
TRP19558,1,0.06561377125709122,Normal
TRP19559,1,0.06100838629184646,Normal
TRP19560,1,0.004700319615541848,Normal
TRP19561,1,0.11185129739068522,Normal
TRP19562,1,0.15271264203428453,Normal
TRP19563,1,0.1521272748952613,Normal
TRP19564,1,0.14371517364993597,Normal
TRP19565,-1,-0.014672708812406232,Anomaly
TRP19566,1,0.13125517645446816,Normal
TRP19567,1,0.13278753928081027,Normal
TRP19568,1,0.05898024010365832,Normal
TRP19569,1,0.05123484742811624,Normal
TRP19570,1,0.12900463529125888,Normal
TRP19571,1,0.07484639317016284,Normal
TRP19572,1,0.08221743161272516,Normal
TRP19573,1,0.12449621338333194,Normal
TRP19574,1,0.17695034093969958,Normal
TRP19575,1,0.09875802368340736,Normal
TRP19576,1,0.12278448600482905,Normal
TRP19577,1,0.08085029748939693,Normal
TRP19578,1,0.12117336455286098,Normal
TRP19579,1,0.05123484742811624,Normal
TRP19580,1,0.10693998987333492,Normal
TRP19581,1,0.02856033190218965,Normal
TRP19582,1,0.16306616543658098,Normal
TRP19583,1,0.08270655336958388,Normal
TRP19584,1,0.1828092524295537,Normal
TRP19585,1,0.03192918510562215,Normal
TRP19586,1,0.07493783924070041,Normal
TRP19587,1,0.17336172308312398,Normal
TRP19588,1,0.05468111504743067,Normal
TRP19589,1,0.05123484742811624,Normal
TRP19590,1,0.16541381351831125,Normal
TRP19591,1,0.10541232442683807,Normal
TRP19592,1,0.13710071846522337,Normal
TRP19593,1,0.10761663065127619,Normal
TRP19594,1,0.0767898677584567,Normal
TRP19595,1,0.1669796251828321,Normal
TRP19596,1,0.15451401879890497,Normal
TRP19597,1,0.05035607477301263,Normal
TRP19598,1,0.14960595607425642,Normal
TRP19599,1,0.18231358325419533,Normal
TRP19600,1,0.0980071190852258,Normal
TRP19601,1,0.17090868109333357,Normal
TRP19602,1,0.0980071190852258,Normal
TRP19603,1,0.0943486113242783,Normal
TRP19604,1,0.05768824787493532,Normal
TRP19605,1,0.050718685449557155,Normal
TRP19606,1,0.17371148797147629,Normal
TRP19607,1,0.0031815849128024043,Normal
TRP19608,1,0.15021233675498558,Normal
TRP19609,1,0.12648738515404023,Normal
TRP19610,1,0.09609147925932465,Normal
TRP19611,1,0.07421986139633019,Normal
TRP19612,1,0.06958156500226709,Normal
TRP19613,1,0.12352432869531027,Normal
TRP19614,1,0.10032602722784778,Normal
TRP19615,1,0.12146299277749428,Normal
TRP19616,-1,-0.005313285579420346,Anomaly
TRP19617,1,0.16421453636811312,Normal
TRP19618,1,0.11888392976668744,Normal
TRP19619,1,0.0699231545783543,Normal
TRP19620,1,0.023770245466290585,Normal
TRP19621,1,0.0709707367763367,Normal
TRP19622,1,0.11799166654186155,Normal
TRP19623,1,0.18014354435213265,Normal
TRP19624,1,0.024890296131006573,Normal
TRP19625,-1,-0.11047344333867737,Anomaly
TRP19626,1,0.07651489879858447,Normal
TRP19627,1,0.028335184263525992,Normal
TRP19628,1,0.16148811101475458,Normal
TRP19629,1,0.1010664688810855,Normal
TRP19630,1,0.1735617674999818,Normal
TRP19631,1,0.1547670147459136,Normal
TRP19632,1,0.09090260416869245,Normal
TRP19633,1,0.10089848619681463,Normal
TRP19634,1,0.10268927691547147,Normal
TRP19635,1,0.038219478490799874,Normal
TRP19636,1,0.16397656195595545,Normal
TRP19637,1,0.11966121157610227,Normal
TRP19638,1,0.16797333985090573,Normal
TRP19639,1,0.14488970307990018,Normal
TRP19640,1,0.17387920207781027,Normal
TRP19641,1,0.12729960462930928,Normal
TRP19642,1,0.17465596285631402,Normal
TRP19643,1,0.02254915883912867,Normal
TRP19644,1,0.09023233534089226,Normal
TRP19645,1,0.16780145817131709,Normal
TRP19646,1,0.061650358357127066,Normal
TRP19647,1,0.16266238527735016,Normal
TRP19648,1,0.17917761689663697,Normal
TRP19649,1,0.156406415948057,Normal
TRP19650,1,0.12173076796884086,Normal
TRP19651,1,0.12525360692395449,Normal
TRP19652,1,0.18043628862391542,Normal
TRP19653,1,0.12047702860185533,Normal
TRP19654,1,0.1097706444811945,Normal
TRP19655,1,0.12841603813205738,Normal
TRP19656,1,0.15538053978944238,Normal
TRP19657,1,0.15477744487912354,Normal
TRP19658,1,0.17253463050574536,Normal
TRP19659,1,0.09196387133338813,Normal
TRP19660,1,0.14960491369232337,Normal
TRP19661,1,0.10429914520196465,Normal
TRP19662,1,0.01939486816792113,Normal
TRP19663,-1,-0.0021061824371685356,Anomaly
TRP19664,1,0.14980120192594792,Normal
TRP19665,1,0.13407393594380607,Normal
TRP19666,1,0.10089848619681463,Normal
TRP19667,1,0.09038483038045969,Normal
TRP19668,1,0.17015609140987825,Normal
TRP19669,1,0.16505366300679136,Normal
TRP19670,1,0.13977896453180022,Normal
TRP19671,1,0.0456523113051549,Normal
TRP19672,1,0.15148821648994665,Normal
TRP19673,1,0.011800584415387894,Normal
TRP19674,1,0.09644767830862538,Normal
TRP19675,1,0.15833900480131374,Normal
TRP19676,-1,-0.03122429107175262,Anomaly
TRP19677,1,0.16233675947179277,Normal
TRP19678,1,0.06030447891141666,Normal
TRP19679,1,0.07623161391813649,Normal
TRP19680,1,0.017019027426164568,Normal
TRP19681,1,0.16263037778171469,Normal
TRP19682,1,0.18503876940786662,Normal
TRP19683,1,0.17542102133446608,Normal
TRP19684,1,0.12097889625416447,Normal
TRP19685,1,0.14102407900479336,Normal
TRP19686,1,0.08763492861670524,Normal
TRP19687,1,0.17723739712727477,Normal
TRP19688,1,0.09996718717078368,Normal
TRP19689,-1,-0.012958642176064239,Anomaly
TRP19690,1,0.09397259188838863,Normal
TRP19691,1,0.10214387038892897,Normal
TRP19692,1,0.08872096017544168,Normal
TRP19693,1,0.0545462050454848,Normal
TRP19694,1,0.12440661423187299,Normal
TRP19695,1,0.124293522837017,Normal
TRP19696,1,0.13069905008463556,Normal
TRP19697,1,0.06092093013788469,Normal
TRP19698,1,0.12093088957277531,Normal
TRP19699,1,0.11076583245389704,Normal
TRP19700,1,0.1737574485621916,Normal
TRP19701,1,0.1648811068952361,Normal
TRP19702,1,0.09011087234853804,Normal
TRP19703,1,0.1173227636615633,Normal
TRP19704,1,0.06834210606025748,Normal
TRP19705,-1,-0.06412898893694274,Anomaly
TRP19706,1,0.17285885299154052,Normal
TRP19707,-1,-0.02257901414481378,Anomaly
TRP19708,1,0.052611967828537165,Normal
TRP19709,1,0.1579218208931274,Normal
TRP19710,1,0.1641981111392476,Normal
TRP19711,1,0.14036026331932094,Normal
TRP19712,1,0.17147925500571265,Normal
TRP19713,1,0.09452873016582958,Normal
TRP19714,1,0.14755099671755123,Normal
TRP19715,1,0.15777437844119446,Normal
TRP19716,1,0.1230960631081055,Normal
TRP19717,1,0.09771869365525576,Normal
TRP19718,1,0.09829029375918119,Normal
TRP19719,1,0.008240362691436243,Normal
TRP19720,1,0.18277247778990574,Normal
TRP19721,1,0.11549602875319875,Normal
TRP19722,1,0.16099679763785263,Normal
TRP19723,1,0.10032602722784778,Normal
TRP19724,1,0.08666199400600422,Normal
TRP19725,1,0.09011087234853804,Normal
TRP19726,1,0.037094629739289675,Normal
TRP19727,1,0.09888731912189275,Normal
TRP19728,1,0.17878737354415686,Normal
TRP19729,1,0.007389551437855246,Normal
TRP19730,1,0.09652946072833263,Normal
TRP19731,1,0.06403522269760187,Normal
TRP19732,1,0.1625544200965906,Normal
TRP19733,1,0.07712374525272131,Normal
TRP19734,1,0.17630511815440586,Normal
TRP19735,1,0.141044884382013,Normal
TRP19736,1,0.1707135455136352,Normal
TRP19737,1,0.045685176334309574,Normal
TRP19738,1,0.1479502961796953,Normal
TRP19739,1,0.16620337040098365,Normal
TRP19740,1,0.16917799578973847,Normal
TRP19741,1,0.17746371180378367,Normal
TRP19742,1,0.15831978503014232,Normal
TRP19743,1,0.11629132463365083,Normal
TRP19744,1,0.06848208421182045,Normal
TRP19745,1,0.14801691787815946,Normal
TRP19746,1,0.08390626949419755,Normal
TRP19747,1,0.16642611364790783,Normal
TRP19748,-1,-0.03234303273972994,Anomaly
TRP19749,1,0.13216321233162404,Normal
TRP19750,1,0.10279736788569793,Normal
TRP19751,1,0.1559868070211461,Normal
TRP19752,1,0.07412420124228114,Normal
TRP19753,1,0.08455103313857987,Normal
TRP19754,1,0.13409962276277682,Normal
TRP19755,1,0.08145632199275482,Normal
TRP19756,1,0.0494576373404817,Normal
TRP19757,1,0.072760683317308,Normal
TRP19758,1,0.030466024494906985,Normal
TRP19759,1,0.10172447392922845,Normal
TRP19760,1,0.08615652092086479,Normal
TRP19761,1,0.1638209051114864,Normal
TRP19762,1,0.10726970525094565,Normal
TRP19763,1,0.07424551368861587,Normal
TRP19764,1,0.09564291126342012,Normal
TRP19765,1,0.12719889705685505,Normal
TRP19766,1,0.1811626318882683,Normal
TRP19767,1,0.1463265946321995,Normal
TRP19768,1,0.07577695278157592,Normal
TRP19769,1,0.08369412988828168,Normal
TRP19770,1,0.06329710437004521,Normal
TRP19771,1,0.1260814276140853,Normal
TRP19772,1,0.07169739734794234,Normal
TRP19773,1,0.01347602167907369,Normal
TRP19774,1,0.14272900998354965,Normal
TRP19775,1,0.121230521985984,Normal
TRP19776,1,0.04651798016285269,Normal
TRP19777,1,0.14775704441646675,Normal
TRP19778,-1,-0.06719934636158176,Anomaly
TRP19779,1,0.1628537593351881,Normal
TRP19780,1,0.1799305670415995,Normal
TRP19781,1,0.12413678407900725,Normal
TRP19782,1,0.136313597599233,Normal
TRP19783,1,0.056389677536929694,Normal
TRP19784,1,0.11718776538916048,Normal
TRP19785,-1,-0.014989078971488934,Anomaly
TRP19786,1,0.17910149039817413,Normal
TRP19787,1,0.09581039936559499,Normal
TRP19788,1,0.175036967190152,Normal
TRP19789,1,0.09574869781612927,Normal
TRP19790,1,0.06153847578428262,Normal
TRP19791,1,0.13413639183468173,Normal
TRP19792,-1,-0.021438516389924334,Anomaly
TRP19793,1,0.08825450660868861,Normal
TRP19794,1,0.10336946699467131,Normal
TRP19795,1,0.16538397590490123,Normal
TRP19796,1,0.08572890897958202,Normal
TRP19797,1,0.1381619372689189,Normal
TRP19798,1,0.09858050016067998,Normal
TRP19799,1,0.1078984787687094,Normal
TRP19800,1,0.010476622876545494,Normal
TRP19801,1,0.14015985837819966,Normal
TRP19802,1,0.05011673605040767,Normal
TRP19803,1,0.18277091125785522,Normal
TRP19804,1,0.09738291151004258,Normal
TRP19805,1,0.10214387038892897,Normal
TRP19806,1,0.06765717257944914,Normal
TRP19807,-1,-0.006546949791054857,Anomaly
TRP19808,1,0.14327107058242827,Normal
TRP19809,1,0.08371753393441894,Normal
TRP19810,1,0.046640589109191555,Normal
TRP19811,1,0.18190687157128188,Normal
TRP19812,1,0.057555765321907204,Normal
TRP19813,1,0.09385833900611734,Normal
TRP19814,1,0.10985993925852633,Normal
TRP19815,1,0.14077994761838608,Normal
TRP19816,1,0.12733136717117877,Normal
TRP19817,1,0.09141352685200899,Normal
TRP19818,1,0.060209940644212256,Normal
TRP19819,1,0.17014740477446916,Normal
TRP19820,1,0.021612211699035044,Normal
TRP19821,1,2.8661010732178305e-05,Normal
TRP19822,1,0.05123484742811624,Normal
TRP19823,1,0.1065431953612117,Normal
TRP19824,1,0.03931137778567839,Normal
TRP19825,-1,-0.014351184365619551,Anomaly
TRP19826,1,0.1694222676142359,Normal
TRP19827,-1,-0.06121194208431291,Anomaly
TRP19828,1,0.14205482430683414,Normal
TRP19829,1,0.10262794963017358,Normal
TRP19830,1,0.15631772570911717,Normal
TRP19831,1,0.11784482036203697,Normal
TRP19832,1,0.16680099363732898,Normal
TRP19833,1,0.11976044196650315,Normal
TRP19834,1,0.13482837358953342,Normal
TRP19835,1,0.01420640201142298,Normal
TRP19836,1,0.12240989176294004,Normal
TRP19837,1,0.1112008430762364,Normal
TRP19838,1,0.12607878883337476,Normal
TRP19839,1,0.12371155173977305,Normal
TRP19840,1,0.11805315710949915,Normal
TRP19841,1,0.06960488284479982,Normal
TRP19842,1,0.089085255162136,Normal
TRP19843,1,0.06279432658244954,Normal
TRP19844,1,0.1824899369288483,Normal
TRP19845,1,0.05661108556891126,Normal
TRP19846,1,0.1449471061841494,Normal
TRP19847,1,0.12774741646859145,Normal
TRP19848,1,0.11029753101947126,Normal
TRP19849,1,0.10756690125833734,Normal
TRP19850,1,0.07875283312612902,Normal
TRP19851,1,0.09930496139614547,Normal
TRP19852,1,0.16173387184323895,Normal
TRP19853,1,0.04377725851301173,Normal
TRP19854,1,0.17465580646809897,Normal
TRP19855,1,0.07444232327291522,Normal
TRP19856,1,0.13223075849880955,Normal
TRP19857,1,0.030218604694244533,Normal
TRP19858,1,0.07421986139633019,Normal
TRP19859,1,0.14597779887668888,Normal
TRP19860,1,0.15628589239122181,Normal
TRP19861,1,0.06741733775236625,Normal
TRP19862,1,0.1562496444683702,Normal
TRP19863,1,0.17287008567569517,Normal
TRP19864,1,0.14741449327424289,Normal
TRP19865,1,0.11456291298113591,Normal
TRP19866,1,0.1513099269993603,Normal
TRP19867,1,0.16491875953062002,Normal
TRP19868,-1,-0.013735869251474853,Anomaly
TRP19869,1,0.09084894064311927,Normal
TRP19870,1,0.06229756716589674,Normal
TRP19871,1,0.08664285339817829,Normal
TRP19872,-1,-0.028661443009294185,Anomaly
TRP19873,1,0.13090447416275214,Normal
TRP19874,1,0.16652813312451598,Normal
TRP19875,1,0.17258130176686087,Normal
TRP19876,1,0.13186535475583544,Normal
TRP19877,1,0.1548394928702242,Normal
TRP19878,1,0.06137537927542602,Normal
TRP19879,1,0.15872465383735146,Normal
TRP19880,1,0.08278546742734216,Normal
TRP19881,1,0.06086568830014272,Normal
TRP19882,1,0.11880793001174378,Normal
TRP19883,1,0.05383877683548033,Normal
TRP19884,1,0.1670863281129693,Normal
TRP19885,1,0.026734896163019606,Normal
TRP19886,1,0.17965686924319063,Normal
TRP19887,1,0.18624391973026966,Normal
TRP19888,1,0.1294851706837033,Normal
TRP19889,1,0.08609018027808574,Normal
TRP19890,1,0.13614715176555586,Normal
TRP19891,1,0.16041412375371233,Normal
TRP19892,1,0.10256847620799187,Normal
TRP19893,1,0.026769213609630138,Normal
TRP19894,1,0.1602516337617123,Normal
TRP19895,1,0.06686255637491878,Normal
TRP19896,1,0.10262794963017358,Normal
TRP19897,1,0.0933916504100819,Normal
TRP19898,1,0.12348971320833191,Normal
TRP19899,1,0.057086092151499956,Normal
TRP19900,1,0.15062637410405577,Normal
TRP19901,-1,-0.0014962788459977894,Anomaly
TRP19902,1,0.12646557776200873,Normal
TRP19903,1,0.1636690607138831,Normal
TRP19904,1,0.040136417937766344,Normal
TRP19905,1,0.16986829947900178,Normal
TRP19906,1,0.130184014773651,Normal
TRP19907,1,0.05134375118247314,Normal
TRP19908,1,0.0058008080139948515,Normal
TRP19909,-1,-0.025323555258332187,Anomaly
TRP19910,1,0.07500418127259323,Normal
TRP19911,1,0.17356104986166326,Normal
TRP19912,1,0.1778579396885986,Normal
TRP19913,1,0.10183240387890691,Normal
TRP19914,1,0.03147734466917318,Normal
TRP19915,1,0.10009620786702189,Normal
TRP19916,1,0.1591822471942424,Normal
TRP19917,1,0.049510729693239997,Normal
TRP19918,1,0.09125665715958076,Normal
TRP19919,1,0.14005482439112937,Normal
TRP19920,1,0.018213017894088912,Normal
TRP19921,1,0.1693973197334146,Normal
TRP19922,1,0.024324681033501827,Normal
TRP19923,1,0.17433880948646052,Normal
TRP19924,1,0.07371225769296752,Normal
TRP19925,1,0.1508229509547342,Normal
TRP19926,1,0.03042458431169104,Normal
TRP19927,1,0.008539198032943673,Normal
TRP19928,1,0.08417097254039785,Normal
TRP19929,1,0.0826981948300482,Normal
TRP19930,1,0.1342347724115331,Normal
TRP19931,1,0.11794321889028941,Normal
TRP19932,1,0.0560388604469928,Normal
TRP19933,-1,-0.0528505672350722,Anomaly
TRP19934,1,0.1174450878348452,Normal
TRP19935,1,0.08480343171752386,Normal
TRP19936,1,0.14501521859482247,Normal
TRP19937,-1,-0.005834497467565591,Anomaly
TRP19938,1,0.07764324434848341,Normal
TRP19939,-1,-0.012566677514150748,Anomaly
TRP19940,1,0.11789801190071209,Normal
TRP19941,1,0.18223214683142258,Normal
TRP19942,1,0.168470661954699,Normal
TRP19943,1,0.09293524668095127,Normal
TRP19944,1,0.17846636656790754,Normal
TRP19945,1,0.1547060158737089,Normal
TRP19946,1,0.14680070405652712,Normal
TRP19947,1,0.11463568682172942,Normal
TRP19948,1,0.16132452643395184,Normal
TRP19949,1,0.05976471546159656,Normal
TRP19950,1,0.06958156500226709,Normal
TRP19951,1,0.037937150825956945,Normal
TRP19952,1,0.1752207462379371,Normal
TRP19953,1,0.17337304608876802,Normal
TRP19954,-1,-0.025483403055267417,Anomaly
TRP19955,1,0.098848405044548,Normal
TRP19956,1,0.17140384073792986,Normal
TRP19957,1,0.13552956080584355,Normal
TRP19958,1,0.15321656130107336,Normal
TRP19959,1,0.0545462050454848,Normal
TRP19960,1,0.15530447233708483,Normal
TRP19961,1,0.15744718181851747,Normal
TRP19962,-1,-0.031037100392772188,Anomaly
TRP19963,1,0.16304596600438603,Normal
TRP19964,1,0.17986432943075548,Normal
TRP19965,1,0.08390720204951907,Normal
TRP19966,1,0.17740827690448224,Normal
TRP19967,1,0.03751054226747075,Normal
TRP19968,1,0.12762832960264292,Normal
TRP19969,1,0.16786843426769033,Normal
TRP19970,-1,-0.02703016210605147,Anomaly
TRP19971,-1,-0.015762790965466178,Anomaly
TRP19972,1,0.16735517794322335,Normal
TRP19973,-1,-0.03671219325596675,Anomaly
TRP19974,1,0.17909184730372724,Normal
TRP19975,1,0.10431716055697615,Normal
TRP19976,1,0.1631608257647394,Normal
TRP19977,1,0.10971490397725997,Normal
TRP19978,1,0.015898766911165763,Normal
TRP19979,1,0.18094518011029964,Normal
TRP19980,1,0.16435839534123625,Normal
TRP19981,1,0.16145564611343938,Normal
TRP19982,1,0.13331861222402824,Normal
TRP19983,1,0.13955562099154,Normal
TRP19984,1,0.1671072484964206,Normal
TRP19985,1,0.09727393662245354,Normal
TRP19986,1,0.16624946286735393,Normal
TRP19987,1,0.1857162253472951,Normal
TRP19988,1,0.09132644882160312,Normal
TRP19989,1,0.09689578538153115,Normal
TRP19990,1,0.17538898759500027,Normal
TRP19991,1,0.14092716795000115,Normal
TRP19992,1,0.15664097719609327,Normal
TRP19993,1,0.1854395294694579,Normal
TRP19994,1,0.1773634998353663,Normal
TRP19995,1,0.149829004748059,Normal
TRP19996,1,0.048751285480800655,Normal
TRP19997,1,0.12575511026775554,Normal
TRP19998,1,0.07182203790063346,Normal
TRP19999,1,0.15995251458245846,Normal
TRP20000,1,0.15048447585604063,Normal
